token,neighbor,cosine
5,of,0.9720596557382598
5,n,0.9679538185399224
5,2004,0.9672825228339661
5,in,0.9650124859452898
5,and,0.963058366153074
5,on,0.9623298123299513
5,y,0.9613395177418054
5,4,0.9605601439749116
5,the,0.9578542736144526
5,may,0.9572422712896245
of,the,0.9885180661565273
of,and,0.9851417088334373
of,in,0.9845784197676793
of,n,0.9796202599260448
of,e,0.9763457694237324
of,a,0.9763136725776607
of,y,0.9760678963743162
of,f,0.9751769672600927
of,l,0.9749151205832625
of,he,0.9727052554838664
in,n,0.9873774301319278
in,of,0.9845784197676793
in,and,0.9830317515366036
in,the,0.9811353141893545
in,e,0.9809331640141419
in,for,0.9808064311753506
in,on,0.9806743093491159
in,a,0.9798630377898316
in,l,0.9783858199602662
in,g,0.9776891854030498
2004,may,0.9879856972107226
2004,software,0.9774714381677869
2004,on,0.9753524882356647
2004,572,0.9750389183478458
2004,563,0.97498150320424
2004,engineering,0.9734145466490571
2004,international,0.9677725443696867
2004,5,0.9672825228339661
2004,conference,0.966516896974408
2004,pages,0.9626701760683761
on,software,0.9870741267284263
on,international,0.9814816787255775
on,in,0.9806743093491159
on,conference,0.9801645072448764
on,n,0.9791418339111977
on,may,0.9772639135537061
on,2004,0.9753524882356647
on,engineering,0.9744638868036235
on,proceedings,0.9742469641038246
on,l,0.9707425090543564
and,a,0.9910489730960916
and,of,0.9851417088334373
and,in,0.9830317515366036
and,for,0.9814819477282376
and,n,0.9801430006494618
and,the,0.977877703840486
and,y,0.9777692848544117
and,e,0.9773851109084162
and,l,0.9760661448948815
and,g,0.9750002077622522
software,on,0.9870741267284263
software,engineering,0.9855993053366284
software,international,0.9788231307267025
software,2004,0.9774714381677869
software,may,0.9763501164237596
software,conference,0.9733403582851143
software,in,0.9723033891277231
software,n,0.9705523190977488
software,proceedings,0.9702915005381589
software,t,0.9693164728171614
the,of,0.9885180661565273
the,he,0.9831210153381341
the,in,0.9811353141893545
the,and,0.977877703840486
the,e,0.9769934921964654
the,is,0.9739624031324272
the,for,0.9735697306187261
the,a,0.9733423016412617
the,y,0.9718182854495316
the,f,0.9713815135655393
a,and,0.9910489730960916
a,in,0.9798630377898316
a,e,0.9792982636993577
a,l,0.9789605958922771
a,g,0.9773310422094275
a,of,0.9763136725776607
a,n,0.975999345761601
a,o,0.9753111574656601
a,to,0.9751586227361465
a,for,0.9747587222832507
4,3,0.9730063663329349
4,1,0.9706344444122434
4,10,0.9672197981721278
4,2,0.9668637123590759
4,7,0.9609904194068537
4,5,0.9605601439749116
4,6,0.9584075488191404
4,d,0.9490068147133073
4,y,0.946588492339245
4,of,0.9436288233319148
engineering,software,0.9855993053366284
engineering,conference,0.9799230726737678
engineering,pages,0.9753815355957149
engineering,on,0.9744638868036235
engineering,2004,0.9734145466490571
engineering,563,0.9707461924167576
engineering,572,0.969184785327908
engineering,proceedings,0.9668548580975455
engineering,conf,0.9655952711878214
engineering,press,0.9649414272701243
1,2,0.989798879465513
1,3,0.9891397739320513
1,6,0.9873291731571274
1,10,0.9807787325916157
1,4,0.9706344444122434
1,34,0.9440533386846142
1,with,0.9435589938915327
1,7,0.9432780258608542
1,0,0.9426368076747268
1,33,0.9395144392849043
for,is,0.9825299809316719
for,and,0.9814819477282376
for,in,0.9808064311753506
for,a,0.9747587222832507
for,the,0.9735697306187261
for,n,0.9729818638851058
for,e,0.9720490209511464
for,y,0.9693069126700105
for,g,0.9676897194870285
for,one,0.966702510151753
may,2004,0.9879856972107226
may,international,0.9779251571245478
may,on,0.9772639135537061
may,software,0.9763501164237596
may,563,0.9745559550118397
may,572,0.9743329748812832
may,engineering,0.9622598706669663
may,proceedings,0.9590082319242201
may,n,0.9586478495731485
may,conference,0.9579552042076057
to,s,0.9809761098604022
to,al,0.9779248736410004
to,changes,0.9758456749953668
to,a,0.9751586227361465
to,g,0.9749982739132523
to,history,0.9747052871301842
to,are,0.9745561979396906
to,from,0.9738905188410629
to,tion,0.9738431380015796
to,using,0.9737068606528092
3,1,0.9891397739320513
3,2,0.9875093176813736
3,6,0.9805156570212766
3,10,0.9744263993102521
3,4,0.9730063663329349
3,0,0.9532511248204172
3,30,0.9528196098749726
3,7,0.9517972933940231
3,20,0.9435458601875132
3,8,0.9378983473647062
10,1,0.9807787325916157
10,3,0.9744263993102521
10,6,0.9743820199508466
10,4,0.9672197981721278
10,2,0.9652050864584034
10,7,0.9436551222527975
10,5,0.927652488298002
10,0,0.9267500200420711
10,d,0.9255167589211599
10,with,0.9247053832301482
2,1,0.989798879465513
2,3,0.9875093176813736
2,6,0.9821254723100945
2,4,0.9668637123590759
2,10,0.9652050864584034
2,30,0.9548463570746443
2,with,0.9528904395467281
2,20,0.9506188962021209
2,0,0.9501957887403882
2,34,0.9410728585934409
is,for,0.9825299809316719
is,which,0.977920631249774
is,one,0.9765298824281149
is,a,0.9744507995527469
is,the,0.9739624031324272
is,and,0.9738777553382827
is,this,0.969998226842105
is,e,0.9651896246528116
is,in,0.9628347207614791
is,nd,0.9623801527236046
with,of,0.953254096370036
with,and,0.9529290943666404
with,2,0.9528904395467281
with,e,0.9527062380187863
with,g,0.9474045980321675
with,s,0.9471313151456289
with,the,0.9469081934610395
with,ing,0.9466110613831953
with,i,0.946401628130564
with,y,0.9453617153106575
conference,proceedings,0.9835986988538097
conference,international,0.9810519374410911
conference,on,0.9801645072448764
conference,engineering,0.9799230726737678
conference,software,0.9733403582851143
conference,2004,0.966516896974408
conference,icse,0.9639085480489422
conference,press,0.962271467369382
conference,26th,0.960733799189095
conference,563,0.9606576925377689
7,4,0.9609904194068537
7,8,0.9532870077038325
7,3,0.9517972933940231
7,10,0.9436551222527975
7,1,0.9432780258608542
7,26,0.9384052751059516
7,15,0.9342801013612999
7,16,0.9340926167070628
7,23,0.9320322209517731
7,9,0.9263021370028918
6,1,0.9873291731571274
6,2,0.9821254723100945
6,3,0.9805156570212766
6,10,0.9743820199508466
6,30,0.9635188191385271
6,20,0.9623264788205002
6,4,0.9584075488191404
6,0,0.9530028556138476
6,with,0.9283186766765478
6,50,0.9217424185257999
this,by,0.9717227117519148
this,and,0.9707308292573091
this,the,0.9706044262286992
this,is,0.969998226842105
this,one,0.9690888557006552
this,e,0.966632337430444
this,a,0.9660973000639578
this,ed,0.9658953851875496
this,for,0.9643577177033564
this,nd,0.9635687217829924
international,proceedings,0.9857726194625048
international,on,0.9814816787255775
international,conference,0.9810519374410911
international,software,0.9788231307267025
international,may,0.9779251571245478
international,2004,0.9677725443696867
international,engineering,0.9644743142915098
international,icse,0.961531804766721
international,26th,0.9604636489228637
international,563,0.9575459908908
at,the,0.9431289483531049
at,of,0.9428567794538323
at,5,0.9425881257699409
at,www,0.9302758579354917
at,y,0.928090021758145
at,p,0.9279910941102794
at,and,0.9275091619714102
at,in,0.9268753288681093
at,n,0.9250993854829765
at,http,0.9240667636326243
0,30,0.9564356058743106
0,3,0.9532511248204172
0,6,0.9530028556138476
0,20,0.9520963346630107
0,2,0.9501957887403882
0,1,0.9426368076747268
0,4,0.9360818533468411
0,50,0.9334187926840831
0,10,0.9267500200420711
0,60,0.9240110350574158
http,available,0.9642879652860334
http,www,0.9606152738387944
http,org,0.9580569456625831
http,online,0.9562913518768439
http,at,0.9240667636326243
http,acm,0.9210813087366332
http,2004,0.918507074827168
http,analysis,0.918281922832235
http,and,0.9178391466929823
http,5,0.9177250742689398
572,563,0.9998399898331771
572,press,0.975333219327873
572,2004,0.9750389183478458
572,may,0.9743329748812832
572,icse,0.9704043338061685
572,engineering,0.969184785327908
572,conference,0.9590778090965316
572,28,0.9584832300074204
572,26th,0.9580609577388599
572,software,0.9570761984007441
pages,conf,0.9800821553918806
pages,proc,0.9800100440408768
pages,engineering,0.9753815355957149
pages,11th,0.9715500153636305
pages,software,0.964450854603067
pages,2004,0.9626701760683761
pages,on,0.9575648735709212
pages,knowledge,0.9517136783714746
pages,99,0.9516253979116066
pages,c,0.9512172692470295
563,572,0.9998399898331771
563,press,0.977199145269484
563,2004,0.97498150320424
563,may,0.9745559550118397
563,icse,0.972911937602995
563,engineering,0.9707461924167576
563,26th,0.9609966877440659
563,conference,0.9606576925377689
563,software,0.9584174377799508
563,28,0.9576183328862615
mining,zimmermann,0.9720226448359199
mining,repositories,0.9693708616478887
mining,2003,0.9678203546873576
mining,university,0.9623092044894568
mining,software,0.9598872047616352
mining,on,0.95757104592277
mining,international,0.9574151638602824
mining,may,0.9567653044268143
mining,data,0.9566865841043868
mining,to,0.9549826685422268
cid,15,0.9829532255070343
cid,9,0.9827394840570589
cid,19,0.9815544535739992
cid,22,0.9809254225867066
cid,26,0.980907389543384
cid,21,0.9800750667411018
cid,12,0.9770920199327988
cid,id,0.9768631128599945
cid,8,0.9718606103413052
cid,16,0.9676984559633812
changes,guide,0.9842848146076045
changes,histories,0.9803347468230392
changes,version,0.9772648408137025
changes,to,0.9758456749953668
changes,int,0.9708355708004319
changes,26th,0.9642839565352428
changes,zeller,0.9604332087108634
changes,s,0.9587479534355942
changes,diehl,0.9552968526216299
changes,software,0.9547387655994695
analysis,and,0.9620741926126426
analysis,of,0.9575294149598363
analysis,data,0.9467130836481259
analysis,references,0.9461111521736507
analysis,information,0.9450519281074781
analysis,in,0.9440226522692048
analysis,k,0.9429782263482448
analysis,a,0.9424259823814197
analysis,g,0.9412161376552967
analysis,ing,0.9396328875542497
as,code,0.9818287759588654
as,or,0.9798430316236659
as,only,0.97960341990033
as,de,0.9793707773749055
as,we,0.9793616343219569
as,than,0.9793327374431513
as,that,0.9786961502102753
as,not,0.978313042588359
as,are,0.9781968719848333
as,example,0.97811265780408
26,16,0.990377613288659
26,cid,0.980907389543384
26,15,0.9750670610971335
26,9,0.9740539181478591
26,22,0.9736145359356927
26,8,0.9733469214103103
26,21,0.9706403010816039
26,19,0.969869198730495
26,12,0.9675351375396631
26,id,0.9625309199017067
pp,acm,0.96827280370503
pp,2002,0.9434596592062663
pp,on,0.9432475878735405
pp,2004,0.9354648837275132
pp,5,0.9343960732012989
pp,m,0.9335297440984149
pp,press,0.9325894000769802
pp,563,0.9300801494085709
pp,572,0.9299675418878732
pp,127,0.9291714395593461
proc,pages,0.9800100440408768
proc,conf,0.9700144121912198
proc,11th,0.9662584846926856
proc,engineering,0.9645098981432496
proc,software,0.9624630067846066
proc,on,0.9615909320147905
proc,knowledge,0.9582780581605648
proc,approach,0.9567854501303514
proc,c,0.952842746638298
proc,conference,0.9468594766163225
code,source,0.9930193602228503
code,de,0.9895108815055234
code,number,0.9868516380735016
code,as,0.9818287759588654
code,ber,0.9509097051214227
code,the,0.9498013008367122
code,ments,0.9460129080519016
code,java,0.9424043417707273
code,he,0.942396340726978
code,or,0.9378558895918175
acm,pp,0.96827280370503
acm,on,0.9506239462013104
acm,press,0.9474282844394255
acm,conference,0.9444997018976726
acm,2004,0.9405009328715794
acm,software,0.9403821268629207
acm,engineering,0.9385587916660472
acm,in,0.9351792081840206
acm,may,0.9346227628147445
acm,proceedings,0.9346008650152863
source,code,0.9930193602228503
source,de,0.9818680614494258
source,number,0.9801502894663345
source,as,0.9775296927242807
source,the,0.9547397854180888
source,he,0.9505916359672951
source,ber,0.9497439596597034
source,in,0.942308163267355
source,of,0.9414614800730001
source,e,0.9366074455817122
s,to,0.9809761098604022
s,l,0.9735870053320012
s,a,0.9724204794525065
s,in,0.9710613893620164
s,g,0.969330427366772
s,and,0.9684739316250064
s,e,0.9675461760832735
s,ing,0.9669587388738012
s,n,0.9656283602521973
s,i,0.9648116515140672
that,be,0.9990821185220635
that,are,0.9987796412573973
that,we,0.998704885465751
that,not,0.9986263989456643
that,have,0.9985867667041255
that,it,0.9984567756737331
that,can,0.9978477908557433
that,from,0.9977812823281871
that,has,0.9977583102926042
that,used,0.9974238738177899
8,9,0.9879679245591806
8,12,0.9873696125760711
8,15,0.9864487361222576
8,16,0.9824044871663515
8,22,0.9818076149786505
8,21,0.9784385436731717
8,11,0.9764760957320601
8,18,0.9741743378671105
8,26,0.9733469214103103
8,19,0.9724946694164683
are,that,0.9987796412573973
are,be,0.9984206737277148
are,we,0.9983244624497369
are,it,0.9978877714200769
are,from,0.9977330952277931
are,can,0.9975176904855168
are,have,0.9973817003038397
are,used,0.9972802210359395
are,has,0.9972742448148499
are,not,0.9970510631548486
we,that,0.998704885465751
we,are,0.9983244624497369
we,be,0.9981295514726921
we,have,0.9976693873585649
we,used,0.9975903123161274
we,from,0.9975160068827642
we,has,0.9975097414430709
we,it,0.9972493560463259
we,more,0.9971460728714665
we,can,0.9967771664256408
90,60,0.9333793477937788
90,added,0.9322545910892224
90,80,0.9314178131050079
90,70,0.9310178871936451
90,40,0.9292128551257042
90,frequency,0.9288529185077716
90,tool,0.9243263125584775
90,30,0.92421258537504
90,20,0.9222338180110831
90,fields,0.920252340693474
c,development,0.9768795280950062
c,t,0.9659238662655933
c,r,0.9654493829747341
c,software,0.9634643017561442
c,based,0.9620677802560891
c,n,0.9597060031383446
c,f,0.9575385070846328
c,in,0.9571090000966067
c,l,0.9563513931613647
c,conf,0.954383904760749
development,c,0.9768795280950062
development,based,0.9660039480425466
development,process,0.9642045774913561
development,r,0.9603375296701226
development,sourceforge,0.9573476321325749
development,net,0.9557446166858632
development,software,0.948520659676414
development,product,0.9458567467672814
development,t,0.9440011267075006
development,line,0.9436617613177738
23,28,0.9409061284943574
23,7,0.9320322209517731
23,4,0.9198653067342595
23,8,0.9194359204376206
23,10,0.9194312649168743
23,11,0.9135364760360738
23,1,0.9133545219344272
23,3,0.9059033814197052
23,5,0.9052412449229513
23,16,0.9013250494636793
version,histories,0.9829946178352362
version,changes,0.9772648408137025
version,zeller,0.976376623698827
version,guide,0.9758691079345929
version,diehl,0.9725176022274882
version,gerber,0.9688514069778351
version,to,0.9683128378689769
version,wei,0.966833363755845
version,int,0.9632895156922778
version,weigerber,0.9627802306215549
p,level,0.9629633512016548
p,high,0.9576065311613275
p,information,0.9443009595446479
p,analysis,0.9389519248239104
p,feature,0.9372781994072894
p,signi,0.936897849232394
p,top,0.93122460225421
p,our,0.9304826618414337
p,of,0.9300024333311444
p,a,0.9289747841850652
05,level,0.936934292763952
05,high,0.9259290279274917
05,p,0.9233584567635789
05,2005,0.9172321258053864
05,at,0.9164862738732853
05,grade,0.905854747531472
05,usa,0.9050889520395342
05,signi,0.9046007700741177
05,5,0.9038911192292995
05,system,0.8994940465436481
15,9,0.9968023863525841
15,21,0.9966471685529357
15,22,0.9965618636501148
15,19,0.9958183923613274
15,12,0.9912717125672259
15,8,0.9864487361222576
15,cid,0.9829532255070343
15,id,0.9809854541648662
15,16,0.9801829010802985
15,26,0.9750670610971335
org,online,0.9967911435060279
org,available,0.9949332378529115
org,http,0.9580569456625831
org,www,0.9534067575519907
org,winehq,0.9278596275135922
org,wine,0.9263735736351559
org,uk,0.923057465620241
org,10,0.9166203295785835
org,at,0.9146828814975098
org,scotland,0.9055977100629896
repositories,mining,0.9693708616478887
repositories,workshop,0.961876725290354
repositories,1st,0.9594070132723165
repositories,2003,0.9566335302220521
repositories,data,0.9528853671935753
repositories,cvs,0.9515623189628517
repositories,may,0.9510731521111404
repositories,grained,0.9485248590454034
repositories,university,0.9484757654143385
repositories,victoria,0.9418096330930457
new,york,0.982822921451123
new,h,0.9681176645732763
new,no,0.9665970150541778
new,j,0.9618540322910358
new,practice,0.9604903875784945
new,d,0.9567025111921225
new,improvement,0.9520868639937854
new,1976,0.948199614916356
new,verlag,0.9474437055973015
new,1998,0.9439147533192582
an,are,0.989509874233001
an,we,0.9877397980852037
an,from,0.9875989171224567
an,by,0.9870820862211414
an,can,0.9869327423237855
an,it,0.986833443590018
an,that,0.9868140586075027
an,be,0.9866735098527036
an,more,0.986277118485868
an,or,0.9858890057213496
workshop,repositories,0.961876725290354
workshop,on,0.9475489532417241
workshop,2003,0.9464708991592008
workshop,mining,0.9438153516211457
workshop,may,0.9416329013612554
workshop,1st,0.9400994074108664
workshop,m,0.9375299027134405
workshop,international,0.9368834263029673
workshop,software,0.9325994056283775
workshop,in,0.9312934876480103
16,26,0.990377613288659
16,8,0.9824044871663515
16,9,0.9823488618356784
16,12,0.9809800140494906
16,15,0.9801829010802985
16,22,0.9789112780693818
16,21,0.9748352154592629
16,19,0.9717688709176198
16,18,0.9677555933827358
16,cid,0.9676984559633812
added,fields,0.9973460366043427
added,frequency,0.9964418596714131
added,deletedlinuxvsftpdapacheopensshbind,0.9963476845205081
added,7relative,0.9929359434631257
added,80,0.989295932745223
added,70,0.9866027956736408
added,40,0.9859493247540123
added,60,0.9855087452250144
added,renaming,0.961179331742848
added,variable,0.9558143603936715
d,no,0.9618314474870349
d,new,0.9567025111921225
d,h,0.955682081123032
d,a,0.9555918296080901
d,process,0.9538329548942595
d,of,0.9516996291702632
d,j,0.9516288307864387
d,and,0.9513506326604533
d,empirical,0.9506969938857419
d,practice,0.9492237000690844
or,are,0.9958408558807963
or,we,0.9950360434261833
or,that,0.9950303422138611
or,be,0.9946224907830724
or,not,0.9945868976381299
or,more,0.9940080814372525
or,have,0.9939507184717596
or,has,0.9937710640946643
or,it,0.9937027072945465
or,used,0.9934928770209628
50,30,0.956861963865838
50,20,0.9536543839484728
50,60,0.9493985391470587
50,70,0.9477378857583153
50,80,0.9452561345084299
50,40,0.9357108674073078
50,frequency,0.9340145531845906
50,0,0.9334187926840831
50,added,0.9311306630429155
50,7relative,0.9273358319421958
19,21,0.997591677265727
19,22,0.9964534601622013
19,15,0.9958183923613274
19,9,0.9933652565063453
19,12,0.9858411144183954
19,cid,0.9815544535739992
19,id,0.9799394455757785
19,8,0.9724946694164683
19,16,0.9717688709176198
19,26,0.969869198730495
available,online,0.9968450816858447
available,org,0.9949332378529115
available,http,0.9642879652860334
available,www,0.9527010028148883
available,10,0.9239521509061133
available,wine,0.9217282538439927
available,uk,0.9214567432734089
available,at,0.9197549407970302
available,winehq,0.9142220226189472
available,acm,0.9097346635336934
9,12,0.9973213232352547
9,22,0.9968608817778775
9,15,0.9968023863525841
9,21,0.9956219407053701
9,19,0.9933652565063453
9,8,0.9879679245591806
9,cid,0.9827394840570589
9,16,0.9823488618356784
9,id,0.9814191269253518
9,14,0.9752684339563247
be,that,0.9990821185220635
be,can,0.9987622090047593
be,are,0.9984206737277148
be,it,0.9982979753902652
be,we,0.9981295514726921
be,such,0.9980939370456414
be,from,0.9980529724554597
be,have,0.9980281370734345
be,has,0.9980248493866863
be,used,0.9976508520010741
icse,press,0.9891845311628531
icse,26th,0.9884371200084114
icse,563,0.972911937602995
icse,572,0.9704043338061685
icse,engineering,0.9648703840933333
icse,conference,0.9639085480489422
icse,international,0.961531804766721
icse,software,0.9529014665503257
icse,proceedings,0.9502882828039185
icse,may,0.9481293266091295
by,that,0.9960306425228649
by,it,0.9960171548533179
by,are,0.9958744251444679
by,from,0.9958741682922467
by,be,0.9953424295195569
by,can,0.9952609497068923
by,not,0.9950029632223776
by,we,0.9948974533222571
by,such,0.9947448293266619
by,their,0.9942291669232438
proceedings,international,0.9857726194625048
proceedings,conference,0.9835986988538097
proceedings,on,0.9742469641038246
proceedings,software,0.9702915005381589
proceedings,engineering,0.9668548580975455
proceedings,may,0.9590082319242201
proceedings,2004,0.9540521702277215
proceedings,26th,0.9530881365908637
proceedings,in,0.9529788652603375
proceedings,press,0.952620276595783
data,university,0.9855085517052464
data,cvs,0.9842005523414754
data,2003,0.9734170296840037
data,repository,0.9704528947923026
data,about,0.9694724751857338
data,from,0.9691725611839275
data,provide,0.9688349310121374
data,by,0.9687145912621745
data,research,0.9685573987378542
data,it,0.9680748084872062
other,another,0.990335656221111
other,case,0.9903038837743041
other,while,0.9855397421487071
other,which,0.9818793850059193
other,instance,0.9769865577292871
other,name,0.976364013053507
other,is,0.9504849176980381
other,usually,0.9489759670270442
other,for,0.9342034146461995
other,signed,0.9296755173497664
deletedlinuxvsftpdapacheopensshbind,fields,0.9982684176152978
deletedlinuxvsftpdapacheopensshbind,added,0.9963476845205081
deletedlinuxvsftpdapacheopensshbind,7relative,0.9935671122305003
deletedlinuxvsftpdapacheopensshbind,frequency,0.993520947604754
deletedlinuxvsftpdapacheopensshbind,80,0.9843730185288331
deletedlinuxvsftpdapacheopensshbind,70,0.9810938074880053
deletedlinuxvsftpdapacheopensshbind,40,0.9806145740601832
deletedlinuxvsftpdapacheopensshbind,60,0.9787317322122531
deletedlinuxvsftpdapacheopensshbind,renaming,0.9548955801944725
deletedlinuxvsftpdapacheopensshbind,variable,0.9424783558169849
12,9,0.9973213232352547
12,22,0.9916703220747827
12,15,0.9912717125672259
12,21,0.988697838196862
12,8,0.9873696125760711
12,19,0.9858411144183954
12,13,0.9846577093604353
12,14,0.9844486853219869
12,17,0.9838096859835443
12,18,0.9833012074782232
which,other,0.9818793850059193
which,is,0.977920631249774
which,another,0.9766470538288123
which,case,0.9749585698772906
which,one,0.9667994199075489
which,for,0.9645946458318643
which,while,0.949372339343825
which,name,0.9469176673235933
which,instance,0.9448188496404215
which,this,0.9445241528717507
process,based,0.9889451878595061
process,r,0.9801204368885726
process,line,0.9728208137964871
process,product,0.9713776048430574
process,net,0.9711906775273356
process,sourceforge,0.9653349907678109
process,development,0.9642045774913561
process,t,0.9633325714461483
process,addison,0.9589910002071416
process,1999,0.9574360205011185
online,available,0.9968450816858447
online,org,0.9967911435060279
online,http,0.9562913518768439
online,www,0.9524188942948206
online,wine,0.9325416420520554
online,uk,0.930529262165236
online,winehq,0.92917029183777
online,10,0.9115062321946263
online,at,0.9092192275861137
online,scotland,0.9077644403868994
t,r,0.9741209794867354
t,a,0.9737452684954804
t,l,0.9724869624435264
t,and,0.9698456921441276
t,software,0.9693164728171614
t,based,0.9680824113928015
t,n,0.9680210923683497
t,c,0.9659238662655933
t,g,0.9655535608419332
t,k,0.9650698806170388
conf,pages,0.9800821553918806
conf,proc,0.9700144121912198
conf,engineering,0.9655952711878214
conf,software,0.9605563661002339
conf,apsec,0.9560371443301121
conf,472,0.9557253915904478
conf,481,0.9551222854124217
conf,c,0.954383904760749
conf,int,0.9478866715326542
conf,paci,0.947315126698848
usa,2005,0.9628888620022764
usa,system,0.9487721193360454
usa,january,0.9419852852136688
usa,hawaii,0.9367041566633438
usa,sciences,0.9359041670651143
usa,hicss,0.9329119551060967
usa,38th,0.9267933736579739
usa,community,0.9117629269505738
usa,acm,0.9070383165547788
usa,5,0.9054728936683503
fields,deletedlinuxvsftpdapacheopensshbind,0.9982684176152978
fields,frequency,0.9975797130729736
fields,7relative,0.9973462064010217
fields,added,0.9973460366043427
fields,80,0.9899485440283445
fields,40,0.9867757358997765
fields,70,0.9866265207059614
fields,60,0.9847227062810084
fields,renaming,0.9619076994349602
fields,variable,0.950784002796955
22,21,0.9973480521121625
22,9,0.9968608817778775
22,15,0.9965618636501148
22,19,0.9964534601622013
22,12,0.9916703220747827
22,8,0.9818076149786505
22,cid,0.9809254225867066
22,id,0.9793443022312286
22,16,0.9789112780693818
22,26,0.9736145359356927
from,can,0.9981165650240087
from,be,0.9980529724554597
from,it,0.9979878171712642
from,that,0.9977812823281871
from,are,0.9977330952277931
from,used,0.9976097189485035
from,we,0.9975160068827642
from,such,0.997084258202946
from,have,0.9970630550139148
from,has,0.9963295681214062
guide,histories,0.9953261509693637
guide,changes,0.9842848146076045
guide,zeller,0.982125750409042
guide,diehl,0.9786484209320815
guide,version,0.9758691079345929
guide,int,0.9753072283270681
guide,weigerber,0.9740478003266964
guide,26th,0.9680940642696052
guide,gerber,0.9672354433949677
guide,wei,0.965089300992486
www,http,0.9606152738387944
www,uk,0.9597338887502445
www,wine,0.9594977100817025
www,winehq,0.9564061746917578
www,org,0.9534067575519907
www,available,0.9527010028148883
www,online,0.9524188942948206
www,scotland,0.9358219002523084
www,edinburgh,0.9339663194556371
www,at,0.9302758579354917
frequency,7relative,0.9980955386173688
frequency,fields,0.9975797130729736
frequency,added,0.9964418596714131
frequency,80,0.9942570178392991
frequency,deletedlinuxvsftpdapacheopensshbind,0.993520947604754
frequency,40,0.9919098930765116
frequency,70,0.9913717940564876
frequency,60,0.9901648722873473
frequency,renaming,0.9691143599540549
frequency,variable,0.9613169867270226
04,2004,0.9535943820558525
04,481,0.9477624116581446
04,472,0.9470536105820009
04,may,0.944538609032987
04,apsec,0.9418646444348067
04,pages,0.9359808963409342
04,software,0.935784976389918
04,c,0.9343977495532236
04,edinburgh,0.932612412342719
04,conf,0.9311845791306137
our,was,0.9932974817985266
our,information,0.9908689026981832
our,i,0.9776169549959173
our,results,0.9753564476639989
our,between,0.9751511101686867
our,we,0.9745945221443472
our,it,0.9744085996120051
our,each,0.9742871078382283
our,out,0.9740631372509108
our,much,0.9738033654340486
30,20,0.9958598909960668
30,60,0.9769136442866837
30,70,0.9753397480010739
30,80,0.9704729459750412
30,6,0.9635188191385271
30,40,0.9596072343446387
30,50,0.956861963865838
30,0,0.9564356058743106
30,2,0.9548463570746443
30,3,0.9528196098749726
26th,icse,0.9884371200084114
26th,press,0.972219711856075
26th,guide,0.9680940642696052
26th,changes,0.9642839565352428
26th,563,0.9609966877440659
26th,conference,0.960733799189095
26th,international,0.9604636489228637
26th,572,0.9580609577388599
26th,engineering,0.9549346822309605
26th,proceedings,0.9530881365908637
number,code,0.9868516380735016
number,de,0.9863515691098883
number,source,0.9801502894663345
number,java,0.974562946238969
number,non,0.9659008873543299
number,as,0.9592164660988354
number,tokens,0.9537372256509611
number,plus,0.9508499487401401
number,mber,0.9472179806666194
number,umber,0.944440415990763
comments,paper,0.9372758967919241
comments,re,0.9357686693858742
comments,provided,0.9253101281397105
comments,revisions,0.9217253283019964
comments,he,0.9125728815335763
comments,earlier,0.9117799198549978
comments,this,0.9098352193740692
comments,valuable,0.9068667450135894
comments,the,0.904042697150855
comments,de,0.9032815856623775
information,our,0.9908689026981832
information,was,0.9877943256713302
information,feature,0.9693272692554109
information,i,0.965450415202179
information,much,0.9652072456569196
information,a,0.9651419610419081
information,by,0.9623218016161077
information,results,0.9622694813539412
information,it,0.9622551314911281
information,three,0.9617052619503182
can,be,0.9987622090047593
can,such,0.9982404127176192
can,from,0.9981165650240087
can,that,0.9978477908557433
can,it,0.9976976469259711
can,are,0.9975176904855168
can,have,0.9970306246095697
can,we,0.9967771664256408
can,used,0.9967386340177458
can,has,0.9965675718270206
e,g,0.9855047105640136
e,i,0.983288661379657
e,ing,0.9810562443387407
e,in,0.9809331640141419
e,f,0.9801973155550151
e,a,0.9792982636993577
e,o,0.9790881693909845
e,n,0.9787583516177498
e,l,0.9786560177896098
e,an,0.9778826230813824
system,2005,0.9588717005256986
system,community,0.956421050686556
system,open,0.9492412748835464
system,usa,0.9487721193360454
system,38th,0.941805235577104
system,proceedings,0.940805867224773
system,on,0.9376247583446295
system,sciences,0.9368377476880889
system,in,0.9365677609385772
system,n,0.9315465683822791
20,30,0.9958598909960668
20,60,0.9801931036172524
20,70,0.978309540132251
20,80,0.9735956457052726
20,40,0.9633773765778333
20,6,0.9623264788205002
20,frequency,0.9545428065329257
20,50,0.9536543839484728
20,variable,0.953189733439024
20,added,0.9523651597171878
not,that,0.9986263989456643
not,but,0.9974253659174055
not,have,0.997265646249033
not,be,0.997261048921041
not,are,0.9970510631548486
not,it,0.9969010761446615
not,all,0.9965316625784608
not,their,0.9965046540078462
not,we,0.9964978515024832
not,from,0.9960980237122694
level,high,0.9955739963877137
level,signi,0.9827466399545095
level,grade,0.9802363094050032
level,though,0.9786561305146775
level,cant,0.9775980398670567
level,weak,0.9716423225233337
level,tor,0.9715361042875491
level,predic,0.9685974772380022
level,statistically,0.9646819652711729
level,p,0.9629633512016548
msr,re,0.9471438782010301
msr,paper,0.9320681574129102
msr,provided,0.9288761174370339
msr,this,0.9192463119371617
msr,www,0.9122154979039949
msr,revisions,0.9121684966654653
msr,available,0.908198356784395
msr,on,0.9045722363930119
msr,of,0.9043134113669498
msr,repositories,0.904162207797699
histories,guide,0.9953261509693637
histories,zeller,0.9922464107519231
histories,diehl,0.9892233511055424
histories,version,0.9829946178352362
histories,weigerber,0.9826227616674403
histories,changes,0.9803347468230392
histories,gerber,0.9796614962842906
histories,wei,0.9775310639203603
histories,int,0.9735103783574821
histories,26th,0.9502574446156014
york,new,0.982822921451123
york,1976,0.9694381701585655
york,verlag,0.9662393889612283
york,springer,0.9618972380043047
york,h,0.9611261254015978
york,speech,0.9576139799674879
york,j,0.9519817055670929
york,prediction,0.949807925014132
york,linear,0.949709300774233
york,gray,0.9487300181804101
11,18,0.9878835897590963
11,17,0.9837898100610374
11,14,0.983396288860543
11,13,0.980390010513855
11,29,0.9785083937122598
11,8,0.9764760957320601
11,12,0.976333617145904
11,9,0.9673368839103829
11,25,0.9663338038895797
11,16,0.9635491027172984
scotland,edinburgh,0.9988568848705275
scotland,may,0.9532678895255395
scotland,28,0.9499094797326352
scotland,kingdom,0.9476599871731293
scotland,united,0.9471760316067435
scotland,www,0.9358219002523084
scotland,2004,0.9350271270909669
scotland,uk,0.9311918816915137
scotland,04,0.929868744896793
scotland,icse'04,0.929708035262089
paper,revisions,0.9892291035615031
paper,re,0.9855417883484974
paper,provided,0.9836808743410826
paper,earlier,0.981018347149636
paper,valuable,0.971141013530229
paper,viewers,0.9562409977656883
paper,anonymous,0.9480338692393555
paper,this,0.9398861063855671
paper,comments,0.9372758967919241
paper,lindig,0.9326931489035093
11th,knowledge,0.984918515960444
11th,pages,0.9715500153636305
11th,proc,0.9662584846926856
11th,working,0.9584019959234698
11th,reverse,0.9523044807215556
11th,99,0.9490954729143027
11th,extraction,0.9464119733432195
11th,conf,0.9460037622614064
11th,paci,0.9445940089832257
11th,asia,0.944166347162311
based,process,0.9889451878595061
based,r,0.9857805987019631
based,line,0.9828323804595578
based,net,0.9822210023995125
based,product,0.9799006614318921
based,sourceforge,0.9748593265924634
based,t,0.9680824113928015
based,development,0.9660039480425466
based,c,0.9620677802560891
based,family,0.9598981914910818
have,that,0.9985867667041255
have,be,0.9980281370734345
have,it,0.9978462762767849
have,we,0.9976693873585649
have,are,0.9973817003038397
have,not,0.997265646249033
have,used,0.9970924012760247
have,has,0.997092376778973
have,from,0.9970630550139148
have,can,0.9970306246095697
edinburgh,scotland,0.9988568848705275
edinburgh,may,0.9577238471816998
edinburgh,28,0.9492495001911138
edinburgh,united,0.9489032710367205
edinburgh,kingdom,0.9484956710051176
edinburgh,2004,0.940018447955691
edinburgh,icse'04,0.9374854224009335
edinburgh,www,0.9339663194556371
edinburgh,04,0.932612412342719
edinburgh,ational,0.9317120472900955
7relative,frequency,0.9980955386173688
7relative,fields,0.9973462064010217
7relative,80,0.9944443050026792
7relative,deletedlinuxvsftpdapacheopensshbind,0.9935671122305003
7relative,added,0.9929359434631257
7relative,40,0.9929171914243586
7relative,70,0.9913713103492718
7relative,60,0.989692646645053
7relative,renaming,0.9725366881558459
7relative,variable,0.9605104914687979
it,that,0.9984567756737331
it,be,0.9982979753902652
it,from,0.9979878171712642
it,are,0.9978877714200769
it,have,0.9978462762767849
it,can,0.9976976469259711
it,we,0.9972493560463259
it,has,0.9972253287543955
it,used,0.9971984180980097
it,also,0.9969777914600897
2005,january,0.9911820263615982
2005,hawaii,0.9858555574898951
2005,hicss,0.9813256409710021
2005,sciences,0.9811713256967074
2005,38th,0.9680821924827901
2005,usa,0.9628888620022764
2005,system,0.9588717005256986
2005,community,0.9355155858896185
2005,05,0.9172321258053864
2005,proceedings,0.8916702949412756
80,70,0.9994352394042351
80,60,0.9991324494377128
80,40,0.9967014766455535
80,7relative,0.9944443050026792
80,frequency,0.9942570178392991
80,fields,0.9899485440283445
80,added,0.989295932745223
80,deletedlinuxvsftpdapacheopensshbind,0.9843730185288331
80,renaming,0.980746303514528
80,variable,0.9743091333118374
70,60,0.99975766348466
70,80,0.9994352394042351
70,40,0.9948645830487289
70,frequency,0.9913717940564876
70,7relative,0.9913713103492718
70,fields,0.9866265207059614
70,added,0.9866027956736408
70,deletedlinuxvsftpdapacheopensshbind,0.9810938074880053
70,renaming,0.9796488603519823
70,20,0.978309540132251
60,70,0.99975766348466
60,80,0.9991324494377128
60,40,0.9950485884620508
60,frequency,0.9901648722873473
60,7relative,0.989692646645053
60,added,0.9855087452250144
60,fields,0.9847227062810084
60,renaming,0.9806380011093374
60,20,0.9801931036172524
60,deletedlinuxvsftpdapacheopensshbind,0.9787317322122531
high,level,0.9955739963877137
high,signi,0.9920608958443637
high,though,0.9886271146895096
high,cant,0.9879838610406353
high,grade,0.9860557300302373
high,weak,0.9824907272345869
high,tor,0.9809645548895228
high,predic,0.9793903750433524
high,statistically,0.9778127301504356
high,top,0.959961328183899
such,can,0.9982404127176192
such,be,0.9980939370456414
such,that,0.997306208542217
such,from,0.997084258202946
such,these,0.9968478786344566
such,it,0.9968221408982432
such,are,0.9967581060798745
such,we,0.9965282898318073
such,have,0.9960533771643296
such,has,0.9959931375888266
28,kingdom,0.984503726227971
28,united,0.9816003312111785
28,icse'04,0.961317430826937
28,572,0.9584832300074204
28,563,0.9576183328862615
28,scotland,0.9499094797326352
28,edinburgh,0.9492495001911138
28,may,0.9450956270996689
28,2004,0.9415441655147687
28,23,0.9409061284943574
2002,june,0.9960594494074333
2002,127,0.9940494334625903
2002,paris,0.9908905643584357
2002,iwpc,0.9880036565739592
2002,comprehension,0.9824294660052048
2002,program,0.9744621577917472
2002,intl,0.970302194774753
2002,studying,0.9476932651087946
2002,evolution,0.9448077807097105
2002,pp,0.9434596592062663
program,evolution,0.9822470917887938
program,comprehension,0.976094374419327
program,2002,0.9744621577917472
program,intl,0.9715578551584986
program,iwpc,0.9695842799229992
program,june,0.9679424177696079
program,paris,0.9622729915334693
program,studying,0.9602691357088953
program,m,0.9594751147058738
program,127,0.9587581407488573
without,prefixresults,0.9862190819259482
without,prefix,0.9837715311879743
without,cccccgggggaaaaavvvvvresults,0.9794832358379808
without,accuracy,0.9778891451401368
without,129,0.9756385801081595
without,coverage,0.9737042887142728
without,57,0.9728297699061571
without,words,0.9540396169634843
without,279coverage,0.9507767352445587
without,31,0.9395289191264453
13,14,0.9981667902586635
13,17,0.9969894350882291
13,25,0.9962922246843375
13,24,0.9940520611554358
13,27,0.9914537452360253
13,18,0.9878996073425961
13,12,0.9846577093604353
13,29,0.9808668382677757
13,11,0.980390010513855
13,9,0.9744932255847709
name,while,0.9912940726785657
name,instance,0.9899985222446983
name,case,0.9841680976192977
name,another,0.9827161457301885
name,other,0.976364013053507
name,usually,0.9659908248091531
name,germany,0.9544122792259848
name,male,0.954366761770635
name,italy,0.9541969373105705
name,country,0.9532115033582947
ne,cvs,0.9454526555061749
ne,data,0.9399256525486266
ne,source,0.9338805897433222
ne,2003,0.933071963912308
ne,as,0.9308891123667677
ne,in,0.9300142224195791
ne,grained,0.9293934581389283
ne,de,0.92901730683446
ne,code,0.9288503255977875
ne,of,0.9270235035317104
tool,type,0.9806309464102889
tool,cannot,0.9620645309366997
tool,or,0.9555768615741767
tool,s,0.9484749597012327
tool,tions,0.9467028250520906
tool,variable,0.946323168251462
tool,us,0.9424477425122844
tool,two,0.9395662000094477
tool,if,0.939027335673664
tool,pe,0.9384426749241357
systems,programming,0.9939083588831648
systems,languages,0.9805176387679699
systems,oriented,0.9801985705963626
systems,object,0.9746274027234056
systems,applications,0.9710220288164136
systems,19th,0.9603082252902737
systems,october,0.9553730516313577
systems,vancouver,0.9535860244297414
systems,easy,0.9515063918007403
systems,bc,0.9495959348907439
these,be,0.9974977684615116
these,that,0.996894002941652
these,such,0.9968478786344566
these,can,0.9965133368094491
these,are,0.996465459018454
these,their,0.9963048383992629
these,they,0.9961096566409804
these,used,0.9960840372618137
these,it,0.9960163185188418
these,has,0.9959375291216865
change,changed,0.9889982903200487
change,when,0.9871164370665495
change,common,0.9869134523492615
change,we,0.9853180755494202
change,two,0.9848372508647688
change,between,0.9847555430423728
change,identifying,0.9842449811111235
change,show,0.9841017911759729
change,multiple,0.9840735675741076
change,versions,0.9837464200520307
edu,mit,0.9976571725727585
edu,alloy,0.9963265854454737
edu,modelling,0.9869063499173527
edu,lightweight,0.983840176762212
edu,micromodels,0.9714240133185035
edu,cge,0.9695445510629512
edu,miryung,0.969136886840219
edu,homes,0.9681531630992251
edu,cs,0.9677320760271191
edu,washington,0.9662998843219262
cvs,data,0.9842005523414754
cvs,2003,0.9787563642246445
cvs,university,0.9766909622549362
cvs,thesis,0.9719934624177464
cvs,victoria,0.9647992346046097
cvs,grained,0.9623394478168834
cvs,preprocessing,0.959290105239142
cvs,repositories,0.9515623189628517
cvs,1st,0.9506304750794221
cvs,weisgerber,0.9501887505687874
40,80,0.9967014766455535
40,60,0.9950485884620508
40,70,0.9948645830487289
40,7relative,0.9929171914243586
40,frequency,0.9919098930765116
40,renaming,0.9909717643317049
40,fields,0.9867757358997765
40,added,0.9859493247540123
40,variable,0.9849109636179058
40,deletedlinuxvsftpdapacheopensshbind,0.9806145740601832
usually,females,0.9941667441898128
usually,countries,0.9941620131106857
usually,spain,0.9915807524112588
usually,germany,0.9894335417814735
usually,male,0.9816936961308174
usually,italy,0.9789009605064037
usually,while,0.9788142859556126
usually,country,0.9773145398219156
usually,males,0.9772706343254878
usually,andrea,0.973104618128557
21,19,0.997591677265727
21,22,0.9973480521121625
21,15,0.9966471685529357
21,9,0.9956219407053701
21,12,0.988697838196862
21,cid,0.9800750667411018
21,id,0.9796619820530766
21,8,0.9784385436731717
21,16,0.9748352154592629
21,26,0.9706403010816039
1999,ma,0.9989614110150005
1999,boston,0.9976201842869192
1999,wesley,0.9957071735488776
1999,addison,0.9926343613861498
1999,family,0.9728624642824673
1999,line,0.965035126869863
1999,product,0.9616585262781644
1999,process,0.9574360205011185
1999,based,0.9511377055796728
1999,weiss,0.9491597052913752
evolution,program,0.9822470917887938
evolution,approach,0.9744809336197939
evolution,m,0.971457672077144
evolution,studying,0.960545823235867
evolution,w,0.9520497697402297
evolution,an,0.9517565827768664
evolution,intl,0.9493675849540233
evolution,q,0.9455183753686169
evolution,2002,0.9448077807097105
evolution,integrated,0.943029525037225
knowledge,11th,0.984918515960444
knowledge,control,0.9676078122891452
knowledge,working,0.9632353096692292
knowledge,extraction,0.9630133648196582
knowledge,support,0.9627611360596494
knowledge,maintenance,0.96054320181941
knowledge,proc,0.9582780581605648
knowledge,pages,0.9517136783714746
knowledge,reverse,0.9487181622517113
knowledge,99,0.9372013779597994
while,instance,0.9938693406528669
while,name,0.9912940726785657
while,case,0.9905888592043223
while,another,0.9855557443852476
while,other,0.9855397421487071
while,usually,0.9788142859556126
while,germany,0.9661502646194078
while,spain,0.9641676509611863
while,italy,0.9641156787310933
while,male,0.9638388429821438
revisions,earlier,0.9967964160622915
revisions,valuable,0.9898091671650466
revisions,paper,0.9892291035615031
revisions,provided,0.9890364682176542
revisions,re,0.9790167236293817
revisions,viewers,0.978323405169907
revisions,anonymous,0.9685759660918921
revisions,lindig,0.9546865737946756
revisions,christian,0.9499436107126102
revisions,grant,0.946961169548189
approach,evolution,0.9744809336197939
approach,m,0.9737031738270255
approach,an,0.9659043231645891
approach,proc,0.9567854501303514
approach,program,0.9556133264692304
approach,to,0.948923480421381
approach,w,0.9479631216296218
approach,proach,0.9473738269935588
approach,al,0.9466262617015684
approach,ing,0.9463806023551401
java,tokens,0.9947771266205085
java,plus,0.9928268737266401
java,non,0.9826442891492894
java,javadoc,0.9762003667204422
java,umber,0.9759952429524186
java,3we,0.975758450758685
java,number,0.974562946238969
java,mber,0.9745258610663554
java,code,0.9424043417707273
java,de,0.9420572585014122
re,provided,0.9908868739050005
re,paper,0.9855417883484974
re,revisions,0.9790167236293817
re,valuable,0.9730068897024399
re,earlier,0.9727110155668446
re,viewers,0.9675431707363091
re,anonymous,0.9661952969309452
re,grant,0.9560445677578424
re,lindig,0.9549701098697038
re,christian,0.9520720265577266
14,17,0.9983099413811944
14,13,0.9981667902586635
14,25,0.9940839899544534
14,24,0.9922781275629693
14,18,0.9901132124564888
14,27,0.9895312735560687
14,12,0.9844486853219869
14,11,0.983396288860543
14,29,0.9823326248756544
14,9,0.9752684339563247
99,reverse,0.9921793622278101
99,working,0.984520860566018
99,extraction,0.9660489355316421
99,pages,0.9516253979116066
99,11th,0.9490954729143027
99,control,0.9470676679085113
99,knowledge,0.9372013779597994
99,maintenance,0.9356083278643696
99,support,0.927552755227997
99,proc,0.9274236395328894
h,j,0.9954325712018619
h,1998,0.9896543008541102
h,practice,0.9878848688553211
h,linear,0.9871143407506532
h,speech,0.9870970295905905
h,no,0.9857128806573527
h,gray,0.9856391168733454
h,prediction,0.9849257777714064
h,jr,0.9848837170574823
h,springer,0.9846737961679122
127,june,0.9974208812237417
127,paris,0.9955640713052957
127,2002,0.9940494334625903
127,iwpc,0.990867521653354
127,comprehension,0.9831897114356136
127,intl,0.9696182442095824
127,program,0.9587581407488573
127,studying,0.9404703835111845
127,architectural,0.9401510603962158
127,pp,0.9291714395593461
october,bc,0.9989759781590751
october,vancouver,0.9973845459164463
october,applications,0.9932405715767813
october,languages,0.983740672536831
october,oriented,0.9601197466246523
october,programming,0.9556849440098736
october,systems,0.9553730516313577
october,object,0.9525034761939162
october,19th,0.9238434126129764
october,companion,0.8939174579259805
press,icse,0.9891845311628531
press,563,0.977199145269484
press,572,0.975333219327873
press,26th,0.972219711856075
press,engineering,0.9649414272701243
press,conference,0.962271467369382
press,international,0.9572662285276262
press,proceedings,0.952620276595783
press,software,0.9526028582284716
press,may,0.9520065655984166
one,have,0.9873348240634646
one,all,0.9871119940503128
one,or,0.9869824139879322
one,it,0.9868701104360982
one,are,0.9867360267218959
one,has,0.9865175452306558
one,that,0.9864700460544511
one,not,0.986382763798709
one,we,0.9861808174447644
one,same,0.9859232924570793
prefix,prefixresults,0.9978056423132895
prefix,without,0.9837715311879743
prefix,cccccgggggaaaaavvvvvresults,0.9812115636829674
prefix,129,0.9751454857287853
prefix,accuracy,0.9631249034542364
prefix,coverage,0.9580743649436014
prefix,57,0.9542718772581644
prefix,279coverage,0.9471291067878372
prefix,31,0.9208389601713456
prefix,words,0.9205018590957895
june,paris,0.9985960361362556
june,127,0.9974208812237417
june,2002,0.9960594494074333
june,iwpc,0.9959179136301543
june,comprehension,0.9899718118788805
june,intl,0.9783277205230696
june,program,0.9679424177696079
june,studying,0.9513769638442626
june,architectural,0.9503397441416432
june,integrated,0.9387885732675247
1976,verlag,0.9970623556564006
1976,springer,0.993908436262735
1976,speech,0.9896115298561853
1976,prediction,0.9840014183438909
1976,linear,0.9824748197400939
1976,jr,0.9812648735223255
1976,gray,0.9803410131923298
1976,markel,0.976634792083311
1976,h,0.9763450209993292
1976,1998,0.9724719653961875
texas,houston,0.9991992520495383
texas,1995,0.9979625395929952
texas,expo,0.9964816097718561
texas,environmental,0.9926259322508875
texas,energy,0.9888539193335929
texas,symposium,0.9791971265011172
texas,computers,0.9635902125995405
texas,asme,0.9562980187806397
texas,engineers,0.9548851904613198
texas,mechanical,0.9526282964872471
ma,boston,0.9992309195433939
ma,1999,0.9989614110150005
ma,wesley,0.9970350734304523
ma,addison,0.9940642742644221
ma,family,0.9743309861085375
ma,line,0.9617380316730888
ma,product,0.9588084786305877
ma,lai,0.9504862459147536
ma,process,0.9493170417764538
ma,weiss,0.9491415296115275
females,countries,0.9962320828638986
females,usually,0.9941667441898128
females,spain,0.9919656502083277
females,germany,0.988652720896728
females,male,0.9797458397272399
females,italy,0.9757945553316469
females,males,0.9729324031536063
females,country,0.9715228596404852
females,andrea,0.9702498415361072
females,while,0.9552846639076582
r,based,0.9857805987019631
r,process,0.9801204368885726
r,net,0.9797347747222884
r,line,0.9775028401195451
r,product,0.9749941466149923
r,t,0.9741209794867354
r,sourceforge,0.9715877693248419
r,c,0.9654493829747341
r,development,0.9603375296701226
r,html,0.9593998620451382
winehq,wine,0.9925465057161084
winehq,uk,0.9861758554474991
winehq,www,0.9564061746917578
winehq,online,0.92917029183777
winehq,org,0.9278596275135922
winehq,available,0.9142220226189472
winehq,scotland,0.9041171261153769
winehq,edinburgh,0.8959103695372397
winehq,finders,0.8903287698583979
winehq,http,0.8666715316168621
31,57,0.97722122728349
31,129,0.95972051577489
31,accuracy,0.959103056286871
31,coverage,0.955646936568092
31,cccccgggggaaaaavvvvvresults,0.954629688448015
31,279coverage,0.9460097196426406
31,cid,0.941259078336506
31,without,0.9395289191264453
31,prefixresults,0.9316513236354764
31,words,0.9281069614693489
481,472,0.999828202189919
481,apsec,0.9960665101700301
481,paci,0.9819522849684077
481,asia,0.9790543620369931
481,conf,0.9551222854124217
481,04,0.9477624116581446
481,pages,0.9417682880082087
481,11th,0.9349210001033343
481,collaboration,0.9302211949999695
481,c,0.9295376152148818
grade,tor,0.9976529669614698
grade,predic,0.9963894389968884
grade,weak,0.9962700545618516
grade,though,0.9949230639386148
grade,cant,0.9941779432222606
grade,signi,0.9890054592936512
grade,statistically,0.9865600846161491
grade,high,0.9860557300302373
grade,level,0.9802363094050032
grade,mutual,0.9614661190477591
124242242242,2916008,0.9992350088814503
124242242242,2915970,0.9972013562171886
124242242242,1145,0.9949888636446672
124242242242,doi,0.9875503158014634
124242242242,2016,0.9577331794445314
124242242242,ny,0.9452480120927392
124242242242,ease,0.9126466353081544
124242242242,ser,0.9096740626418229
124242242242,acm,0.8944641196384999
124242242242,org,0.8919405724228721
bc,october,0.9989759781590751
bc,vancouver,0.9988204841109283
bc,applications,0.9936514725819485
bc,languages,0.9834564962491188
bc,oriented,0.959421371286596
bc,programming,0.9522007874259625
bc,object,0.9520957616747336
bc,systems,0.9495959348907439
bc,19th,0.9233985516106695
bc,companion,0.8932450079310357
project,projects,0.9961323162749696
project,developers,0.990455519690579
project,provide,0.9887243548546052
project,about,0.9881355005119274
project,through,0.9868092189483031
project,use,0.9866887267525679
project,research,0.9859485023716079
project,also,0.9854340391506409
project,repository,0.9850806609722687
project,work,0.98500820869505
mit,alloy,0.9995894914949955
mit,edu,0.9976571725727585
mit,modelling,0.9900569657855356
mit,lightweight,0.9838350634500972
mit,micromodels,0.9737023869916273
mit,cge,0.9717851546511445
mit,miryung,0.9709797369201718
mit,homes,0.9705206289128527
mit,washington,0.9679977833621393
mit,cs,0.9586994955335062
17,14,0.9983099413811944
17,13,0.9969894350882291
17,25,0.9926932394244401
17,18,0.990981411427964
17,24,0.9905352447097024
17,27,0.9872684709945623
17,12,0.9838096859835443
17,11,0.9837898100610374
17,29,0.9822503655243492
17,9,0.9744693304832585
472,481,0.999828202189919
472,apsec,0.9973425513092833
472,paci,0.9841918974812083
472,asia,0.9813993441043172
472,conf,0.9557253915904478
472,04,0.9470536105820009
472,pages,0.9412608351186816
472,11th,0.9364362915242403
472,collaboration,0.9335591748615011
472,c,0.9305419530595592
january,hawaii,0.9982527895460034
january,hicss,0.9949190914627054
january,sciences,0.9918348433956549
january,2005,0.9911820263615982
january,38th,0.9746940778114952
january,usa,0.9419852852136688
january,system,0.9281320819109454
january,community,0.9194587140083383
january,05,0.8933753460678932
january,oceedings,0.8641667524020293
houston,1995,0.999565082800143
houston,texas,0.9991992520495383
houston,expo,0.998728241506764
houston,environmental,0.9956090025944352
houston,energy,0.9922312021102174
houston,symposium,0.9830456411607289
houston,computers,0.9683006071168854
houston,asme,0.9611189903178494
houston,engineers,0.959363818194545
houston,mechanical,0.9572133077828059
boston,ma,0.9992309195433939
boston,wesley,0.9990196658668093
boston,1999,0.9976201842869192
boston,addison,0.996979309276603
boston,family,0.9794702694728517
boston,line,0.9657736003084831
boston,product,0.9635470205424832
boston,lai,0.956283668323952
boston,weiss,0.9541247896817987
boston,process,0.9511671879768206
1995,houston,0.999565082800143
1995,expo,0.9995617771404224
1995,texas,0.9979625395929952
1995,environmental,0.997315496215099
1995,energy,0.9944604006408491
1995,symposium,0.9862727003337778
1995,computers,0.9721142947152426
1995,asme,0.9651053091923507
1995,engineers,0.9635291465302898
1995,mechanical,0.9611767112408516
wesley,addison,0.9992407327257866
wesley,boston,0.9990196658668093
wesley,ma,0.9970350734304523
wesley,1999,0.9957071735488776
wesley,family,0.9848438245649285
wesley,line,0.9723652606402631
wesley,product,0.9706904155764586
wesley,lai,0.9621712767800793
wesley,weiss,0.9604153776975805
wesley,process,0.9571262026158996
2916008,124242242242,0.9992350088814503
2916008,2915970,0.9992215437730507
2916008,1145,0.9977442848813336
2916008,doi,0.9919743269456148
2916008,2016,0.9641552562731577
2916008,ny,0.9517166158948152
2916008,ease,0.919546317009686
2916008,ser,0.9165541282901526
2916008,acm,0.8951307550601718
2916008,literature,0.8922537540470845
alloy,mit,0.9995894914949955
alloy,edu,0.9963265854454737
alloy,modelling,0.9917610190585286
alloy,lightweight,0.985235930638463
alloy,micromodels,0.9760848313030728
alloy,cge,0.974235766829926
alloy,miryung,0.9734118001872245
alloy,homes,0.9730573818573054
alloy,washington,0.9706221907866579
alloy,cs,0.9593280189297879
programming,systems,0.9939083588831648
programming,oriented,0.9901698557085754
programming,languages,0.9866765817968202
programming,object,0.986207784042809
programming,applications,0.975348201600263
programming,19th,0.9749378936350428
programming,easy,0.9599641840980817
programming,companion,0.9595692366612042
programming,vancouver,0.9577564466527319
programming,october,0.9556849440098736
verlag,springer,0.9992032790861269
verlag,1976,0.9970623556564006
verlag,speech,0.9967421327077762
verlag,prediction,0.9930738288461971
verlag,linear,0.9917123350422683
verlag,jr,0.991009416463078
verlag,gray,0.9903186110231785
verlag,markel,0.987073096647781
verlag,h,0.9833037534141217
verlag,1998,0.9831432718329578
all,that,0.9969190751677306
all,not,0.9965316625784608
all,have,0.9964068139657056
all,are,0.9962165768058007
all,we,0.9960438222674151
all,it,0.99567282292426
all,than,0.9955363856570559
all,be,0.9954612789389785
all,from,0.9953555372299725
all,used,0.9945375571459597
earlier,revisions,0.9967964160622915
earlier,valuable,0.9962539455022099
earlier,provided,0.989257085048487
earlier,viewers,0.9873703173929456
earlier,paper,0.981018347149636
earlier,anonymous,0.9777993852355855
earlier,re,0.9727110155668446
earlier,lindig,0.9652924443884172
earlier,christian,0.9603018909442249
earlier,509,0.9559444669513069
de,code,0.9895108815055234
de,number,0.9863515691098883
de,source,0.9818680614494258
de,as,0.9793707773749055
de,non,0.9499983541701299
de,java,0.9420572585014122
de,ber,0.9395419806489358
de,the,0.9394516263023935
de,ments,0.9387177600649026
de,he,0.9313677023985227
provided,valuable,0.9918122541710472
provided,re,0.9908868739050005
provided,earlier,0.989257085048487
provided,revisions,0.9890364682176542
provided,viewers,0.9882142562936757
provided,anonymous,0.9845817448784265
provided,paper,0.9836808743410826
provided,lindig,0.9737684767808673
provided,christian,0.9699199932524183
provided,grant,0.968413045791696
prefixresults,prefix,0.9978056423132895
prefixresults,cccccgggggaaaaavvvvvresults,0.9895480567877857
prefixresults,without,0.9862190819259482
prefixresults,129,0.9844584125703002
prefixresults,accuracy,0.9728278730566463
prefixresults,coverage,0.9677361837371823
prefixresults,57,0.9635591959033465
prefixresults,279coverage,0.9556217983957831
prefixresults,31,0.9316513236354764
prefixresults,words,0.9255600965063566
tokens,plus,0.99806415472309
tokens,java,0.9947771266205085
tokens,javadoc,0.9797087196511582
tokens,3we,0.9795746916344605
tokens,non,0.9762133824836835
tokens,umber,0.9731173507741124
tokens,mber,0.9726959891331804
tokens,number,0.9537372256509611
tokens,de,0.9114955987290945
tokens,code,0.9112341549307548
paris,june,0.9985960361362556
paris,iwpc,0.9980415697995315
paris,127,0.9955640713052957
paris,comprehension,0.9922077890964713
paris,2002,0.9908905643584357
paris,intl,0.980879959288983
paris,program,0.9622729915334693
paris,architectural,0.9537841520841746
paris,studying,0.9513663682060114
paris,integrated,0.9395993036377943
1145,2915970,0.9994693900430822
1145,doi,0.9978637178230321
1145,2916008,0.9977442848813336
1145,124242242242,0.9949888636446672
1145,2016,0.9747985860665713
1145,ny,0.9630460515442342
1145,ease,0.9321393059967787
1145,ser,0.9301167658239902
1145,literature,0.9066052799857198
1145,acm,0.9003740262092631
addison,wesley,0.9992407327257866
addison,boston,0.996979309276603
addison,ma,0.9940642742644221
addison,1999,0.9926343613861498
addison,family,0.9889097705875752
addison,line,0.9761105148320157
addison,product,0.9750371787693988
addison,lai,0.9669872449086747
addison,weiss,0.9647008518694506
addison,process,0.9589910002071416
2915970,1145,0.9994693900430822
2915970,2916008,0.9992215437730507
2915970,124242242242,0.9972013562171886
2915970,doi,0.9957467398120126
2915970,2016,0.9705261510525383
2915970,ny,0.9584034586208166
2915970,ease,0.92691969881144
2915970,ser,0.9238914506358114
2915970,literature,0.8997938785383557
2915970,acm,0.8955131791228497
expo,1995,0.9995617771404224
expo,houston,0.998728241506764
expo,environmental,0.9986213624950784
expo,texas,0.9964816097718561
expo,energy,0.9962571320856008
expo,symposium,0.9885478857718691
expo,computers,0.9754585438591665
expo,asme,0.968745363929655
expo,engineers,0.9667242783809452
expo,mechanical,0.9645809881227437
vancouver,bc,0.9988204841109283
vancouver,october,0.9973845459164463
vancouver,applications,0.9966922442602597
vancouver,languages,0.9882462719473879
vancouver,oriented,0.9665016540456688
vancouver,object,0.9597532627604817
vancouver,programming,0.9577564466527319
vancouver,systems,0.9535860244297414
vancouver,19th,0.9324958312189779
vancouver,companion,0.9029339943968078
zeller,diehl,0.998402795265132
zeller,histories,0.9922464107519231
zeller,weigerber,0.9901410657779266
zeller,gerber,0.9889692823457452
zeller,wei,0.9870940939041353
zeller,guide,0.982125750409042
zeller,version,0.976376623698827
zeller,int,0.963820773383612
zeller,changes,0.9604332087108634
zeller,zimmermann,0.9340518865663476
25,24,0.9987595879109878
25,27,0.9977239557372142
25,13,0.9962922246843375
25,14,0.9940839899544534
25,17,0.9926932394244401
25,18,0.9773439698076305
25,12,0.9772148856156075
25,29,0.9751715558098505
25,9,0.9680595343170277
25,11,0.9663338038895797
reverse,working,0.9957406067956411
reverse,99,0.9921793622278101
reverse,extraction,0.9829025878109607
reverse,control,0.9620675534916684
reverse,11th,0.9523044807215556
reverse,maintenance,0.9512107184142327
reverse,knowledge,0.9487181622517113
reverse,lintern,0.941806990392164
reverse,support,0.9396798431359681
reverse,pages,0.9380277177646081
speech,springer,0.9987445481950668
speech,prediction,0.9981191214774636
speech,linear,0.9975821575719475
speech,verlag,0.9967421327077762
speech,jr,0.9963733494368401
speech,gray,0.9958143910222529
speech,markel,0.9928705857963278
speech,1976,0.9896115298561853
speech,1998,0.9895792910370413
speech,h,0.9870970295905905
apsec,472,0.9973425513092833
apsec,481,0.9960665101700301
apsec,paci,0.9919578374954414
apsec,asia,0.989703042841581
apsec,conf,0.9560371443301121
apsec,collaboration,0.9463560878862702
apsec,04,0.9418646444348067
apsec,11th,0.9411074261415814
apsec,supporting,0.9362516568406755
apsec,pages,0.9359960963462421
springer,verlag,0.9992032790861269
springer,speech,0.9987445481950668
springer,prediction,0.9963240802912264
springer,linear,0.9950726406333894
springer,jr,0.9945672234802416
springer,gray,0.993916358139791
springer,1976,0.993908436262735
springer,markel,0.9908062300709328
springer,1998,0.9865865693883764
springer,h,0.9846737961679122
hawaii,hicss,0.9988348732588549
hawaii,january,0.9982527895460034
hawaii,sciences,0.9965075583712503
hawaii,2005,0.9858555574898951
hawaii,38th,0.9809490447160525
hawaii,usa,0.9367041566633438
hawaii,system,0.9260149980871318
hawaii,community,0.9236556563881305
hawaii,05,0.8854601261853424
hawaii,oceedings,0.8592473012050734
applications,vancouver,0.9966922442602597
applications,languages,0.996393518234967
applications,bc,0.9936514725819485
applications,october,0.9932405715767813
applications,oriented,0.9807710712113626
applications,programming,0.975348201600263
applications,object,0.974992355589449
applications,systems,0.9710220288164136
applications,19th,0.9521276292166112
applications,companion,0.9264868744145287
used,be,0.9976508520010741
used,from,0.9976097189485035
used,we,0.9975903123161274
used,that,0.9974238738177899
used,are,0.9972802210359395
used,it,0.9971984180980097
used,have,0.9970924012760247
used,more,0.996853557198449
used,has,0.9967809267333284
used,can,0.9967386340177458
countries,spain,0.9983812541121224
countries,germany,0.9963491450695975
countries,females,0.9962320828638986
countries,usually,0.9941620131106857
countries,male,0.9899553691481291
countries,italy,0.9868307007626302
countries,country,0.982256000513954
countries,andrea,0.982035484525013
countries,males,0.9795841123901803
countries,while,0.9609770620776305
case,another,0.9946733764396305
case,instance,0.9906373143565494
case,while,0.9905888592043223
case,other,0.9903038837743041
case,name,0.9841680976192977
case,which,0.9749585698772906
case,usually,0.9507000591432561
case,country,0.9381731643003139
case,males,0.9380320414359472
case,italy,0.9357113935750941
work,use,0.9956982196980115
work,they,0.9946300966094579
work,from,0.9945676810647539
work,these,0.9945395940078128
work,that,0.9945298553063293
work,can,0.9943123307649769
work,be,0.9940087339591914
work,such,0.9938693105212114
work,part,0.9936230047614497
work,are,0.9935915849105239
variable,renaming,0.9950013057413298
variable,deal,0.9949820587971571
variable,cannot,0.9921515250387958
variable,40,0.9849109636179058
variable,yang,0.9796984450214682
variable,60,0.9762206994645628
variable,80,0.9743091333118374
variable,70,0.9739705138303014
variable,jections,0.9726316096693721
variable,bi,0.9682796835792493
working,reverse,0.9957406067956411
working,extraction,0.9931081025677844
working,99,0.984520860566018
working,control,0.9798832592424387
working,maintenance,0.9696519611638764
working,knowledge,0.9632353096692292
working,support,0.9604577067837505
working,11th,0.9584019959234698
working,lintern,0.9481809687022367
working,pages,0.939826057553358
iwpc,paris,0.9980415697995315
iwpc,comprehension,0.9975642324711567
iwpc,june,0.9959179136301543
iwpc,127,0.990867521653354
iwpc,intl,0.9884057145674332
iwpc,2002,0.9880036565739592
iwpc,program,0.9695842799229992
iwpc,architectural,0.9622901227557277
iwpc,studying,0.9601509923753611
iwpc,integrated,0.9484348278437584
wine,uk,0.997498916177564
wine,winehq,0.9925465057161084
wine,www,0.9594977100817025
wine,online,0.9325416420520554
wine,org,0.9263735736351559
wine,available,0.9217282538439927
wine,scotland,0.9196592906835959
wine,edinburgh,0.9117953185369638
wine,finders,0.9075117774975365
wine,http,0.8758197930956636
kingdom,united,0.9994078840682633
kingdom,icse'04,0.9857642215621238
kingdom,28,0.984503726227971
kingdom,563,0.9536340174259649
kingdom,572,0.9535603438176198
kingdom,edinburgh,0.9484956710051176
kingdom,scotland,0.9476599871731293
kingdom,may,0.9286452379100094
kingdom,2004,0.9269098482660864
kingdom,ational,0.919752141471462
j,h,0.9954325712018619
j,1998,0.9941179812385168
j,practice,0.9934891849689156
j,no,0.990023660702672
j,improvement,0.9899497680533467
j,markel,0.986489936852481
j,gray,0.9852799404796966
j,linear,0.9847542415197168
j,jr,0.9837656661853833
j,speech,0.9830927743027151
tor,predic,0.9995103139756685
tor,weak,0.9987900289128339
tor,grade,0.9976529669614698
tor,though,0.9959664207964518
tor,cant,0.9939774064718664
tor,statistically,0.9874211983831575
tor,signi,0.986822816064048
tor,high,0.9809645548895228
tor,level,0.9715361042875491
tor,mutual,0.9593229655405575
environmental,energy,0.9992146823966988
environmental,expo,0.9986213624950784
environmental,1995,0.997315496215099
environmental,houston,0.9956090025944352
environmental,symposium,0.9942274226587019
environmental,texas,0.9926259322508875
environmental,computers,0.9836547832470617
environmental,asme,0.9777682963649572
environmental,engineers,0.9760970634138856
environmental,mechanical,0.973942127331396
doi,1145,0.9978637178230321
doi,2915970,0.9957467398120126
doi,2916008,0.9919743269456148
doi,124242242242,0.9875503158014634
doi,2016,0.9833297485900128
doi,ny,0.9726395537962911
doi,ease,0.9439120942368129
doi,ser,0.9420624476224757
doi,literature,0.9192407830897358
doi,acm,0.8978508830228226
signi,cant,0.9979092058352663
signi,though,0.9965625364783588
signi,statistically,0.9947655990249069
signi,high,0.9920608958443637
signi,weak,0.9914924673953878
signi,grade,0.9890054592936512
signi,predic,0.9880139077782254
signi,tor,0.986822816064048
signi,level,0.9827466399545095
signi,mutual,0.9814758071334053
languages,applications,0.996393518234967
languages,oriented,0.9906131814651362
languages,vancouver,0.9882462719473879
languages,programming,0.9866765817968202
languages,object,0.9858890926873516
languages,october,0.983740672536831
languages,bc,0.9834564962491188
languages,systems,0.9805176387679699
languages,19th,0.9665532894298899
languages,companion,0.9432538406439218
how,that,0.9962714030817725
how,be,0.995990235014437
how,these,0.9958381157138659
how,we,0.9956962231538746
how,their,0.9956665991365679
how,they,0.9955419992283034
how,are,0.9953483403481573
how,from,0.9949798083777341
how,have,0.9948724115148468
how,can,0.9948248067520393
each,have,0.9951929007030389
each,we,0.994788493242964
each,are,0.9946901397634489
each,more,0.9945537321195136
each,that,0.9943804411253669
each,used,0.9939666197746012
each,it,0.9939462276728014
each,be,0.9933976562114557
each,all,0.9933645861752585
each,into,0.9932759369046364
use,can,0.9961124777792545
use,from,0.9957150628965066
use,work,0.9956982196980115
use,be,0.9952957680354061
use,that,0.9951377994197769
use,are,0.9950130249202094
use,these,0.9948625096947846
use,not,0.9946327617307477
use,such,0.9945716489644385
use,they,0.9944550408215467
control,maintenance,0.9937663543231889
control,support,0.9903146466295067
control,extraction,0.9878814643763612
control,working,0.9798832592424387
control,knowledge,0.9676078122891452
control,reverse,0.9620675534916684
control,99,0.9470676679085113
control,version,0.9462442289495521
control,lintern,0.9460738373948997
control,11th,0.940285449383138
hicss,sciences,0.9988738727729507
hicss,hawaii,0.9988348732588549
hicss,january,0.9949190914627054
hicss,38th,0.9850891922102407
hicss,2005,0.9813256409710021
hicss,usa,0.9329119551060967
hicss,community,0.9282635684117373
hicss,system,0.9268220434798045
hicss,05,0.8809472860918849
hicss,oceedings,0.8579254595409258
renaming,variable,0.9950013057413298
renaming,deal,0.9948003843385558
renaming,40,0.9909717643317049
renaming,cannot,0.982856853602982
renaming,80,0.980746303514528
renaming,60,0.9806380011093374
renaming,70,0.9796488603519823
renaming,yang,0.973726248333239
renaming,7relative,0.9725366881558459
renaming,frequency,0.9691143599540549
has,be,0.9980248493866863
has,that,0.9977583102926042
has,we,0.9975097414430709
has,are,0.9972742448148499
has,it,0.9972253287543955
has,have,0.997092376778973
has,been,0.9968815773743656
has,used,0.9967809267333284
has,can,0.9965675718270206
has,from,0.9963295681214062
united,kingdom,0.9994078840682633
united,icse'04,0.9897426127191113
united,28,0.9816003312111785
united,563,0.9526776003445543
united,572,0.9522454097982112
united,edinburgh,0.9489032710367205
united,scotland,0.9471760316067435
united,may,0.9272519815273483
united,2004,0.9250814545886421
united,press,0.9217995042670315
though,cant,0.9992179397712915
though,weak,0.998446946127947
though,predic,0.9968647211493147
though,signi,0.9965625364783588
though,tor,0.9959664207964518
though,grade,0.9949230639386148
though,statistically,0.9948252806154229
though,high,0.9886271146895096
though,level,0.9786561305146775
though,mutual,0.9741601512730469
energy,environmental,0.9992146823966988
energy,symposium,0.997190789156541
energy,expo,0.9962571320856008
energy,1995,0.9944604006408491
energy,houston,0.9922312021102174
energy,texas,0.9888539193335929
energy,computers,0.9886490246850954
energy,asme,0.9834330674030662
energy,engineers,0.982279376837109
energy,mechanical,0.9800287365339329
int,guide,0.9753072283270681
int,gerber,0.9739424893620334
int,histories,0.9735103783574821
int,wei,0.9731161128729764
int,changes,0.9708355708004319
int,zeller,0.963820773383612
int,version,0.9632895156922778
int,diehl,0.9628847906934237
int,conf,0.9478866715326542
int,weigerber,0.9393727674148641
comprehension,iwpc,0.9975642324711567
comprehension,intl,0.9943768002366624
comprehension,paris,0.9922077890964713
comprehension,june,0.9899718118788805
comprehension,127,0.9831897114356136
comprehension,2002,0.9824294660052048
comprehension,program,0.976094374419327
comprehension,architectural,0.971077759086387
comprehension,studying,0.9695864511680534
comprehension,integrated,0.9578936696579502
predic,weak,0.9995772630900335
predic,tor,0.9995103139756685
predic,though,0.9968647211493147
predic,grade,0.9963894389968884
predic,cant,0.9952126416410914
predic,statistically,0.9899582157328455
predic,signi,0.9880139077782254
predic,high,0.9793903750433524
predic,level,0.9685974772380022
predic,mutual,0.9630005685822358
spain,germany,0.9993969571752893
spain,countries,0.9983812541121224
spain,male,0.9954427329601813
spain,italy,0.9928700843796789
spain,females,0.9919656502083277
spain,usually,0.9915807524112588
spain,andrea,0.988493330828403
spain,country,0.9849357640655796
spain,males,0.9817141278898048
spain,while,0.9641676509611863
valuable,viewers,0.9965952655050456
valuable,earlier,0.9962539455022099
valuable,provided,0.9918122541710472
valuable,anonymous,0.9901209199150822
valuable,revisions,0.9898091671650466
valuable,lindig,0.9797801705599236
valuable,christian,0.9749017567710936
valuable,re,0.9730068897024399
valuable,paper,0.971141013530229
valuable,509,0.9703372797551195
more,we,0.9971460728714665
more,are,0.9968644156786981
more,used,0.996853557198449
more,be,0.9967652983568709
more,that,0.9965306960381578
more,have,0.9964628143813907
more,has,0.995875094585723
more,it,0.9956510711700071
more,can,0.9956414780370871
more,from,0.9955065394063862
cant,though,0.9992179397712915
cant,signi,0.9979092058352663
cant,weak,0.9972739339636709
cant,statistically,0.9969727455429269
cant,predic,0.9952126416410914
cant,grade,0.9941779432222606
cant,tor,0.9939774064718664
cant,high,0.9879838610406353
cant,mutual,0.9793789164744026
cant,level,0.9775980398670567
weak,predic,0.9995772630900335
weak,tor,0.9987900289128339
weak,though,0.998446946127947
weak,cant,0.9972739339636709
weak,grade,0.9962700545618516
weak,statistically,0.992575737066786
weak,signi,0.9914924673953878
weak,high,0.9824907272345869
weak,level,0.9716423225233337
weak,mutual,0.9679642644508077
sciences,hicss,0.9988738727729507
sciences,hawaii,0.9965075583712503
sciences,january,0.9918348433956549
sciences,38th,0.9901834649003578
sciences,2005,0.9811713256967074
sciences,community,0.9402106742832766
sciences,system,0.9368377476880889
sciences,usa,0.9359041670651143
sciences,05,0.8819986149942609
sciences,oceedings,0.8657947748291863
was,our,0.9932974817985266
was,information,0.9877943256713302
was,were,0.9801564203571904
was,out,0.9776759180555914
was,i,0.9766077158132291
was,results,0.9747441944343778
was,each,0.9744371444384616
was,than,0.9741885815778248
was,by,0.973973742936498
was,it,0.9738432583278033
their,that,0.9970212850202866
their,it,0.9968170291877612
their,be,0.996647936166251
their,not,0.9965046540078462
their,these,0.9963048383992629
their,are,0.9962616112745196
their,have,0.9962527004034545
their,they,0.9960384243955167
their,can,0.9960253336159112
their,but,0.9956818174338742
prediction,linear,0.9994919524620751
prediction,jr,0.9991421972039602
prediction,gray,0.9986151714819822
prediction,speech,0.9981191214774636
prediction,springer,0.9963240802912264
prediction,markel,0.9958418298283064
prediction,verlag,0.9930738288461971
prediction,1998,0.9910994481533684
prediction,h,0.9849257777714064
prediction,1976,0.9840014183438909
study,an,0.9757286246513042
study,work,0.9743588289213534
study,i,0.9735530057589254
study,computer,0.9733806164157206
study,results,0.9732288215752389
study,from,0.9729117440000619
study,a,0.9728188738173678
study,about,0.9728038225168362
study,by,0.9727594953380032
study,however,0.9723052508911154
line,product,0.9958043073201659
line,family,0.9872719087775577
line,based,0.9828323804595578
line,net,0.9810512983777963
line,weiss,0.9810356689351686
line,lai,0.9778657187330697
line,r,0.9775028401195451
line,addison,0.9761105148320157
line,html,0.9735911123249599
line,process,0.9728208137964871
linear,prediction,0.9994919524620751
linear,jr,0.9992821674943361
linear,gray,0.9989335383708706
linear,speech,0.9975821575719475
linear,markel,0.996485615039065
linear,springer,0.9950726406333894
linear,1998,0.9926284647587413
linear,verlag,0.9917123350422683
linear,h,0.9871143407506532
linear,j,0.9847542415197168
if,two,0.9945097836751056
if,we,0.9914756465016226
if,where,0.991155709382178
if,example,0.9907846471524412
if,when,0.990462430056595
if,or,0.9902146162092322
if,same,0.9901638827623969
if,then,0.9898742460684212
if,that,0.9897366257557284
if,more,0.9896701886584236
also,it,0.9969777914600897
also,be,0.9964204518288766
also,that,0.9963135714435807
also,can,0.9962517846286603
also,from,0.9958173830934264
also,have,0.9956165923217443
also,their,0.995569535925471
also,not,0.995334378512051
also,but,0.995331682133768
also,are,0.9951860867105452
plus,tokens,0.99806415472309
plus,java,0.9928268737266401
plus,javadoc,0.9881263113546732
plus,3we,0.9875214003867862
plus,non,0.9824618122681197
plus,umber,0.9670918635909618
plus,mber,0.9655278943927399
plus,number,0.9508499487401401
plus,de,0.9105628724434623
plus,code,0.9037722431292192
projects,project,0.9961323162749696
projects,developers,0.9898353211362023
projects,provide,0.9893517727944982
projects,about,0.9884597846619283
projects,research,0.9882718913608871
projects,also,0.9860785573986728
projects,use,0.9858933713439718
projects,large,0.9858290304950708
projects,across,0.9854378884738921
projects,repository,0.9854322728930798
no,practice,0.9931912264332492
no,j,0.990023660702672
no,improvement,0.9873937990441095
no,h,0.9857128806573527
no,1998,0.9777082347929029
no,empirical,0.9710272967041762
no,levels,0.9677550654866558
no,new,0.9665970150541778
no,markel,0.9636731090961141
no,d,0.9618314474870349
germany,spain,0.9993969571752893
germany,male,0.9977571424271109
germany,countries,0.9963491450695975
germany,italy,0.9956587235127625
germany,andrea,0.9916989493798091
germany,usually,0.9894335417814735
germany,females,0.988652720896728
germany,country,0.9866997556410805
germany,males,0.9833575288356378
germany,while,0.9661502646194078
symposium,energy,0.997190789156541
symposium,computers,0.9948676311003373
symposium,environmental,0.9942274226587019
symposium,engineers,0.9911849895212639
symposium,asme,0.9908964053698349
symposium,expo,0.9885478857718691
symposium,mechanical,0.9884539967700969
symposium,1995,0.9862727003337778
symposium,society,0.984863170274406
symposium,houston,0.9830456411607289
two,if,0.9945097836751056
two,between,0.9939704492534301
two,we,0.9936623942393499
two,more,0.9934179176887795
two,are,0.9916975985342746
two,each,0.9913340593789539
two,then,0.9912383247521842
two,that,0.9912104634882176
two,or,0.9908753296191204
two,have,0.9908545472225182
uk,wine,0.997498916177564
uk,winehq,0.9861758554474991
uk,www,0.9597338887502445
uk,scotland,0.9311918816915137
uk,online,0.930529262165236
uk,edinburgh,0.9243498567443755
uk,org,0.923057465620241
uk,available,0.9214567432734089
uk,finders,0.9175450410003156
uk,repositories,0.884296305004683
between,two,0.9939704492534301
between,we,0.9935423017052772
between,more,0.9930561539382561
between,each,0.9926896969966285
between,are,0.9921389727133745
between,used,0.9915051084446689
between,that,0.9910133889457037
between,be,0.9908809144099212
between,have,0.9903310864066557
between,well,0.9902615623275505
g,i,0.987827961572159
g,e,0.9855047105640136
g,l,0.9840300346696622
g,f,0.983850109239674
g,k,0.9829494801586423
g,ing,0.9820612249342924
g,o,0.9810441815157823
g,al,0.980872026737629
g,using,0.9808455101421504
g,an,0.9800032871277093
accuracy,coverage,0.9950160148437865
accuracy,129,0.9932376154181368
accuracy,57,0.9916552007174979
accuracy,cccccgggggaaaaavvvvvresults,0.9907240246864137
accuracy,without,0.9778891451401368
accuracy,279coverage,0.9770624444631847
accuracy,prefixresults,0.9728278730566463
accuracy,prefix,0.9631249034542364
accuracy,words,0.9630292362560113
accuracy,31,0.959103056286871
cccccgggggaaaaavvvvvresults,129,0.9991897252828636
cccccgggggaaaaavvvvvresults,accuracy,0.9907240246864137
cccccgggggaaaaavvvvvresults,prefixresults,0.9895480567877857
cccccgggggaaaaavvvvvresults,coverage,0.9854955951515385
cccccgggggaaaaavvvvvresults,57,0.9822273582429093
cccccgggggaaaaavvvvvresults,prefix,0.9812115636829674
cccccgggggaaaaavvvvvresults,without,0.9794832358379808
cccccgggggaaaaavvvvvresults,279coverage,0.9727133043285392
cccccgggggaaaaavvvvvresults,31,0.954629688448015
cccccgggggaaaaavvvvvresults,words,0.9383302617750187
they,that,0.9968697996846461
they,be,0.9965239345780506
they,have,0.9962064770899851
they,can,0.9961338778250854
they,these,0.9961096566409804
they,their,0.9960384243955167
they,not,0.9958282983012985
they,such,0.9956620751345582
they,how,0.9955419992283034
they,are,0.995429859240426
1st,grained,0.9956021936942219
1st,preprocessing,0.9829858250669399
1st,weisgerber,0.9794571588987903
1st,victoria,0.9729369437766722
1st,repositories,0.9594070132723165
1st,cvs,0.9506304750794221
1st,2003,0.9504542808777083
1st,thesis,0.9416015096046776
1st,workshop,0.9400994074108664
1st,mining,0.9319719827547241
24,25,0.9987595879109878
24,27,0.9983408846748933
24,13,0.9940520611554358
24,14,0.9922781275629693
24,17,0.9905352447097024
24,12,0.974149443751941
24,18,0.9734792289125946
24,29,0.9690409730029096
24,9,0.964648885883553
24,11,0.9612774877631487
results,from,0.994373819379332
results,it,0.9940365249741809
results,we,0.9938457685635796
results,used,0.99355590891904
results,also,0.9932594669218472
results,that,0.9932414703212926
results,have,0.9930818609103309
results,are,0.9924412777250932
results,can,0.9923270372644433
results,by,0.9923182302481482
using,from,0.993978581317135
using,are,0.9926657423222441
using,can,0.9923540995355971
using,use,0.9922647415496328
using,be,0.9922379215511334
using,that,0.9921424331699742
using,it,0.9920491951593547
using,not,0.9917195218657865
using,have,0.9912904187527849
using,work,0.9911032721345696
example,only,0.9939019324825669
example,that,0.9935417391968959
example,be,0.9931538740860795
example,some,0.9929889285522606
example,have,0.9929823276475384
example,we,0.9928221418070744
example,not,0.9924664799557501
example,are,0.9923813117134499
example,such,0.9922295752911887
example,has,0.9918853945880981
modelling,lightweight,0.9971476959374672
modelling,micromodels,0.9931720040876139
modelling,alloy,0.9917610190585286
modelling,cge,0.9916705340453383
modelling,miryung,0.9908445397692089
modelling,homes,0.9904933152682098
modelling,mit,0.9900569657855356
modelling,washington,0.987765556403641
modelling,edu,0.9869063499173527
modelling,cs,0.9732035195690476
type,tool,0.9806309464102889
type,variables,0.9663331415866221
type,function,0.9663196151448308
type,or,0.9654279689144278
type,introduce,0.9634414422467468
type,types,0.9613156283060991
type,if,0.960804827160238
type,addition,0.9603544503588897
type,last,0.9588540970141395
type,two,0.958103183776689
some,can,0.9959082378541821
some,that,0.9958118163010243
some,have,0.9957873606903402
some,be,0.9954296791061463
some,not,0.9952199704286548
some,but,0.9950225407904845
some,such,0.9949420756137637
some,it,0.9948137172792417
some,from,0.9947420443629966
some,we,0.9942047493671345
lightweight,modelling,0.9971476959374672
lightweight,micromodels,0.9945456403035575
lightweight,cge,0.9932788877943757
lightweight,miryung,0.9927553130204552
lightweight,homes,0.9919913935696008
lightweight,washington,0.989649099622645
lightweight,alloy,0.985235930638463
lightweight,edu,0.983840176762212
lightweight,mit,0.9838350634500972
lightweight,cs,0.9828376630898725
family,product,0.989253584302447
family,addison,0.9889097705875752
family,line,0.9872719087775577
family,lai,0.9868470390566157
family,wesley,0.9848438245649285
family,weiss,0.9834012924576793
family,boston,0.9794702694728517
family,ma,0.9743309861085375
family,1999,0.9728624642824673
family,net,0.9622596004708878
paci,asia,0.9997857708373863
paci,apsec,0.9919578374954414
paci,472,0.9841918974812083
paci,481,0.9819522849684077
paci,collaboration,0.9672035311549063
paci,supporting,0.9579951528841206
paci,conf,0.947315126698848
paci,11th,0.9445940089832257
paci,conceptual,0.9406079247936818
paci,framework,0.9348356692435893
time,from,0.9929754856539381
time,it,0.9927636852369837
time,used,0.991496157611296
time,can,0.9911172098029064
time,be,0.9909776933647425
time,their,0.9907925001664297
time,results,0.9906894951050169
time,are,0.9906484027140159
time,that,0.9901322161501898
time,by,0.9899262863477851
product,line,0.9958043073201659
product,family,0.989253584302447
product,weiss,0.9861797515587968
product,lai,0.9825946708629099
product,net,0.9816810025317277
product,based,0.9799006614318921
product,html,0.9759614389479133
product,addison,0.9750371787693988
product,r,0.9749941466149923
product,sourceforge,0.9718084448743611
129,cccccgggggaaaaavvvvvresults,0.9991897252828636
129,accuracy,0.9932376154181368
129,coverage,0.9882878904647323
129,57,0.9857683092369369
129,prefixresults,0.9844584125703002
129,279coverage,0.9761947844102369
129,without,0.9756385801081595
129,prefix,0.9751454857287853
129,31,0.95972051577489
129,wodsdtotal,0.9420637761528168
extraction,working,0.9931081025677844
extraction,control,0.9878814643763612
extraction,reverse,0.9829025878109607
extraction,maintenance,0.9793447159738469
extraction,support,0.9674315724710256
extraction,99,0.9660489355316421
extraction,knowledge,0.9630133648196582
extraction,lintern,0.9556656343302337
extraction,11th,0.9464119733432195
extraction,proc,0.9219393206201849
asia,paci,0.9997857708373863
asia,apsec,0.989703042841581
asia,472,0.9813993441043172
asia,481,0.9790543620369931
asia,collaboration,0.9698022726283884
asia,supporting,0.9607898158742302
asia,11th,0.944166347162311
asia,conf,0.9441636680984762
asia,conceptual,0.9435680173728405
asia,framework,0.9367563138509645
jr,gray,0.999838243414781
jr,linear,0.9992821674943361
jr,prediction,0.9991421972039602
jr,markel,0.9981301668906015
jr,speech,0.9963733494368401
jr,springer,0.9945672234802416
jr,1998,0.9936356759699256
jr,verlag,0.991009416463078
jr,h,0.9848837170574823
jr,j,0.9837656661853833
viewers,anonymous,0.9971839031438167
viewers,valuable,0.9965952655050456
viewers,lindig,0.9899717478052087
viewers,provided,0.9882142562936757
viewers,earlier,0.9873703173929456
viewers,christian,0.9855974718701268
viewers,509,0.9810725216896785
viewers,ze,0.9791484855855739
viewers,revisions,0.978323405169907
viewers,grant,0.9770387170477911
maintenance,control,0.9937663543231889
maintenance,support,0.9910687039574171
maintenance,extraction,0.9793447159738469
maintenance,working,0.9696519611638764
maintenance,knowledge,0.96054320181941
maintenance,version,0.9544134713235469
maintenance,reverse,0.9512107184142327
maintenance,lintern,0.948568062879211
maintenance,to,0.9358133143619699
maintenance,99,0.9356083278643696
cannot,deal,0.9931165388521388
cannot,variable,0.9921515250387958
cannot,yang,0.989612886809497
cannot,jections,0.9830811377887911
cannot,renaming,0.982856853602982
cannot,bi,0.9790195412306844
cannot,40,0.9701855784835425
cannot,60,0.9621322008454744
cannot,tool,0.9620645309366997
cannot,70,0.9588045043982105
many,not,0.9947633017762498
many,have,0.9945724230866522
many,that,0.9940637816879216
many,because,0.9936181758313716
many,they,0.993154062676175
many,be,0.9931274990352268
many,but,0.9927673741133582
many,some,0.9926635198000437
many,use,0.9921778889044882
many,has,0.99214700755051
oriented,object,0.9989823960392253
oriented,languages,0.9906131814651362
oriented,programming,0.9901698557085754
oriented,19th,0.9895616504883569
oriented,applications,0.9807710712113626
oriented,systems,0.9801985705963626
oriented,companion,0.9725775262625174
oriented,vancouver,0.9665016540456688
oriented,october,0.9601197466246523
oriented,bc,0.959421371286596
gray,jr,0.999838243414781
gray,linear,0.9989335383708706
gray,markel,0.9987768165074056
gray,prediction,0.9986151714819822
gray,speech,0.9958143910222529
gray,1998,0.9948402503857905
gray,springer,0.993916358139791
gray,verlag,0.9903186110231785
gray,h,0.9856391168733454
gray,j,0.9852799404796966
figure,between,0.9888336769598258
figure,two,0.988624728267947
figure,see,0.9881970290153337
figure,if,0.9874555512796757
figure,each,0.9872220466364092
figure,we,0.986728726614158
figure,more,0.9857188744217833
figure,same,0.9855332903370827
figure,shows,0.985371223094842
figure,all,0.9847410034820079
open,projects,0.9576999189701826
open,project,0.9564172575288146
open,develop,0.9522968019053493
open,free,0.9522115953265201
open,measurement,0.9516748795611218
open,research,0.9513278244380385
open,developers,0.9511815444733221
open,supported,0.950261650972337
open,computing,0.9502085685984034
open,system,0.9492412748835464
only,have,0.9950567512052673
only,that,0.9946026135517918
only,not,0.9943312228996706
only,example,0.9939019324825669
only,but,0.9932796308530396
only,some,0.9932625160449818
only,we,0.9931503540548787
only,it,0.9928478573241579
only,are,0.9926159547465006
only,be,0.9925112226025999
57,coverage,0.9924683423047289
57,accuracy,0.9916552007174979
57,129,0.9857683092369369
57,cccccgggggaaaaavvvvvresults,0.9822273582429093
57,279coverage,0.9788886212933519
57,31,0.97722122728349
57,without,0.9728297699061571
57,words,0.9679170111137494
57,prefixresults,0.9635591959033465
57,prefix,0.9542718772581644
intl,comprehension,0.9943768002366624
intl,architectural,0.9890657775130165
intl,iwpc,0.9884057145674332
intl,studying,0.9866475119922498
intl,paris,0.980879959288983
intl,june,0.9783277205230696
intl,integrated,0.9769602892549036
intl,program,0.9715578551584986
intl,2002,0.970302194774753
intl,127,0.9696182442095824
diehl,zeller,0.998402795265132
diehl,gerber,0.9920066097853157
diehl,weigerber,0.9918433824218448
diehl,wei,0.990619947968514
diehl,histories,0.9892233511055424
diehl,guide,0.9786484209320815
diehl,version,0.9725176022274882
diehl,int,0.9628847906934237
diehl,changes,0.9552968526216299
diehl,zimmermann,0.9373157251165266
icse'04,united,0.9897426127191113
icse'04,kingdom,0.9857642215621238
icse'04,28,0.961317430826937
icse'04,563,0.9511601924818235
icse'04,572,0.9493745181053155
icse'04,icse,0.9453474874639525
icse'04,press,0.94116287391584
icse'04,edinburgh,0.9374854224009335
icse'04,26th,0.930523380590545
icse'04,scotland,0.929708035262089
support,maintenance,0.9910687039574171
support,control,0.9903146466295067
support,extraction,0.9674315724710256
support,knowledge,0.9627611360596494
support,working,0.9604577067837505
support,to,0.9553504860819486
support,version,0.9518103793488868
support,approach,0.9441210881717501
support,management,0.9398099462930813
support,reverse,0.9396798431359681
male,italy,0.9993241135229458
male,germany,0.9977571424271109
male,andrea,0.9970268982037014
male,spain,0.9954427329601813
male,countries,0.9899553691481291
male,country,0.9890599861736621
male,males,0.9854538963966424
male,usually,0.9816936961308174
male,females,0.9797458397272399
male,instance,0.963844312406603
m,approach,0.9737031738270255
m,evolution,0.971457672077144
m,an,0.968876363322423
m,w,0.9667452857358074
m,q,0.965643733561268
m,l,0.9596057681316967
m,program,0.9594751147058738
m,g,0.958730818881901
m,k,0.9576424346643626
m,and,0.9554693017887819
but,not,0.9974253659174055
but,that,0.9964662481676194
but,have,0.9960616401422542
but,it,0.9958437722620039
but,their,0.9956818174338742
but,be,0.9956235530907569
but,also,0.995331682133768
but,are,0.9950306200001383
but,some,0.9950225407904845
but,can,0.994667043644633
statistically,cant,0.9969727455429269
statistically,though,0.9948252806154229
statistically,signi,0.9947655990249069
statistically,weak,0.992575737066786
statistically,predic,0.9899582157328455
statistically,mutual,0.9887707186183246
statistically,tor,0.9874211983831575
statistically,grade,0.9865600846161491
statistically,predictor,0.9783307152672804
statistically,high,0.9778127301504356
grained,1st,0.9956021936942219
grained,preprocessing,0.9930441072509677
grained,weisgerber,0.9894791290204386
grained,victoria,0.9801915591218667
grained,cvs,0.9623394478168834
grained,2003,0.9543254071591525
grained,thesis,0.9506135090088954
grained,repositories,0.9485248590454034
grained,data,0.9327196782695055
grained,zimmermann,0.9326771065913302
deal,variable,0.9949820587971571
deal,renaming,0.9948003843385558
deal,cannot,0.9931165388521388
deal,yang,0.9894598445775784
deal,jections,0.9840002792141574
deal,40,0.9800500802705501
deal,bi,0.9792671724076623
deal,60,0.9689830906079543
deal,80,0.9675068496206045
deal,70,0.9669550023325806
same,have,0.9915385053730793
same,we,0.9910922070031174
same,two,0.9905808501044542
same,more,0.9905581621056341
same,example,0.9903291135779039
same,if,0.9901638827623969
same,all,0.9895449247584223
same,then,0.9894478437393033
same,that,0.9893861050743733
same,used,0.9893239184290956
when,that,0.9948180504418618
when,we,0.9945998250379002
when,be,0.9941742666693865
when,has,0.9940477408248688
when,not,0.9938946021545978
when,have,0.9933670005354149
when,are,0.9928057228414018
when,been,0.9918852324767231
when,it,0.9918342482136853
when,they,0.9918072761281769
n,in,0.9873774301319278
n,l,0.9804162976648414
n,and,0.9801430006494618
n,g,0.979946362451759
n,of,0.9796202599260448
n,on,0.9791418339111977
n,e,0.9787583516177498
n,a,0.975999345761601
n,f,0.9758913154792872
n,ing,0.975621712007243
instance,while,0.9938693406528669
instance,case,0.9906373143565494
instance,name,0.9899985222446983
instance,another,0.9873230727206652
instance,other,0.9769865577292871
instance,usually,0.9720165724563354
instance,country,0.9685218330080015
instance,males,0.9669391600970014
instance,italy,0.9658576031574135
instance,male,0.963844312406603
object,oriented,0.9989823960392253
object,19th,0.9932712785989315
object,programming,0.986207784042809
object,languages,0.9858890926873516
object,companion,0.9779559541615843
object,applications,0.974992355589449
object,systems,0.9746274027234056
object,easy,0.9622766892659392
object,vancouver,0.9597532627604817
object,october,0.9525034761939162
anonymous,viewers,0.9971839031438167
anonymous,lindig,0.9967417038973512
anonymous,christian,0.9936867244959671
anonymous,509,0.9902556493412344
anonymous,valuable,0.9901209199150822
anonymous,ze,0.9887236279196128
anonymous,grant,0.9867735047963273
anonymous,provided,0.9845817448784265
anonymous,earlier,0.9777993852355855
anonymous,forschungsgemeinschaft,0.9755079298950422
coverage,accuracy,0.9950160148437865
coverage,57,0.9924683423047289
coverage,129,0.9882878904647323
coverage,cccccgggggaaaaavvvvvresults,0.9854955951515385
coverage,279coverage,0.9811076196591775
coverage,without,0.9737042887142728
coverage,prefixresults,0.9677361837371823
coverage,words,0.9660364731851496
coverage,prefix,0.9580743649436014
coverage,31,0.955646936568092
italy,male,0.9993241135229458
italy,andrea,0.9985462097927622
italy,germany,0.9956587235127625
italy,spain,0.9928700843796789
italy,country,0.9895450813896141
italy,countries,0.9868307007626302
italy,males,0.9854546479044299
italy,usually,0.9789009605064037
italy,females,0.9757945553316469
italy,instance,0.9658576031574135
27,24,0.9983408846748933
27,25,0.9977239557372142
27,13,0.9914537452360253
27,14,0.9895312735560687
27,17,0.9872684709945623
27,12,0.9689857458656667
27,18,0.9679344215162247
27,29,0.9664532513729257
27,9,0.9598159567542583
27,11,0.95544113902887
about,their,0.9938210176125459
about,also,0.9935277301108727
about,from,0.9933869575371992
about,these,0.9933775458189655
about,work,0.993289081178639
about,use,0.9927730974163571
about,it,0.9927692260646186
about,can,0.9924397362124977
about,they,0.9922189966935007
about,be,0.9919651256484274
non,javadoc,0.992620274603733
non,3we,0.9913573904304958
non,java,0.9826442891492894
non,plus,0.9824618122681197
non,tokens,0.9762133824836835
non,number,0.9659008873543299
non,de,0.9499983541701299
non,umber,0.9485822672287727
non,mber,0.9465238061933801
non,code,0.9303408573592233
2016,ny,0.9968248971754325
2016,doi,0.9833297485900128
2016,ease,0.9790567708317075
2016,ser,0.9762060500994068
2016,1145,0.9747985860665713
2016,2915970,0.9705261510525383
2016,2916008,0.9641552562731577
2016,124242242242,0.9577331794445314
2016,literature,0.9564395206468693
2016,grey,0.9369339963550112
zimmermann,2003,0.9762074342153171
zimmermann,mining,0.9720226448359199
zimmermann,thesis,0.9553101069815333
zimmermann,cvs,0.9489756603807186
zimmermann,university,0.9482980445932352
zimmermann,victoria,0.9468079941031711
zimmermann,gerber,0.9434798751982683
zimmermann,wei,0.9410466245878746
zimmermann,t,0.9392938438363269
zimmermann,data,0.9380484256135793
than,that,0.9961629008685361
than,we,0.9960063467313884
than,all,0.9955363856570559
than,not,0.9951283996935045
than,are,0.9950339530612483
than,have,0.9949004771952774
than,it,0.9948722672277267
than,more,0.9947315847245952
than,be,0.9946848785827156
than,from,0.9943732851945402
computers,asme,0.998797318834576
computers,engineers,0.9976885874345776
computers,mechanical,0.9969198369286982
computers,symposium,0.9948676311003373
computers,american,0.9907841413086749
computers,society,0.9899270800143081
computers,energy,0.9886490246850954
computers,environmental,0.9836547832470617
computers,expo,0.9754585438591665
computers,1995,0.9721142947152426
been,has,0.9968815773743656
been,be,0.996635964758718
been,that,0.9958845161591711
been,can,0.9956335428196033
been,it,0.9954826902416698
been,from,0.9953786215424711
been,have,0.9953429107452489
been,such,0.9949456234033693
been,we,0.99493957564987
been,are,0.9949317745720363
markel,gray,0.9987768165074056
markel,jr,0.9981301668906015
markel,1998,0.9971260547289592
markel,linear,0.996485615039065
markel,prediction,0.9958418298283064
markel,speech,0.9928705857963278
markel,springer,0.9908062300709328
markel,verlag,0.987073096647781
markel,j,0.986489936852481
markel,h,0.984354397861362
practice,j,0.9934891849689156
practice,no,0.9931912264332492
practice,improvement,0.9930831943839926
practice,1998,0.9888466588559964
practice,h,0.9878848688553211
practice,markel,0.9782291531193001
practice,gray,0.975268799072321
practice,linear,0.9736369176122031
practice,jr,0.9730593618482002
practice,speech,0.9720981180690778
another,case,0.9946733764396305
another,other,0.990335656221111
another,instance,0.9873230727206652
another,while,0.9855557443852476
another,name,0.9827161457301885
another,which,0.9766470538288123
another,usually,0.9450737742837847
another,signed,0.9339111769119363
another,males,0.9329815274211595
another,country,0.9326085147319969
community,38th,0.9689595949755252
community,system,0.956421050686556
community,sciences,0.9402106742832766
community,2005,0.9355155858896185
community,open,0.9293880372436789
community,hicss,0.9282635684117373
community,hawaii,0.9236556563881305
community,january,0.9194587140083383
community,topological,0.918783659067432
community,development,0.9129259272686633
function,functions,0.9945316967536797
function,variables,0.9808310284490888
function,versions,0.9770838621802856
function,changed,0.9762115524163069
function,common,0.9753566012465692
function,addition,0.9748391465422142
function,body,0.9746925244087371
function,global,0.9731962902260776
function,names,0.9727951509525854
function,deletion,0.9724788842458381
research,about,0.9918251902942712
research,provide,0.989104881475712
research,projects,0.9882718913608871
research,should,0.9870572446897198
research,large,0.9868309190014284
research,researchers,0.9864044743293756
research,project,0.9859485023716079
research,tools,0.9856340049448011
research,also,0.9855064499957769
research,use,0.9852786428492823
were,than,0.992076809196468
were,out,0.9918239530419372
were,we,0.9903953858147165
were,that,0.9902006110289638
were,each,0.9898466179072714
were,all,0.9890499357336344
were,are,0.9886410415827561
were,have,0.9884650673206599
were,found,0.9884400433308342
were,it,0.9882613240251038
repository,these,0.988865987038632
repository,provide,0.9884795456796882
repository,about,0.9881464629137019
repository,their,0.9869539816018411
repository,it,0.9867437449974297
repository,use,0.9865594234311397
repository,into,0.9863189153969318
repository,such,0.9863102836801854
repository,from,0.9861441886938386
repository,be,0.9860153402244953
1998,markel,0.9971260547289592
1998,gray,0.9948402503857905
1998,j,0.9941179812385168
1998,jr,0.9936356759699256
1998,linear,0.9926284647587413
1998,prediction,0.9910994481533684
1998,h,0.9896543008541102
1998,speech,0.9895792910370413
1998,practice,0.9888466588559964
1998,improvement,0.9872751250255596
table,found,0.9835696999740539
table,see,0.983504536846386
table,all,0.9834069883901739
table,only,0.9832704623152597
table,since,0.9831852219486555
table,we,0.9819738641008425
table,than,0.9818131886996433
table,it,0.9816249628029508
table,are,0.9816037741623533
table,them,0.9815631829763871
there,it,0.995049280575847
there,their,0.9947982550075751
there,but,0.9944913262274975
there,also,0.9943470056033499
there,not,0.9943030885318935
there,that,0.9941579963727012
there,have,0.9941548101929567
there,be,0.9935739290290181
there,are,0.9930717504612292
there,has,0.992660839202989
w,m,0.9667452857358074
w,evolution,0.9520497697402297
w,program,0.9506932294021024
w,q,0.9484065478222402
w,approach,0.9479631216296218
w,an,0.9305452088887931
w,studying,0.9296209503667858
w,systems,0.9273083181970359
w,integrated,0.9262527100047928
w,programming,0.9249823556316873
38th,sciences,0.9901834649003578
38th,hicss,0.9850891922102407
38th,hawaii,0.9809490447160525
38th,january,0.9746940778114952
38th,community,0.9689595949755252
38th,2005,0.9680821924827901
38th,system,0.941805235577104
38th,usa,0.9267933736579739
38th,topological,0.878662641915518
38th,proceedings,0.8776340674412546
micromodels,cge,0.9997216168166171
micromodels,miryung,0.9992436451689926
micromodels,homes,0.9987485961264944
micromodels,washington,0.9960858569097155
micromodels,lightweight,0.9945456403035575
micromodels,modelling,0.9931720040876139
micromodels,cs,0.9802571602975987
micromodels,alloy,0.9760848313030728
micromodels,mit,0.9737023869916273
micromodels,edu,0.9714240133185035
bug,been,0.9748420587198727
bug,database,0.9718698677699874
bug,x,0.9713459215628992
bug,reports,0.9709131712327084
bug,has,0.9708344358129966
bug,con,0.9698140552040619
bug,rst,0.9697413964682611
bug,need,0.9693162991098271
bug,from,0.9690358575846776
bug,such,0.9689728094801386
developers,developer,0.9934645639762208
developers,project,0.990455519690579
developers,projects,0.9898353211362023
developers,few,0.9875884987163626
developers,through,0.9827752017045819
developers,problems,0.981078603280531
developers,use,0.9806349581098934
developers,com,0.9801704122204629
developers,users,0.9800527710886424
developers,among,0.9799794685417093
di,erent,0.9927847167026919
di,have,0.9900871607108006
di,has,0.9898922261821705
di,we,0.9896787713027164
di,two,0.9894039906594434
di,be,0.9889131836972791
di,more,0.9889011236581465
di,that,0.9887094713796274
di,are,0.9885586035856624
di,same,0.988244656120491
its,be,0.9959852183701328
its,it,0.9956131358724445
its,has,0.9954818556895458
its,that,0.9953281916740525
its,can,0.9952484142724287
its,are,0.9951777508413501
its,we,0.9947028573774296
its,such,0.9944667410677052
its,from,0.994299228800259
its,have,0.9942325131511281
ny,2016,0.9968248971754325
ny,ease,0.9899208225381068
ny,ser,0.9869933576309864
ny,doi,0.9726395537962911
ny,literature,0.969748406026991
ny,1145,0.9630460515442342
ny,2915970,0.9584034586208166
ny,grey,0.953563056182851
ny,2916008,0.9517166158948152
ny,124242242242,0.9452480120927392
lindig,christian,0.9991242164936225
lindig,509,0.9970732762853226
lindig,anonymous,0.9967417038973512
lindig,ze,0.9962558758235813
lindig,grant,0.9935158801556858
lindig,viewers,0.9899717478052087
lindig,forschungsgemeinschaft,0.9852130020168512
lindig,deutsche,0.9814834704649618
lindig,valuable,0.9797801705599236
lindig,provided,0.9737684767808673
andrea,italy,0.9985462097927622
andrea,male,0.9970268982037014
andrea,germany,0.9916989493798091
andrea,country,0.9897110965059595
andrea,spain,0.988493330828403
andrea,males,0.9848607011751436
andrea,countries,0.982035484525013
andrea,usually,0.973104618128557
andrea,females,0.9702498415361072
andrea,instance,0.9635247261997938
javadoc,3we,0.9984991309020745
javadoc,non,0.992620274603733
javadoc,plus,0.9881263113546732
javadoc,tokens,0.9797087196511582
javadoc,java,0.9762003667204422
javadoc,umber,0.9437330986771731
javadoc,mber,0.9388177478478887
javadoc,number,0.9367628519231247
javadoc,de,0.9101047551744301
javadoc,code,0.8872319011534526
asme,computers,0.998797318834576
asme,engineers,0.9986634881561929
asme,mechanical,0.998397491655304
asme,american,0.992491582678523
asme,symposium,0.9908964053698349
asme,society,0.990792876409297
asme,energy,0.9834330674030662
asme,environmental,0.9777682963649572
asme,expo,0.968745363929655
asme,1995,0.9651053091923507
studying,architectural,0.9959793673414874
studying,integrated,0.9939151005922622
studying,intl,0.9866475119922498
studying,godfrey,0.9800034403224516
studying,tu,0.9725053584491326
studying,comprehension,0.9695864511680534
studying,664,0.9660782174257108
studying,675,0.9651408223388971
studying,1977,0.9623644575591888
studying,evolution,0.960545823235867
will,it,0.9932278343791014
will,also,0.9930672668817453
will,be,0.9928635313859108
will,have,0.9925822677019658
will,can,0.9925793632496962
will,their,0.9924961980779541
will,from,0.9917897655899591
will,used,0.9917136633223103
will,has,0.9915646869391946
will,are,0.9915631383701086
cge,micromodels,0.9997216168166171
cge,miryung,0.9997215785805653
cge,homes,0.9993578142930984
cge,washington,0.99711684770907
cge,lightweight,0.9932788877943757
cge,modelling,0.9916705340453383
cge,cs,0.980943554332661
cge,alloy,0.974235766829926
cge,mit,0.9717851546511445
cge,edu,0.9695445510629512
because,many,0.9936181758313716
because,not,0.9929833838732534
because,often,0.9929245177403878
because,that,0.9919505484721065
because,have,0.9915464704574093
because,would,0.9914158460744439
because,be,0.9912955682760693
because,but,0.9906933568331021
because,they,0.9902732510290206
because,has,0.9898620161540856
architectural,studying,0.9959793673414874
architectural,integrated,0.990589518464595
architectural,intl,0.9890657775130165
architectural,godfrey,0.9800095967919842
architectural,comprehension,0.971077759086387
architectural,tu,0.9700868422430486
architectural,675,0.9641937356786594
architectural,664,0.9627572701521778
architectural,iwpc,0.9622901227557277
architectural,1977,0.9616054920779536
related,can,0.9917228575806636
related,from,0.9911126391024689
related,about,0.9910946082621802
related,how,0.9906033254370935
related,use,0.9903721149681393
related,they,0.9902912695214617
related,that,0.990201231849583
related,it,0.9900600415530499
related,are,0.9900299279249785
related,their,0.9899930739646734
net,sourceforge,0.9953493013214829
net,based,0.9822210023995125
net,product,0.9816810025317277
net,line,0.9810512983777963
net,r,0.9797347747222884
net,html,0.97832597233221
net,weiss,0.9775879768245208
net,process,0.9711906775273356
net,family,0.9622596004708878
net,lai,0.9614751081765764
mutual,predictor,0.9942228307354236
mutual,scoring,0.9927858184671396
mutual,statistically,0.9887707186183246
mutual,top,0.9818999920151836
mutual,signi,0.9814758071334053
mutual,cant,0.9793789164744026
mutual,though,0.9741601512730469
mutual,weak,0.9679642644508077
mutual,predic,0.9630005685822358
mutual,grade,0.9614661190477591
engineers,mechanical,0.9986846568663243
engineers,asme,0.9986634881561929
engineers,computers,0.9976885874345776
engineers,society,0.9954766622473595
engineers,american,0.9953956004717551
engineers,symposium,0.9911849895212639
engineers,energy,0.982279376837109
engineers,environmental,0.9760970634138856
engineers,expo,0.9667242783809452
engineers,1995,0.9635291465302898
found,we,0.9927417651170383
found,that,0.9925437579792329
found,all,0.9923367616668898
found,used,0.991968837574082
found,have,0.9919073292365197
found,not,0.991838438535618
found,than,0.9914610023508783
found,more,0.9913635886385019
found,from,0.9911313301513222
found,are,0.9910181032914358
collaboration,supporting,0.9942967472594848
collaboration,conceptual,0.9807920242114861
collaboration,asia,0.9698022726283884
collaboration,framework,0.9693819043072622
collaboration,paci,0.9672035311549063
collaboration,apsec,0.9463560878862702
collaboration,472,0.9335591748615011
collaboration,481,0.9302211949999695
collaboration,11th,0.9167958064666527
collaboration,knowledge,0.9139067255211596
i,are,0.9901056347354615
i,from,0.989486265101424
i,we,0.9891378279846675
i,that,0.9879179691974692
i,using,0.987909473773514
i,g,0.987827961572159
i,by,0.9877502573850715
i,it,0.9876917314993194
i,results,0.9875682530051871
i,b,0.9871342707847894
into,it,0.9946564728695111
into,be,0.9945230383800235
into,from,0.9944414290138627
into,are,0.9942483458943313
into,that,0.9941790026686321
into,such,0.9940774064184694
into,we,0.9939137813075045
into,can,0.9938077973195631
into,used,0.9937528279640762
into,have,0.9936363144256632
christian,509,0.999212867231591
christian,lindig,0.9991242164936225
christian,ze,0.9987649696003846
christian,grant,0.9964756254022876
christian,anonymous,0.9936867244959671
christian,forschungsgemeinschaft,0.9897223798196244
christian,deutsche,0.986007000893633
christian,viewers,0.9855974718701268
christian,valuable,0.9749017567710936
christian,provided,0.9699199932524183
over,more,0.9903909301101057
over,are,0.9903500494288628
over,we,0.990191850436433
over,has,0.9899546300862054
over,between,0.9897620911977313
over,be,0.9891186035582055
over,that,0.9890911087628581
over,these,0.9890561735356134
over,used,0.9888923911879981
over,how,0.9888172332238776
history,et,0.9893829102356824
history,proposed,0.9853526326592497
history,several,0.9847570261207592
history,release,0.9847023211928114
history,identify,0.9832500021562278
history,during,0.9826941817369967
history,releases,0.9824331242608116
history,they,0.982313803634717
history,historical,0.9821357431952398
history,al,0.982058333336433
19th,object,0.9932712785989315
19th,companion,0.9930164420307788
19th,oriented,0.9895616504883569
19th,easy,0.9780626595585113
19th,programming,0.9749378936350428
19th,languages,0.9665532894298899
19th,finding,0.9632640351428066
19th,pugh,0.9626689224187861
19th,systems,0.9603082252902737
19th,hovemeyer,0.957349431082092
questions,question,0.9879369872179895
questions,answer,0.9849886716906302
questions,related,0.982626165434723
questions,what,0.9824595900543089
questions,help,0.9818267132155052
questions,speci,0.979919963677884
questions,four,0.9796367085299473
questions,answers,0.9785646532154264
questions,general,0.9784347248389826
questions,documentation,0.9781353561642284
them,not,0.9939139684605827
them,have,0.9937345167353826
them,from,0.9936787724179907
them,that,0.993375456736237
them,but,0.993321387358353
them,are,0.993196560853823
them,can,0.9928005675094331
them,used,0.9927456472977922
them,it,0.9927187319852662
them,use,0.9927012263763498
miryung,homes,0.9998056913985311
miryung,cge,0.9997215785805653
miryung,micromodels,0.9992436451689926
miryung,washington,0.9983217984085573
miryung,lightweight,0.9927553130204552
miryung,modelling,0.9908445397692089
miryung,cs,0.9830035021162897
miryung,alloy,0.9734118001872245
miryung,mit,0.9709797369201718
miryung,edu,0.969136886840219
preprocessing,weisgerber,0.9986935831412067
preprocessing,grained,0.9930441072509677
preprocessing,victoria,0.9843351649129031
preprocessing,1st,0.9829858250669399
preprocessing,cvs,0.959290105239142
preprocessing,thesis,0.9480558481902258
preprocessing,2003,0.9480395083986409
preprocessing,repositories,0.9291413262538428
preprocessing,zimmermann,0.9287458298959255
preprocessing,data,0.9194597280180079
then,have,0.9916962572273247
then,we,0.9916429757994203
then,that,0.9912825825397862
then,two,0.9912383247521842
then,are,0.9911021400598359
then,more,0.9909826051126438
then,be,0.990858958824596
then,it,0.9903065104651565
then,has,0.9901879615738166
then,each,0.9898948235925794
large,about,0.9918395498515977
large,from,0.9913537708842173
large,can,0.9909585728746352
large,such,0.9905612879553907
large,work,0.9904465451790239
large,it,0.989709571455049
large,these,0.9896673332011052
large,be,0.9895295474197943
large,use,0.9894563449394512
large,also,0.9892177688755708
cs,washington,0.9850417229647375
cs,miryung,0.9830035021162897
cs,lightweight,0.9828376630898725
cs,homes,0.9822549408681707
cs,cge,0.980943554332661
cs,micromodels,0.9802571602975987
cs,references,0.9743589939569058
cs,modelling,0.9732035195690476
cs,edu,0.9677320760271191
cs,kenyon,0.9629791929535778
tools,help,0.9893489042962804
tools,potential,0.9865099791834373
tools,about,0.9860372366843613
tools,provide,0.9860042037614649
tools,use,0.9857718067579568
tools,large,0.9857212622663398
tools,research,0.9856340049448011
tools,however,0.9851523675739302
tools,should,0.9848780846320895
tools,what,0.9846955295212663
do,but,0.993551976998712
do,not,0.9935335624223331
do,that,0.9931683846160312
do,their,0.9929350585968406
do,have,0.9928366481730803
do,it,0.9916179236155723
do,are,0.9915892279599641
do,also,0.9914902890596609
do,there,0.9913037203472748
do,than,0.9908323124571844
2003,thesis,0.9804106464035346
2003,cvs,0.9787563642246445
2003,zimmermann,0.9762074342153171
2003,university,0.9757552004568137
2003,data,0.9734170296840037
2003,victoria,0.9702869341191751
2003,mining,0.9678203546873576
2003,03,0.9568254819771033
2003,repositories,0.9566335302220521
2003,003,0.9554053776254661
ed,are,0.9906033629976116
ed,we,0.9899968875117813
ed,it,0.9895629100964959
ed,all,0.9895626867636835
ed,by,0.9894710441936089
ed,has,0.9894382525903318
ed,that,0.9892419663821489
ed,have,0.9890939821464968
ed,from,0.9888317832500302
ed,be,0.9885963128754682
ing,g,0.9820612249342924
ing,e,0.9810562443387407
ing,al,0.9794473478302368
ing,i,0.9788426330166635
ing,an,0.9778762941091047
ing,are,0.9769571995193407
ing,in,0.9768530788292127
ing,l,0.9767387719506216
ing,using,0.9758263918540535
ing,n,0.975621712007243
yang,jections,0.9972848951942572
yang,bi,0.9941288723816544
yang,cannot,0.989612886809497
yang,deal,0.9894598445775784
yang,variable,0.9796984450214682
yang,renaming,0.973726248333239
yang,40,0.9532723375682466
yang,60,0.9421984953705063
yang,70,0.9391159502060186
yang,80,0.9390354027184057
f,g,0.983850109239674
f,e,0.9801973155550151
f,i,0.9793866504669495
f,k,0.9788527401291507
f,l,0.9767672092798425
f,n,0.9758913154792872
f,of,0.9751769672600927
f,in,0.9743082966816694
f,ing,0.9733675445859653
f,o,0.9720854214947765
y,and,0.9777692848544117
y,of,0.9760678963743162
y,n,0.9755319752350637
y,a,0.9747541392547805
y,e,0.9741035082934493
y,l,0.9735885622142778
y,in,0.9731900902275368
y,g,0.9728813142552883
y,the,0.9718182854495316
y,f,0.9696329935229593
509,ze,0.9998437781038281
509,christian,0.999212867231591
509,grant,0.9985324657645576
509,lindig,0.9970732762853226
509,forschungsgemeinschaft,0.993013945064528
509,anonymous,0.9902556493412344
509,deutsche,0.9893991239377876
509,viewers,0.9810725216896785
509,funded,0.9719742136424147
509,valuable,0.9703372797551195
versions,two,0.9838416084232154
versions,changed,0.9837577898623986
versions,change,0.9837464200520307
versions,programs,0.9826339576770432
versions,functions,0.9823095310950307
versions,types,0.9818830054528278
versions,common,0.9806314304198631
versions,variables,0.9803927306547144
versions,implementation,0.9795010939148945
versions,reported,0.9779751477866188
developer,developers,0.9934645639762208
developer,project,0.9848262568043273
developer,projects,0.9829185569101302
developer,such,0.98073783332238
developer,through,0.9805374350574906
developer,use,0.9801686386026802
developer,small,0.9797764029220736
developer,some,0.9796443510907127
developer,many,0.9794800583247416
developer,can,0.97932827442329
often,because,0.9929245177403878
often,not,0.9922808523868281
often,that,0.9915290731989109
often,many,0.9914542706328806
often,be,0.9913967189035713
often,when,0.9903762136700325
often,they,0.9901256921889985
often,can,0.9899838123794178
often,have,0.9896625354451729
often,some,0.9894375602161665
both,it,0.9951842341144135
both,from,0.9942124254923564
both,be,0.9937126569392397
both,are,0.9936207421851682
both,used,0.9935877112109325
both,have,0.9935411960914686
both,that,0.9934258715276152
both,also,0.9932737922096431
both,can,0.992755250859553
both,there,0.992650290844582
need,such,0.9948224965776562
need,can,0.9937721556628138
need,be,0.9936321538011166
need,from,0.9927797133656342
need,these,0.9926783565041782
need,that,0.992438242591932
need,we,0.9922276797200926
need,been,0.991937414348867
need,are,0.9918249055720764
need,used,0.9917055328190421
improvement,practice,0.9930831943839926
improvement,j,0.9899497680533467
improvement,no,0.9873937990441095
improvement,1998,0.9872751250255596
improvement,h,0.9828200793843375
improvement,markel,0.9755441786221815
improvement,gray,0.9720196872006199
improvement,linear,0.9705501558104752
improvement,jr,0.9700297858769378
improvement,speech,0.9683008848663291
most,we,0.9944495218196314
most,that,0.9941906048841296
most,be,0.9939650446435295
most,from,0.993679884678472
most,has,0.9936530229380429
most,it,0.993537093549822
most,are,0.993484357589191
most,can,0.9930900430468016
most,how,0.9929685756037187
most,not,0.9928570486999831
bugs,easy,0.9895094095754784
bugs,finding,0.9865734888639646
bugs,pugh,0.9814554264729227
bugs,hovemeyer,0.9790925913261695
bugs,companion,0.9705605586999354
bugs,19th,0.9524126034453597
bugs,programming,0.9435525544222114
bugs,systems,0.9400296906555266
bugs,object,0.9356917817058894
bugs,oriented,0.932341976519452
homes,miryung,0.9998056913985311
homes,cge,0.9993578142930984
homes,washington,0.9989387115707891
homes,micromodels,0.9987485961264944
homes,lightweight,0.9919913935696008
homes,modelling,0.9904933152682098
homes,cs,0.9822549408681707
homes,alloy,0.9730573818573054
homes,mit,0.9705206289128527
homes,edu,0.9681531630992251
well,from,0.9924209853354846
well,used,0.9924176429676419
well,that,0.9922979992191833
well,are,0.9921031216986851
well,be,0.9919984805815133
well,we,0.9919459494452831
well,it,0.9919404738902575
well,these,0.991320918084829
well,also,0.9911561865669105
well,than,0.9909396123392767
ser,ease,0.9977885933832468
ser,literature,0.9937588381340645
ser,ny,0.9869933576309864
ser,grey,0.9831415775692177
ser,2016,0.9762060500994068
ser,reviews,0.9727321770622814
ser,doi,0.9420624476224757
ser,1145,0.9301167658239902
ser,2915970,0.9238914506358114
ser,2916008,0.9165541282901526
ease,ser,0.9977885933832468
ease,ny,0.9899208225381068
ease,literature,0.9881802698339415
ease,grey,0.9801450926954804
ease,2016,0.9790567708317075
ease,reviews,0.9609452415468507
ease,doi,0.9439120942368129
ease,1145,0.9321393059967787
ease,2915970,0.92691969881144
ease,2916008,0.919546317009686
lai,weiss,0.9953531913200462
lai,family,0.9868470390566157
lai,product,0.9825946708629099
lai,line,0.9778657187330697
lai,html,0.9672175331453692
lai,addison,0.9669872449086747
lai,wesley,0.9621712767800793
lai,net,0.9614751081765764
lai,boston,0.956283668323952
lai,ma,0.9504862459147536
ze,509,0.9998437781038281
ze,christian,0.9987649696003846
ze,grant,0.9986330703270557
ze,lindig,0.9962558758235813
ze,forschungsgemeinschaft,0.9941418291689532
ze,deutsche,0.9905683819209312
ze,anonymous,0.9887236279196128
ze,viewers,0.9791484855855739
ze,funded,0.9726011035477291
ze,valuable,0.9679467515537579
section,we,0.9875016809540171
section,method,0.986996225972588
section,some,0.9864396715006714
section,need,0.986278669551452
section,that,0.9861392252130318
section,example,0.9859666884640713
section,are,0.9858876241340153
section,from,0.985632055299047
section,ex,0.9856122416330575
section,such,0.9849878561465808
sourceforge,net,0.9953493013214829
sourceforge,based,0.9748593265924634
sourceforge,html,0.9744737636051346
sourceforge,product,0.9718084448743611
sourceforge,r,0.9715877693248419
sourceforge,weiss,0.9691562912117013
sourceforge,line,0.9683959260217876
sourceforge,process,0.9653349907678109
sourceforge,development,0.9573476321325749
sourceforge,family,0.9505064518944251
however,but,0.9921750238013542
however,not,0.9916471124136466
however,their,0.9916353848190114
however,also,0.9912987710007892
however,some,0.9906974272084637
however,it,0.9904992450077826
however,can,0.9904604982660371
however,that,0.9902725600140801
however,from,0.9902685707433727
however,them,0.990169689812237
part,use,0.994126353160002
part,work,0.9936230047614497
part,make,0.9916780413519983
part,made,0.9914209378357706
part,can,0.9897778784593474
part,these,0.98940727839096
part,they,0.9890813896949955
part,not,0.9890431023768804
part,that,0.9890390953710335
part,by,0.9886817203711031
grant,ze,0.9986330703270557
grant,509,0.9985324657645576
grant,christian,0.9964756254022876
grant,forschungsgemeinschaft,0.9952029308858794
grant,lindig,0.9935158801556858
grant,deutsche,0.9923250050206189
grant,anonymous,0.9867735047963273
grant,funded,0.9787349252499158
grant,viewers,0.9770387170477911
grant,provided,0.968413045791696
rst,all,0.9916348095218134
rst,that,0.9909569949128094
rst,not,0.9906249217882663
rst,it,0.9903574293901926
rst,are,0.9900767305525385
rst,by,0.9900339668964515
rst,be,0.989552030413342
rst,such,0.989499610029821
rst,have,0.9894493108925234
rst,can,0.989337954316478
identify,be,0.9931560968246258
identify,how,0.9931377487673292
identify,has,0.9928390957271451
identify,these,0.9925441040932248
identify,such,0.9924660393737206
identify,we,0.9924110281570653
identify,been,0.9921752047376612
identify,that,0.9918736525141174
identify,can,0.991635630155844
identify,are,0.9911590694295093
l,g,0.9840300346696622
l,k,0.9822653582261863
l,n,0.9804162976648414
l,a,0.9789605958922771
l,e,0.9786560177896098
l,in,0.9783858199602662
l,f,0.9767672092798425
l,ing,0.9767387719506216
l,and,0.9760661448948815
l,i,0.9760020261376785
society,american,0.9969573050770805
society,engineers,0.9954766622473595
society,mechanical,0.9941059499921467
society,asme,0.990792876409297
society,computers,0.9899270800143081
society,symposium,0.984863170274406
society,energy,0.972661783373392
society,pc,0.9698126853320443
society,environmental,0.9655623367293646
society,expo,0.9554593120935091
mechanical,engineers,0.9986846568663243
mechanical,asme,0.998397491655304
mechanical,computers,0.9969198369286982
mechanical,american,0.9968464479380259
mechanical,society,0.9941059499921467
mechanical,symposium,0.9884539967700969
mechanical,energy,0.9800287365339329
mechanical,environmental,0.973942127331396
mechanical,expo,0.9645809881227437
mechanical,pc,0.961555516019623
set,all,0.990310579347246
set,if,0.9896567675488543
set,we,0.9896297240352648
set,that,0.9895791845384382
set,have,0.9893785597603149
set,then,0.9890228864236403
set,only,0.9888513221388264
set,it,0.9887733088823666
set,are,0.9884433272682531
set,each,0.9884164528844683
very,we,0.9925735468761203
very,that,0.991805520505344
very,used,0.9916660983952188
very,from,0.9915343949315828
very,more,0.9914386991719182
very,have,0.991343513216637
very,results,0.990888081680865
very,some,0.990757492414865
very,not,0.9907518088603338
very,it,0.9906090569804018
easy,companion,0.9908499639656736
easy,finding,0.9903732250532313
easy,bugs,0.9895094095754784
easy,pugh,0.9875489753428983
easy,hovemeyer,0.9833222640792911
easy,19th,0.9780626595585113
easy,object,0.9622766892659392
easy,programming,0.9599641840980817
easy,oriented,0.9584676662293881
easy,systems,0.9515063918007403
x,later,0.9855672950546381
x,show,0.9839065518130745
x,we,0.9816486611074162
x,where,0.9814329127917769
x,than,0.981431343154857
x,change,0.9813143946127176
x,shows,0.9802742626772332
x,see,0.9796312783598378
x,that,0.979330733706793
x,report,0.9791495824465852
references,providing,0.9772580197798322
references,cs,0.9743589939569058
references,kenyon,0.9603763369018437
references,analysis,0.9461111521736507
references,cruz,0.9346694358909307
references,washington,0.93246397891465
references,and,0.9320928996771516
references,lightweight,0.9305853459540883
references,miryung,0.9258668893135223
references,edu,0.9255262593114149
what,how,0.989661888509106
what,need,0.989518280333174
what,these,0.9888532959669543
what,their,0.9886159938888021
what,that,0.988332019703758
what,however,0.9883186932245603
what,such,0.9880761951464025
what,can,0.9880282174954567
what,they,0.9878871399360516
what,be,0.9872860196383803
speci,use,0.9884844696866275
speci,distributed,0.9880451367418849
speci,part,0.9871840138134493
speci,help,0.9870271460157696
speci,work,0.9858949540550712
speci,about,0.9852274728576333
speci,related,0.9844935088293824
speci,them,0.9842241570553416
speci,however,0.9839264861676361
speci,make,0.9837972923929406
any,it,0.9898213447454267
any,but,0.9898084497492297
any,not,0.9894071025352129
any,their,0.9890277640603855
any,there,0.9890230527565624
any,have,0.9889784468009981
any,given,0.9886601759675655
any,also,0.9885253660975227
any,that,0.9881510082057363
any,some,0.9876774150024242
help,related,0.9898041234041324
help,tools,0.9893489042962804
help,provide,0.9892602497661263
help,use,0.9887806182971062
help,about,0.9880601840157306
help,can,0.9879454948255282
help,should,0.9871688229582797
help,speci,0.9870271460157696
help,work,0.9867982846821246
help,these,0.9862668180447931
method,section,0.986996225972588
method,since,0.9833674718799552
method,related,0.9826259861262596
method,although,0.9824963987040879
method,selected,0.9818327415221442
method,them,0.9817127059900363
method,from,0.9811646102461586
method,not,0.9811382164831437
method,terms,0.9811123486128523
method,some,0.9810500480820215
different,from,0.9899345462482435
different,most,0.9894396963526844
different,three,0.9889876522454168
different,it,0.9885928988734409
different,be,0.9884757362565478
different,can,0.9882586058931033
different,we,0.988148941127754
different,are,0.9880302907616693
different,used,0.9879715330270549
different,such,0.9876029402348352
where,we,0.9923468335730625
where,if,0.991155709382178
where,when,0.990671825575054
where,that,0.9905328701424827
where,be,0.9903427876542128
where,two,0.990143813232504
where,are,0.9900109087310998
where,more,0.9898173763758783
where,has,0.9891568484194102
where,have,0.9889668930520177
weiss,lai,0.9953531913200462
weiss,product,0.9861797515587968
weiss,family,0.9834012924576793
weiss,line,0.9810356689351686
weiss,html,0.9784026200892874
weiss,net,0.9775879768245208
weiss,sourceforge,0.9691562912117013
weiss,addison,0.9647008518694506
weiss,wesley,0.9604153776975805
weiss,r,0.9548629187439142
framework,supporting,0.9769203017662584
framework,conceptual,0.9736436668184458
framework,collaboration,0.9693819043072622
framework,c,0.9373968761288622
framework,asia,0.9367563138509645
framework,paci,0.9348356692435893
framework,knowledge,0.9329533131455798
framework,development,0.9228857340053469
framework,apsec,0.9182055114041454
framework,11th,0.9175176452376069
weisgerber,preprocessing,0.9986935831412067
weisgerber,grained,0.9894791290204386
weisgerber,victoria,0.9843053338008688
weisgerber,1st,0.9794571588987903
weisgerber,cvs,0.9501887505687874
weisgerber,thesis,0.9441032096627296
weisgerber,2003,0.9431152618834535
weisgerber,zimmermann,0.9259983702458374
weisgerber,repositories,0.9216441655401245
weisgerber,ne,0.9088921982673973
database,repository,0.9847643801699101
database,these,0.9846218810887564
database,about,0.9845872646037633
database,it,0.9837568031630926
database,both,0.9836575695368601
database,from,0.9833412599939204
database,been,0.9832684873473938
database,be,0.9830706321048593
database,their,0.9827820359823665
database,such,0.9825945316876097
al,are,0.9871232331555908
al,et,0.9870699282844138
al,from,0.9862083480381778
al,work,0.9861774961205145
al,such,0.986107814840967
al,be,0.9858659347053731
al,can,0.9858263135239338
al,using,0.9853632684296056
al,by,0.9850973651045283
al,we,0.9849368331600556
would,have,0.9917057848152269
would,not,0.9914349090117154
would,because,0.9914158460744439
would,that,0.9914123233223283
would,when,0.9913878686642739
would,be,0.9908414465591
would,but,0.9901338744399062
would,has,0.9901293615107485
would,we,0.9898139770858349
would,do,0.9893055801428897
so,their,0.9913449792429274
so,be,0.9909266584831533
so,from,0.9908995665831777
so,also,0.9907340055694034
so,but,0.9907206581052446
so,not,0.9906362314582478
so,are,0.9903481850080768
so,that,0.9903054298694662
so,have,0.9902083523927561
so,it,0.9899967970710658
companion,19th,0.9930164420307788
companion,easy,0.9908499639656736
companion,finding,0.9844138057514875
companion,pugh,0.983381484401662
companion,object,0.9779559541615843
companion,hovemeyer,0.9757820299817636
companion,oriented,0.9725775262625174
companion,bugs,0.9705605586999354
companion,programming,0.9595692366612042
companion,systems,0.9438446975507216
id,9,0.9814191269253518
id,15,0.9809854541648662
id,19,0.9799394455757785
id,21,0.9796619820530766
id,22,0.9793443022312286
id,cid,0.9768631128599945
id,12,0.9766033310507767
id,8,0.9690429893367647
id,16,0.962714080946212
id,26,0.9625309199017067
functions,function,0.9945316967536797
functions,versions,0.9823095310950307
functions,variables,0.9816502789948536
functions,global,0.975209555755191
functions,changed,0.9743481541581271
functions,additions,0.9733342561545838
functions,common,0.973032654873411
functions,two,0.9718395497101207
functions,body,0.9714354691216958
functions,programs,0.9702828833593407
literature,ser,0.9937588381340645
literature,grey,0.9930140193870531
literature,ease,0.9881802698339415
literature,reviews,0.9854492757629576
literature,ny,0.969748406026991
literature,2016,0.9564395206468693
literature,systematic,0.922583688599024
literature,doi,0.9192407830897358
literature,1145,0.9066052799857198
literature,2915970,0.8997938785383557
future,be,0.991101315474746
future,these,0.9910361861955015
future,such,0.9905762231410736
future,that,0.990364703184299
future,we,0.9902350207200534
future,can,0.9901947254791494
future,are,0.989929346563678
future,need,0.9897300387511532
future,used,0.9890568112359663
future,from,0.9889715933877288
nd,ed,0.9807214117680108
nd,by,0.97822435904823
nd,able,0.9765230890680214
nd,all,0.9759882041928191
nd,from,0.9753580716860574
nd,are,0.9753483235177427
nd,i,0.974796080234829
nd,not,0.9744707312944331
nd,it,0.9743519213197036
nd,have,0.9740365727935075
3we,javadoc,0.9984991309020745
3we,non,0.9913573904304958
3we,plus,0.9875214003867862
3we,tokens,0.9795746916344605
3we,java,0.975758450758685
3we,umber,0.9438641937873034
3we,mber,0.9386448829805641
3we,number,0.9364321652231105
3we,de,0.9110337304688358
3we,code,0.8877124390167033
identi,ers,0.9865435911406784
identi,cation,0.982606381811986
identi,since,0.9811279705523717
identi,them,0.9804803356095599
identi,those,0.9801803047412176
identi,although,0.9795125702066085
identi,around,0.9793797082829024
identi,key,0.978866804157756
identi,some,0.9779313755195211
identi,like,0.977396390864524
types,two,0.9870544637707936
types,if,0.9850064216821866
types,example,0.9843574758183048
types,or,0.9840286386389234
types,report,0.98386164034189
types,we,0.9837121092279419
types,common,0.9836527236747116
types,change,0.9834312875513223
types,does,0.9832174272636636
types,more,0.9831725256485485
given,it,0.9918192399399604
given,have,0.9913741464148134
given,all,0.9912732224057235
given,can,0.9906475660529669
given,that,0.9906259609093495
given,be,0.9901368273250658
given,from,0.9898598983133202
given,are,0.9898272220370465
given,not,0.9897958866744854
given,also,0.9895492742591325
provide,about,0.99151635209068
provide,use,0.9905042631234724
provide,their,0.9897605148972717
provide,these,0.9897512189834453
provide,should,0.9894961146484003
provide,projects,0.9893517727944982
provide,help,0.9892602497661263
provide,research,0.989104881475712
provide,can,0.9889397273797953
provide,work,0.9888218941465816
see,we,0.9925267049540832
see,than,0.9919305109076497
see,more,0.9913163370163101
see,that,0.9910425573334765
see,are,0.9907881005885637
see,have,0.9897749280888795
see,all,0.9896133004642562
see,not,0.9893392466072528
see,be,0.9892421258767561
see,each,0.9890541789273075
integrated,studying,0.9939151005922622
integrated,godfrey,0.9934321922102689
integrated,architectural,0.990589518464595
integrated,tu,0.9857277468064174
integrated,675,0.9782985760156718
integrated,intl,0.9769602892549036
integrated,664,0.9767503981187096
integrated,1977,0.9761681954716679
integrated,comprehension,0.9578936696579502
integrated,q,0.9490157294770771
washington,homes,0.9989387115707891
washington,miryung,0.9983217984085573
washington,cge,0.99711684770907
washington,micromodels,0.9960858569097155
washington,lightweight,0.989649099622645
washington,modelling,0.987765556403641
washington,cs,0.9850417229647375
washington,alloy,0.9706221907866579
washington,mit,0.9679977833621393
washington,edu,0.9662998843219262
supporting,collaboration,0.9942967472594848
supporting,conceptual,0.9905028322933231
supporting,framework,0.9769203017662584
supporting,asia,0.9607898158742302
supporting,paci,0.9579951528841206
supporting,apsec,0.9362516568406755
supporting,472,0.9228355674980173
supporting,481,0.9194348629460443
supporting,knowledge,0.914301478004161
supporting,11th,0.9119676821304766
les,le,0.9913962539402195
les,modi,0.9858410100673041
les,order,0.9826482072518012
les,ed,0.9818931408443405
les,rst,0.9818793272957194
les,all,0.9810779231875588
les,into,0.9808944394354673
les,were,0.9802360847209128
les,each,0.9796903204978774
les,set,0.9789756033523231
out,were,0.9918239530419372
out,than,0.9917550568855508
out,all,0.9913199903694001
out,that,0.9911739608185052
out,not,0.9911078540091401
out,we,0.9904831063828758
out,have,0.9900822275861219
out,it,0.9899165825379865
out,their,0.9897997077611957
out,are,0.9896386376346039
words,words30,0.9699729719905703
words,279coverage,0.9684305406543476
words,57,0.9679170111137494
words,coverage,0.9660364731851496
words,accuracy,0.9630292362560113
words,words166,0.961712231481465
words,wodsdtotal,0.9609326266003524
words,without,0.9540396169634843
words,129,0.9416715312966388
words,cccccgggggaaaaavvvvvresults,0.9383302617750187
top,scoring,0.9837392384244346
top,mutual,0.9818999920151836
top,predictor,0.9796394716268514
top,feature,0.9726470832429637
top,signi,0.9704985794875075
top,grades,0.9676288312425749
top,statistically,0.9647831059108902
top,high,0.959961328183899
top,cant,0.9599023338552485
top,though,0.9534146132174074
le,les,0.9913962539402195
le,modi,0.9844462087767976
le,ed,0.9821725696885909
le,order,0.982068471436901
le,di,0.9812624436535468
le,into,0.9807832833574706
le,all,0.9799783199324308
le,rst,0.9799634200633868
le,we,0.9796874409442848
le,it,0.9792924038611102
common,two,0.9897531504644637
common,between,0.9869849540545826
common,change,0.9869134523492615
common,determine,0.9866546833295725
common,same,0.9859126648461123
common,if,0.9849931785422752
common,we,0.984808888488738
common,more,0.9846360120444246
common,types,0.9836527236747116
common,or,0.9819004135010079
total,shows,0.9835335215896167
total,see,0.9820642757621802
total,figure,0.9814841995067187
total,each,0.9804940376380304
total,were,0.9803900954703879
total,than,0.9793334791273451
total,do,0.9783365119924552
total,all,0.9780622046141714
total,out,0.9779240219192986
total,between,0.9778363184041816
particular,these,0.9937478986382295
particular,be,0.9928628059117464
particular,that,0.9925525111386473
particular,we,0.9923937786399548
particular,are,0.992065111491718
particular,such,0.9918271011008353
particular,used,0.9915862730196301
particular,has,0.9911254056976412
particular,how,0.9911248375412122
particular,from,0.9909646404865555
feature,grades,0.9734150697323491
feature,top,0.9726470832429637
feature,information,0.9693272692554109
feature,was,0.9668815887229156
feature,our,0.9617280839242474
feature,third,0.950785498419064
feature,features,0.9466423378130266
feature,bottom,0.9462557043703237
feature,estimate,0.9412643340591642
feature,p,0.9372781994072894
shows,see,0.9855750083340664
shows,figure,0.985371223094842
shows,total,0.9835335215896167
shows,between,0.9832966381832596
shows,than,0.9829336285633514
shows,we,0.9828673358266944
shows,all,0.9825440241907639
shows,found,0.9822227086952041
shows,each,0.9819853823636016
shows,more,0.9814536867280748
even,have,0.9915679595382286
even,but,0.9913249762231473
even,not,0.9910229721419788
even,some,0.9906977855694121
even,that,0.9903095749172413
even,be,0.9898681311725124
even,more,0.989824272854363
even,can,0.9897401802298784
even,they,0.9896844041926361
even,has,0.9892807990123622
could,have,0.9922573738780611
could,their,0.9918325671084723
could,it,0.9918080278004033
could,that,0.9917177691032871
could,be,0.9915223889525449
could,but,0.9913014929373973
could,used,0.9910843795666099
could,has,0.9910518710699576
could,are,0.9908897348667609
could,not,0.9908847434569095
thus,when,0.9887210265391494
thus,we,0.9885695681972566
thus,that,0.9878066751894132
thus,be,0.9875904004734142
thus,it,0.987498945628441
thus,from,0.9874041125171114
thus,has,0.9873156929231001
thus,been,0.9871614422106859
thus,not,0.9870267639179591
thus,have,0.9867916371388314
patterns,pattern,0.9864609962631299
patterns,called,0.9825356551653124
patterns,after,0.9813019642471703
patterns,determine,0.9775390686297176
patterns,identify,0.9765977059575472
patterns,calls,0.9750282091483076
patterns,previous,0.9748256805232178
patterns,common,0.9744223193382346
patterns,internal,0.9737695368364956
patterns,instances,0.9735746438752655
b,i,0.9871342707847894
b,we,0.9787190696771725
b,are,0.9778520427135426
b,by,0.9777384892476138
b,from,0.977718211880546
b,that,0.9770521676065842
b,than,0.9769697652876969
b,all,0.9767642918562115
b,g,0.9765037169879984
b,not,0.9765012566939151
after,if,0.9831812607027615
after,previous,0.9820638790571488
after,where,0.9818819429891162
after,two,0.9817884552082558
after,patterns,0.9813019642471703
after,we,0.9797293203913051
after,when,0.9794808698483473
after,called,0.9791745179631237
after,set,0.9782467909714052
after,each,0.9781684949165621
erent,di,0.9927847167026919
erent,same,0.9865002318305779
erent,have,0.9831508869214663
erent,even,0.9824753277604711
erent,then,0.9822096946141061
erent,relationships,0.9818371715486097
erent,has,0.9813464569192256
erent,into,0.9812184430573871
erent,can,0.9811878429958365
erent,we,0.9810265317584137
changed,change,0.9889982903200487
changed,versions,0.9837577898623986
changed,changing,0.9827283991554638
changed,observed,0.9790355386552609
changed,common,0.9788541898424838
changed,addition,0.9785845539123388
changed,reported,0.9770219957452515
changed,identifying,0.9770025760842227
changed,function,0.9762115524163069
changed,if,0.975339581364807
similar,between,0.987387258176032
similar,we,0.9846755159963336
similar,applied,0.9846399902844937
similar,used,0.984140163216193
similar,over,0.9840833735213713
similar,most,0.9840519545535892
similar,more,0.9838220418820067
similar,be,0.983448030777787
similar,has,0.9833322526348596
similar,from,0.9830973845316123
should,also,0.9917070662605898
should,their,0.9909547566885082
should,work,0.99041614712479
should,about,0.9904002226900287
should,but,0.9901125748819113
should,however,0.9896904789006709
should,can,0.9895171086625275
should,be,0.9895155084544516
should,provide,0.9894961146484003
should,these,0.9893403577880471
since,from,0.9909086620660496
since,used,0.9906203811055339
since,we,0.9897484639966332
since,are,0.9894933505237946
since,more,0.9889370926718093
since,can,0.9886605005348673
since,it,0.9885158016481554
since,be,0.9877556295625953
since,that,0.9876668522420047
since,has,0.987497973077524
make,part,0.9916780413519983
make,made,0.9901517740139816
make,requires,0.9895452031463428
make,use,0.988050636225419
make,hard,0.9879846810616604
make,prior,0.9876831960199965
make,work,0.987599844981992
make,distributed,0.9874904362767571
make,notice,0.9864831743243685
make,advantage,0.9861047035867245
like,used,0.9906187181936872
like,are,0.9905917418910641
like,more,0.9904555523027747
like,from,0.9901943686788487
like,we,0.9898695388220016
like,be,0.9897958471246413
like,have,0.9897444838654306
like,it,0.9897038413514084
like,that,0.9895636788142452
like,can,0.9894860888607411
made,part,0.9914209378357706
made,make,0.9901517740139816
made,full,0.9888800258744083
made,hard,0.9876984220150791
made,prior,0.9876088394347262
made,use,0.987415100014309
made,requires,0.9872642224763576
made,advantage,0.9870079776446417
made,work,0.9869964758399261
made,these,0.9865994458731918
18,17,0.990981411427964
18,14,0.9901132124564888
18,13,0.9878996073425961
18,11,0.9878835897590963
18,12,0.9833012074782232
18,29,0.9827410891757159
18,25,0.9773439698076305
18,8,0.9741743378671105
18,9,0.9741667890857107
18,24,0.9734792289125946
report,we,0.989364138744121
report,be,0.9885158989331555
report,are,0.988160113899663
report,that,0.9877803160003684
report,has,0.9877189669441067
report,used,0.9871479504828156
report,from,0.9867708290861683
report,or,0.9866855335799665
report,how,0.9865987479107883
report,been,0.9865612097716917
three,different,0.9889876522454168
three,results,0.9869898486930753
three,from,0.9862195535222662
three,since,0.9856419698559891
three,it,0.985288548828136
three,we,0.9850822186128895
three,are,0.9848617111299587
three,used,0.9848256655269694
three,also,0.9844699033282154
three,most,0.9841198807464058
does,that,0.9914444015399646
does,we,0.9913787517727138
does,are,0.9911796656548724
does,be,0.9909659741492853
does,two,0.9906606009972365
does,not,0.9903991885950704
does,have,0.9902441770352963
does,all,0.9902062530935587
does,has,0.9898877193172416
does,example,0.9898529550927635
con,we,0.985919504766051
con,that,0.9857081865732966
con,than,0.98560121431061
con,such,0.9853459111221692
con,be,0.9847344978081454
con,been,0.9842459222441152
con,were,0.9841957030795969
con,are,0.9841566700106716
con,contains,0.9839844350753209
con,it,0.9839207789819275
who,however,0.9836583256927319
who,any,0.9825800616216283
who,should,0.9812651971324935
who,provide,0.9809330575741249
who,help,0.9804923164496626
who,about,0.9800137147642112
who,projects,0.9799430089886153
who,their,0.9797858166950655
who,can,0.9796711088670442
who,also,0.9795788340148377
pro,use,0.9873659841081754
pro,work,0.9867226174649508
pro,ways,0.9864189140882749
pro,make,0.9854803921819337
pro,not,0.9853638321783862
pro,that,0.9849498285296473
pro,are,0.9842951502501062
pro,they,0.9842666037791215
pro,part,0.9842115425585761
pro,how,0.984130465521291
gerber,wei,0.9997103157551532
gerber,diehl,0.9920066097853157
gerber,zeller,0.9889692823457452
gerber,histories,0.9796614962842906
gerber,int,0.9739424893620334
gerber,weigerber,0.9730412893617271
gerber,version,0.9688514069778351
gerber,guide,0.9672354433949677
gerber,changes,0.9500487907490307
gerber,zimmermann,0.9434798751982683
jections,bi,0.9992023105351453
jections,yang,0.9972848951942572
jections,deal,0.9840002792141574
jections,cannot,0.9830811377887911
jections,variable,0.9726316096693721
jections,renaming,0.9677650153830295
jections,40,0.9449538579255439
jections,60,0.932641500778924
jections,80,0.9298832878014651
jections,70,0.9296635501584116
lines,written,0.987498913395291
lines,were,0.9848693402657585
lines,than,0.9828501680160495
lines,we,0.9826217082158109
lines,each,0.9825457798015482
lines,well,0.9823166925547484
lines,between,0.9819434885038736
lines,out,0.981277858489576
lines,see,0.9808370392636314
lines,that,0.9797457200911079
researchers,research,0.9864044743293756
researchers,analyses,0.9807494351243295
researchers,provide,0.9798209606813715
researchers,about,0.9786926964494715
researchers,designed,0.9785294557956354
researchers,should,0.977283887024406
researchers,develop,0.9764110218352671
researchers,projects,0.9762747972400567
researchers,efforts,0.9744437527732994
researchers,project,0.9735860466694293
first,are,0.9901088777471585
first,it,0.9899288122914204
first,time,0.9896039065870034
first,from,0.9889432694782285
first,be,0.988928350627059
first,also,0.9886642254226532
first,that,0.9885705929224081
first,used,0.9884285373560093
first,these,0.9881460895304675
first,their,0.9881076807362736
order,it,0.9916250324502964
order,used,0.9911542215716695
order,we,0.9910118178897094
order,that,0.9907238926689583
order,have,0.9905111099250834
order,are,0.990472715697482
order,all,0.9900832753639706
order,from,0.9900208510395587
order,be,0.9899337851712151
order,into,0.9895658641197276
applied,time,0.9886278287161512
applied,how,0.9885781766552464
applied,from,0.9884161323857866
applied,identify,0.9882446715133886
applied,we,0.9876784527449688
applied,used,0.987429222431633
applied,it,0.9871084912305961
applied,most,0.9870802162343006
applied,be,0.9869857178850538
applied,that,0.9869226585037392
american,society,0.9969573050770805
american,mechanical,0.9968464479380259
american,engineers,0.9953956004717551
american,asme,0.992491582678523
american,computers,0.9907841413086749
american,symposium,0.9826754800484985
american,pc,0.9767544638697163
american,energy,0.9718826679024113
american,environmental,0.965026294089472
american,expo,0.9547963832042845
keywords,keyword,0.985516941076855
keywords,concept,0.9842077152629121
keywords,term,0.9829174059271784
keywords,mine,0.9814663370032167
keywords,pre,0.9792535319630389
keywords,concepts,0.9786681148225695
keywords,around,0.9758005855741418
keywords,ers,0.9754018162074792
keywords,document,0.9741203415247549
keywords,identi,0.9719991379344175
methods,work,0.9854422773041049
methods,related,0.9853317617605708
methods,however,0.9849452243300753
methods,what,0.984545483541172
methods,help,0.9845281966177085
methods,about,0.9843394799327022
methods,also,0.9840011514076569
methods,can,0.9838050698284688
methods,by,0.9836929499375486
methods,their,0.9836812972378972
computer,science,0.992945101851594
computer,work,0.9845224867696933
computer,large,0.9831120910334293
computer,tools,0.9820183422943436
computer,about,0.9816254224188372
computer,supported,0.981012765225455
computer,introduction,0.9808432032902703
computer,using,0.9806608393583878
computer,use,0.9796128256913262
computer,from,0.9790833182736016
k,g,0.9829494801586423
k,l,0.9822653582261863
k,f,0.9788527401291507
k,i,0.9782625418776667
k,e,0.974892555044466
k,computer,0.9744760206259544
k,ieee,0.9735826927682767
k,b,0.9731854724289579
k,science,0.971484201022703
k,n,0.971287182482444
predictor,scoring,0.9980196768058229
predictor,mutual,0.9942228307354236
predictor,top,0.9796394716268514
predictor,statistically,0.9783307152672804
predictor,signi,0.9675705937339825
predictor,cant,0.9665544322207582
predictor,though,0.960566389045237
predictor,weak,0.9551751072337019
predictor,predic,0.950599590267414
predictor,grade,0.9487156522756461
29,18,0.9827410891757159
29,14,0.9823326248756544
29,17,0.9822503655243492
29,13,0.9808668382677757
29,11,0.9785083937122598
29,25,0.9751715558098505
29,12,0.9736912451077486
29,24,0.9690409730029096
29,9,0.9665102657520819
29,27,0.9664532513729257
lists,post,0.992883965503067
lists,full,0.9906799718561784
lists,requires,0.9900849666273106
lists,copyright,0.9899571491418564
lists,personal,0.9895023913903024
lists,page,0.9891863417207809
lists,prior,0.9884084913140376
lists,notice,0.9870312081175658
lists,servers,0.9870308339748273
lists,123,0.9863488658076094
q,m,0.965643733561268
q,tu,0.9532380957993927
q,integrated,0.9490157294770771
q,w,0.9484065478222402
q,studying,0.9467616125117315
q,664,0.9465018814554571
q,evolution,0.9455183753686169
q,program,0.9432876392346506
q,675,0.9411698430466973
q,1977,0.9396215201942322
graph,relationships,0.9805544210649333
graph,then,0.9800246495954261
graph,from,0.9794489428163315
graph,we,0.9789530744497488
graph,into,0.9787293184816052
graph,have,0.9786132361723998
graph,more,0.9785961686736036
graph,each,0.9785073902677051
graph,are,0.978436659547121
graph,same,0.9783321946919432
us,we,0.989362779547382
us,used,0.9892513949016803
us,or,0.9891278346436602
us,have,0.9889554356512142
us,that,0.9888445060152127
us,are,0.9886843795235332
us,not,0.9884371416188414
us,but,0.9882199885206642
us,it,0.9881870320859295
us,more,0.9881490645843313
empirical,no,0.9710272967041762
empirical,study,0.9704933337961579
empirical,levels,0.9675861241854031
empirical,practice,0.9650497677794099
empirical,improvement,0.9647187162381423
empirical,j,0.9556386662139514
empirical,d,0.9506969938857419
empirical,a,0.9440290980965098
empirical,h,0.9434292923045335
empirical,l,0.9410043452250879
reviews,literature,0.9854492757629576
reviews,grey,0.9729846810889076
reviews,ser,0.9727321770622814
reviews,systematic,0.9621935680034903
reviews,ease,0.9609452415468507
reviews,ny,0.9416508044994629
reviews,2016,0.9285389664004143
reviews,doi,0.8933853048305257
reviews,1145,0.8798598104148019
reviews,2915970,0.8710923956981624
wei,gerber,0.9997103157551532
wei,diehl,0.990619947968514
wei,zeller,0.9870940939041353
wei,histories,0.9775310639203603
wei,int,0.9731161128729764
wei,weigerber,0.9714132060450467
wei,version,0.966833363755845
wei,guide,0.965089300992486
wei,changes,0.9478162521710656
wei,zimmermann,0.9410466245878746
although,some,0.9884977790243088
although,small,0.9868895512741702
although,them,0.9866866206960812
although,but,0.9858476660280753
although,only,0.9854981319074473
although,however,0.985176803222561
although,not,0.9849354196587905
although,from,0.98458010090577
although,those,0.9845521083209211
although,have,0.9844252465447729
grey,literature,0.9930140193870531
grey,ser,0.9831415775692177
grey,ease,0.9801450926954804
grey,reviews,0.9729846810889076
grey,ny,0.953563056182851
grey,2016,0.9369339963550112
grey,doi,0.8903265268336114
grey,systematic,0.8834420606945492
grey,1145,0.8766054205495385
grey,2915970,0.8705460985818321
modi,les,0.9858410100673041
modi,set,0.985578452341415
modi,di,0.9845337819609736
modi,le,0.9844462087767976
modi,ed,0.9836936152083635
modi,into,0.9821793411389146
modi,all,0.9810439226264847
modi,does,0.9810264869125871
modi,we,0.9807529169536999
modi,multiple,0.9802045620826991
understanding,tools,0.98334357643123
understanding,technique,0.9804467434438638
understanding,terms,0.9804110099071164
understanding,pro,0.9803616230909121
understanding,dif,0.9787971865345222
understanding,use,0.9785678801107641
understanding,method,0.9778225178006199
understanding,large,0.9778112467339142
understanding,need,0.9777701820823331
understanding,ways,0.9777449365851505
addition,change,0.9796460732090145
addition,kind,0.9790112989959636
addition,observed,0.9786017064164996
addition,changed,0.9785845539123388
addition,types,0.9783365515259717
addition,kinds,0.9778044013039683
addition,function,0.9748391465422142
addition,common,0.9736014850574761
addition,if,0.9729824948350165
addition,example,0.9727810774619929
through,use,0.988582194453714
through,about,0.9876474519300777
through,work,0.9872143951803395
through,part,0.9868935886764143
through,project,0.9868092189483031
through,can,0.9866778805977555
through,such,0.9866705015004977
through,techniques,0.9860073167771244
through,large,0.9857115804567873
through,provide,0.9855401629197523
tion,from,0.9900798601997223
tion,can,0.9898669066275487
tion,be,0.9891809704614517
tion,use,0.9890452882857024
tion,are,0.9889052399082756
tion,they,0.9886363059628145
tion,work,0.9886332392231735
tion,using,0.9884189373940546
tion,we,0.9882377224104324
tion,that,0.9879953387105489
bi,jections,0.9992023105351453
bi,yang,0.9941288723816544
bi,deal,0.9792671724076623
bi,cannot,0.9790195412306844
bi,variable,0.9682796835792493
bi,renaming,0.9628704265033554
bi,40,0.9398048779650382
bi,60,0.9274078986411254
bi,80,0.9246634168198884
bi,70,0.9243502592444179
task,tasks,0.9733580626972567
task,request,0.9718148936935476
task,point,0.9712768942834126
task,comment,0.968699648339111
task,concern,0.9680624016660098
task,eclipse,0.966163152642112
task,contain,0.9654195523953417
task,perform,0.964115379285794
task,brie,0.9636097835763582
task,suggested,0.963526427975691
class,classes,0.9785269382029019
class,lines,0.9756330810527933
class,were,0.9743952624620315
class,written,0.9741215428915257
class,each,0.9704118894496763
class,present,0.9687287552507036
class,between,0.9683612357979272
class,con,0.968126952655697
class,times,0.9675051473789713
class,where,0.967459543550466
structure,different,0.9806398033011614
structure,between,0.9799979341547334
structure,change,0.9786199155649242
structure,over,0.9777813594140465
structure,common,0.977567877495702
structure,we,0.9774915079045734
structure,has,0.977423102881118
structure,more,0.9773012785647397
structure,be,0.9772216306077832
structure,et,0.9771797998170966
distributed,speci,0.9880451367418849
distributed,make,0.9874904362767571
distributed,requires,0.9873454148881723
distributed,advantage,0.9868397569427361
distributed,part,0.9861049376275799
distributed,notice,0.9857882978788195
distributed,page,0.9857813554596595
distributed,prior,0.9843460463297907
distributed,personal,0.9837814131173144
distributed,hard,0.9824227913704038
important,can,0.9875487737412467
important,possible,0.9868727031300877
important,it,0.985930318482229
important,also,0.9858860937890823
important,from,0.9854261864776838
important,use,0.9852948865773592
important,however,0.985220886592725
important,their,0.9850692391377623
important,some,0.9849840988831942
important,such,0.9849690550394042
scoring,predictor,0.9980196768058229
scoring,mutual,0.9927858184671396
scoring,top,0.9837392384244346
scoring,statistically,0.9763924115980447
scoring,signi,0.9682258611851591
scoring,cant,0.9653746707979913
scoring,though,0.9594717883912076
scoring,weak,0.9528091123156808
scoring,predic,0.9477875296875689
scoring,grade,0.9468450833443032
global,variables,0.9851438196707074
global,names,0.9775878381858161
global,versions,0.9759392148212372
global,functions,0.975209555755191
global,ap,0.9732332016841306
global,function,0.9731962902260776
global,algorithm,0.9718716743976633
global,adding,0.9710963306451025
global,two,0.970029497797027
global,additions,0.9685258612663072
group,many,0.9882329737667436
group,have,0.9870368708121535
group,that,0.9863076327432374
group,has,0.9861963156730862
group,not,0.9856456692846987
group,only,0.985635507539361
group,from,0.9856147977978642
group,they,0.9854017871171084
group,we,0.9853408635767861
group,it,0.9852964456792528
quality,testing,0.9733839694157957
quality,beyond,0.9731487333716867
quality,methods,0.9724357355700941
quality,low,0.9709502327926656
quality,help,0.9708695749382973
quality,good,0.9708256441950731
quality,computer,0.970618094919443
quality,however,0.9703719646791592
quality,should,0.9697117486177682
quality,study,0.9694189906481171
artifacts,activities,0.987113635164237
artifacts,past,0.9839598286052224
artifacts,relevant,0.981002869620252
artifacts,large,0.9800782641389403
artifacts,during,0.9800679831997812
artifacts,time,0.9798584683789863
artifacts,can,0.9788412725034246
artifacts,about,0.9785586389614866
artifacts,introduction,0.9785027488039642
artifacts,identify,0.9784893366437448
apache,due,0.9763729013824951
apache,whose,0.9718930657333651
apache,versions,0.9714089028199826
apache,over,0.9710761356063092
apache,two,0.9679520318346035
apache,report,0.967680129951066
apache,types,0.967671771462824
apache,linux,0.9669857808887692
apache,dec,0.9667320113161004
apache,more,0.9666034950167488
techniques,such,0.988080048074391
techniques,use,0.9878226517547596
techniques,be,0.98780339070436
techniques,can,0.9877141605773794
techniques,work,0.9877067472341887
techniques,these,0.9876086101322313
techniques,about,0.987395325535082
techniques,from,0.9872357324017006
techniques,they,0.9871654160640462
techniques,provide,0.9868121854772136
several,been,0.989392511142172
several,can,0.9890309874136745
several,they,0.9887189545599766
several,be,0.9886262636456165
several,from,0.9880448796177732
several,has,0.9872879685034572
several,such,0.9872009848030132
several,that,0.9870961024841455
several,have,0.9870045921344092
several,how,0.9869319686626968
279coverage,wodsdtotal,0.9875709775077246
279coverage,words166,0.9856424167927674
279coverage,words30,0.9820473945863153
279coverage,coverage,0.9811076196591775
279coverage,57,0.9788886212933519
279coverage,accuracy,0.9770624444631847
279coverage,129,0.9761947844102369
279coverage,cccccgggggaaaaavvvvvresults,0.9727133043285392
279coverage,words,0.9684305406543476
279coverage,prefixresults,0.9556217983957831
forschungsgemeinschaft,deutsche,0.9989451374475529
forschungsgemeinschaft,grant,0.9952029308858794
forschungsgemeinschaft,ze,0.9941418291689532
forschungsgemeinschaft,509,0.993013945064528
forschungsgemeinschaft,christian,0.9897223798196244
forschungsgemeinschaft,lindig,0.9852130020168512
forschungsgemeinschaft,funded,0.9849873033559864
forschungsgemeinschaft,anonymous,0.9755079298950422
forschungsgemeinschaft,viewers,0.964321159994808
forschungsgemeinschaft,valuable,0.9529448230573756
eclipse,comment,0.9784029719412914
eclipse,task,0.966163152642112
eclipse,places,0.965421178706735
eclipse,mechanism,0.9652477464385814
eclipse,request,0.9637854024485768
eclipse,labelled,0.9619322763213207
eclipse,contains,0.9604732186420032
eclipse,communication,0.9595455998258384
eclipse,archives,0.956933295719155
eclipse,informal,0.9534385535757945
model,provide,0.9824592131850955
model,project,0.9819931314723436
model,repository,0.9811647976011204
model,projects,0.9807192708002965
model,will,0.9794979248438969
model,their,0.9793465831275406
model,it,0.9790189907693773
model,can,0.9790042237837957
model,main,0.9788735318073061
model,also,0.97863312919167
during,be,0.9897978071321218
during,they,0.9896577665864732
during,can,0.989571387782696
during,work,0.9894146971978807
during,been,0.9893778228440511
during,how,0.9892529632007221
during,these,0.9891417883351186
during,that,0.9890574896318549
during,from,0.9886537893612576
during,it,0.9886016718996251
ex,we,0.990379082034015
ex,that,0.9893218697950682
ex,from,0.9886333606407296
ex,not,0.9885118380110469
ex,have,0.9884839591098602
ex,some,0.9880544235256961
ex,be,0.9880341786606257
ex,are,0.9880007121823938
ex,it,0.9875849919679065
ex,more,0.9872816331844065
those,some,0.9856206383920729
those,any,0.9846280855235104
those,although,0.9845521083209211
those,but,0.984108918896059
those,them,0.9840089000800025
those,cation,0.9835833673307641
those,cases,0.9833128870516759
those,have,0.9828353177470586
those,us,0.982725584831122
those,both,0.9820652419074566
finding,pugh,0.998145008113897
finding,hovemeyer,0.990919546796394
finding,easy,0.9903732250532313
finding,bugs,0.9865734888639646
finding,companion,0.9844138057514875
finding,19th,0.9632640351428066
finding,object,0.9404753744325696
finding,oriented,0.9344490714146803
finding,programming,0.9315071003369861
finding,systems,0.918872033921898
general,these,0.9879287737444029
general,about,0.9877472555378792
general,how,0.9877371741574321
general,their,0.9872331306248223
general,also,0.9871785164407405
general,be,0.9866592873986368
general,use,0.9865512127431733
general,will,0.9865014618522112
general,are,0.9862994219890802
general,large,0.9861160815010865
concept,keywords,0.9842077152629121
concept,concepts,0.981338238210288
concept,keyword,0.9797070661234095
concept,term,0.9788066270349767
concept,pre,0.9756101875904493
concept,ers,0.9738143886827979
concept,mine,0.972025415973169
concept,dirent,0.9719663001007703
concept,around,0.9710734612521488
concept,idf,0.9705526904426504
refactoring,programmers,0.9802360132143026
refactoring,bad,0.9776921126553441
refactoring,apply,0.9756954536422948
refactoring,fowler,0.9745704560531019
refactoring,ective,0.9738970639627935
refactoring,enables,0.973502110443376
refactoring,design,0.9716473661997937
refactoring,remove,0.971582716196713
refactoring,lution,0.9706149460225448
refactoring,principle,0.9703661259177601
file,revision,0.9792638815327076
file,modi,0.9740647531061553
file,previous,0.9738669523804925
file,le,0.9728610060426198
file,after,0.971902921658661
file,change,0.9718834120358643
file,include,0.9716098220401728
file,les,0.9713641821546948
file,determine,0.9713601796095648
file,if,0.9710202288193805
com,from,0.9857224351559191
com,use,0.9853028789390033
com,such,0.9844064440775513
com,can,0.9842258111890074
com,some,0.9833996179693166
com,using,0.9829905193506759
com,through,0.9826737906098
com,are,0.9819119509267243
com,be,0.9818455276933482
com,about,0.9817920586891282
cases,those,0.9833128870516759
cases,some,0.9832039639271772
cases,could,0.9820083703256166
cases,cation,0.9819368824158423
cases,any,0.98122579583268
cases,even,0.9808969311256295
cases,list,0.9807163016361609
cases,sometimes,0.9805514785027436
cases,them,0.9798613365701734
cases,address,0.9796415097403246
able,have,0.990114574206661
able,not,0.9894683194097631
able,it,0.9892768247932612
able,that,0.9892701457049843
able,from,0.9891257034273759
able,are,0.9888120392643533
able,all,0.9886539615534423
able,into,0.9883351681237313
able,be,0.9883198403707646
able,or,0.9881134200662914
provides,such,0.9917432856231574
provides,that,0.9914965141518066
provides,can,0.9913354559709148
provides,be,0.991324565393049
provides,are,0.9911702359714203
provides,from,0.9908917706755955
provides,we,0.9908549232269133
provides,these,0.9906271884756384
provides,into,0.9905411976320234
provides,used,0.990142626851559
godfrey,integrated,0.9934321922102689
godfrey,tu,0.9921058360215451
godfrey,675,0.9869051374042025
godfrey,1977,0.9859732272594892
godfrey,664,0.9826565919257017
godfrey,architectural,0.9800095967919842
godfrey,studying,0.9800034403224516
godfrey,intl,0.9618642833485349
godfrey,comprehension,0.9408185228351018
godfrey,q,0.939054421586248
ers,identi,0.9865435911406784
ers,around,0.9826699869681551
ers,keywords,0.9754018162074792
ers,concept,0.9738143886827979
ers,key,0.9726672126628773
ers,term,0.9720999348247413
ers,concepts,0.9720129874671126
ers,pre,0.9716309810985058
ers,although,0.9700464691341946
ers,too,0.9688233100668255
linux,kernel,0.9877360767134424
linux,structure,0.9749872100241989
linux,different,0.9689415767881817
linux,size,0.9679784588272204
linux,between,0.9679269115478395
linux,over,0.9676474750038861
linux,respect,0.9672791639987124
linux,apache,0.9669857808887692
linux,similar,0.9665924255345046
linux,shows,0.966453896785501
et,history,0.9893829102356824
et,identify,0.9891482735471733
et,they,0.9885448014076923
et,such,0.988007940750024
et,be,0.9876820846413195
et,these,0.9872482192894003
et,work,0.9871784880639404
et,al,0.9870699282844138
et,can,0.9864452320985038
et,proposed,0.9863688122183603
syntactic,semantic,0.9827017602002501
syntactic,types,0.9804331908340885
syntactic,if,0.977639782411565
syntactic,versions,0.9762055264057183
syntactic,two,0.9749370695301227
syntactic,change,0.9748402556490481
syntactic,syntax,0.9747697097581427
syntactic,identifying,0.9744384630741709
syntactic,does,0.9738328027867111
syntactic,reported,0.9737945186916058
user,use,0.9854663984101146
user,help,0.9847959701468629
user,can,0.9847885280736952
user,tools,0.9841528285997987
user,provide,0.9839103042512544
user,such,0.9831711502664774
user,from,0.9829141363067935
user,related,0.982712042682224
user,about,0.982463417399847
user,these,0.9821336585858462
abstract,how,0.9823929182001296
abstract,identify,0.981000005600452
abstract,introduction,0.979666145793515
abstract,these,0.9795401695468002
abstract,pro,0.9787794669755187
abstract,provides,0.9782483864857068
abstract,we,0.9775760759648182
abstract,use,0.977496515263953
abstract,be,0.9774025380550051
abstract,they,0.9772192496435426
design,consider,0.9798141934800624
design,history,0.9794073794713387
design,over,0.9780869892736119
design,how,0.9773821289624296
design,apply,0.9756209697909464
design,often,0.9754055791167608
design,they,0.9750585103742941
design,detecting,0.9750229554929032
design,programmers,0.974848426569672
design,tion,0.9745000157692342
problem,have,0.9911798380926176
problem,when,0.9911491810665616
problem,that,0.9910719361685817
problem,not,0.9909372599334565
problem,but,0.9908669895851099
problem,has,0.9907720248511256
problem,some,0.990746157539504
problem,be,0.9903314872200368
problem,we,0.989899544102998
problem,are,0.9894534987238925
small,only,0.9874688291100872
small,have,0.9869363358016889
small,although,0.9868895512741702
small,from,0.9862780280031619
small,there,0.9860144317352433
small,it,0.9857580459806061
small,however,0.9855386275342957
small,many,0.9855007919858163
small,but,0.9854796158047139
small,that,0.9852922507503785
up,that,0.9904329094082256
up,have,0.990259488195143
up,we,0.989365582277372
up,only,0.9892716591426794
up,not,0.9890257322886331
up,more,0.9889766545433819
up,be,0.988833450629119
up,are,0.98836185032091
up,each,0.9882906308232375
up,when,0.9882657317496348
among,projects,0.9810658600954798
among,can,0.9800573106849628
among,few,0.980034680638717
among,developers,0.9799794685417093
among,from,0.9793773725094979
among,also,0.9791294562078754
among,used,0.9789763706495365
among,applying,0.978955218833166
among,more,0.9788393207374078
among,project,0.9785943282135958
result,when,0.9860779855305265
result,most,0.9851802096144338
result,we,0.9851137085047252
result,that,0.9839843917197175
result,not,0.9836003060490424
result,be,0.9828907178745078
result,thus,0.9826541336892364
result,very,0.9823398938278529
result,how,0.9822814469355138
result,often,0.9822497582371319
single,from,0.9872712334621191
single,can,0.9861958409011788
single,into,0.9859693191829889
single,use,0.9857405782169915
single,about,0.9856847740295487
single,it,0.9855680762119202
single,be,0.9848759239807905
single,these,0.9846692114608571
single,results,0.9845504854757907
single,such,0.9845211559316338
university,data,0.9855085517052464
university,cvs,0.9766909622549362
university,2003,0.9757552004568137
university,science,0.9744804727342175
university,computer,0.973310507246836
university,german,0.969528023482191
university,maryland,0.9659145993521585
university,thesis,0.9639550743019019
university,mining,0.9623092044894568
university,repository,0.9611666620824417
etc,can,0.9863721303538178
etc,need,0.9861861688510754
etc,such,0.9854572117103872
etc,from,0.985353671957807
etc,some,0.9851358304206203
etc,be,0.9845181146301478
etc,its,0.9840722212090348
etc,language,0.9839858236020663
etc,are,0.983624277204673
etc,that,0.9832376233230411
written,lines,0.987498913395291
written,were,0.9862523759609773
written,out,0.9846566406284476
written,each,0.9839116374722983
written,than,0.9830867536153429
written,work,0.9828442446686976
written,that,0.9822022137929292
written,all,0.9819436420452801
written,have,0.9818541080842538
written,we,0.9815346288002628
must,it,0.9864912284035583
must,how,0.9864710098701452
must,that,0.9864594693864709
must,be,0.9861950373114504
must,not,0.9859429305792503
must,its,0.9858052984523624
must,their,0.9854620835965004
must,results,0.985398376760348
must,also,0.9853371214617281
must,most,0.9851970611259102
possible,also,0.9902576277247972
possible,it,0.9897090493948477
possible,can,0.9877250470272381
possible,will,0.9874605648570824
possible,from,0.9871870114938613
possible,be,0.9869222039803619
possible,important,0.9868727031300877
possible,their,0.9867285599792621
possible,but,0.986659581022916
possible,both,0.98658044537968
es,e,0.9675068074902742
es,in,0.966783517387467
es,n,0.9632312506434123
es,and,0.9621880709652387
es,er,0.9591642399392042
es,of,0.9575099875731635
es,for,0.9566948232617601
es,ing,0.9562181543762771
es,y,0.9558167182783412
es,5,0.9552042820458713
requires,prior,0.9952309106295911
requires,0005,0.9944542735843227
requires,advantage,0.9944376954079268
requires,123,0.9940623518876479
requires,59593,0.993801449528837
requires,copyright,0.99352735333353
requires,page,0.9934669420517599
requires,servers,0.9928602525317014
requires,copies,0.992516289591171
requires,personal,0.9924908965649506
o,g,0.9810441815157823
o,e,0.9790881693909845
o,i,0.9786945248991727
o,a,0.9753111574656601
o,an,0.975277149373535
o,are,0.9746990338219346
o,ing,0.974675822230699
o,using,0.9732128089228826
o,or,0.973083172076761
o,n,0.9729383377469196
further,be,0.9898384038608777
further,such,0.9898110562334719
further,we,0.9895337442565315
further,can,0.989054789731906
further,are,0.9889724560277025
further,has,0.9887836495575787
further,it,0.9883523409532078
further,that,0.9882929118478951
further,from,0.9881911931306053
further,these,0.9879521374927174
terms,need,0.9829908793565899
terms,etc,0.9824589346398138
terms,section,0.9818835662127084
terms,from,0.9817878715019335
terms,large,0.9817288730396116
terms,experience,0.9811154180331798
terms,method,0.9811123486128523
terms,can,0.9805710377249652
terms,are,0.9805694026621594
terms,understanding,0.9804110099071164
multiple,be,0.9892489645922176
multiple,that,0.9879667925721114
multiple,such,0.9878704620954399
multiple,can,0.9876499802000835
multiple,are,0.9875797298056181
multiple,these,0.9874486960265254
multiple,has,0.987359936439552
multiple,they,0.9872389504349168
multiple,we,0.9865820720817756
multiple,from,0.9864743009039817
er,e,0.9730395305462061
er,in,0.9720603495723308
er,ing,0.9658312550376487
er,a,0.9655469413989146
er,and,0.9638760887428803
er,to,0.9630239487479417
er,n,0.9625537288444711
er,s,0.9611994944617962
er,the,0.9606994688723338
er,g,0.9597302317622118
metrics,effort,0.9838304789000143
metrics,management,0.9826010783769134
metrics,measurement,0.9823105227008717
metrics,measures,0.9818636478415894
metrics,large,0.9800337281839023
metrics,introduction,0.9793800975254177
metrics,subject,0.9778410933068867
metrics,approaches,0.9770660774740991
metrics,time,0.9769918401924453
metrics,artifacts,0.9753940268405641
social,networks,0.9871594443941963
social,network,0.9848628915963152
social,members,0.9776968419561782
social,developers,0.9698192355330424
social,role,0.9690771642715923
social,oss,0.9686848480824778
social,ltering,0.9669090244241869
social,few,0.9642880126135815
social,rich,0.9641667686518135
social,devel,0.9632068660374067
shown,than,0.9880390334861207
shown,only,0.9878339173907507
shown,example,0.9878178423982632
shown,we,0.9867322694486931
shown,that,0.9867201439441371
shown,some,0.98660659323595
shown,have,0.9864622360406945
shown,all,0.986404522412881
shown,not,0.986367618951546
shown,see,0.9852633838417459
present,these,0.9900857137837473
present,such,0.989733842471122
present,we,0.9891078498748206
present,particular,0.9884294550753128
present,are,0.9882128220556363
present,be,0.9880640979713449
present,they,0.9878312239991045
present,can,0.9877266024939844
present,that,0.9877139843650324
present,used,0.9874969983653616
comment,eclipse,0.9784029719412914
comment,places,0.9733134569473332
comment,request,0.9728041683024296
comment,labelled,0.9688679255604273
comment,task,0.968699648339111
comment,tags,0.9651306793541294
comment,pam,0.9648514166250601
comment,denotes,0.9639948160487988
comment,mechanism,0.9614314153665001
comment,todo,0.960242481135062
programmers,programmer,0.9817021918275293
programmers,refactoring,0.9802360132143026
programmers,consistently,0.9795863580678033
programmers,decisions,0.978065338837395
programmers,automatically,0.9776462897051899
programmers,remove,0.9756976299472702
programmers,design,0.974848426569672
programmers,abstraction,0.9740196517633146
programmers,clone,0.9734973576958117
programmers,best,0.9718192473081679
selected,since,0.9849495869854392
selected,method,0.9818327415221442
selected,characteristics,0.9804884197288656
selected,less,0.9763536089920589
selected,section,0.9748658183297924
selected,key,0.9747682619476699
selected,three,0.9730507436952449
selected,identi,0.9728937928116552
selected,table,0.9721383870366589
selected,keywords,0.9716078483706178
cation,some,0.9883690391261115
cation,from,0.986390603747874
cation,them,0.9859816161857794
cation,can,0.9855218242683748
cation,it,0.9846919901702763
cation,have,0.9846267269107103
cation,such,0.9841166691727277
cation,by,0.9837310036944156
cation,those,0.9835833673307641
cation,that,0.9835816103189046
distribution,different,0.980585481239556
distribution,several,0.9779746920581447
distribution,has,0.9768713709617907
distribution,all,0.9767568718664255
distribution,from,0.9766283305645422
distribution,been,0.9757212319491758
distribution,both,0.9755467030293955
distribution,we,0.9754795872143216
distribution,most,0.975226466464115
distribution,be,0.9751809438939283
notice,requires,0.9921131245096008
notice,prior,0.9916790466109592
notice,personal,0.990365114053433
notice,copies,0.9895615868596073
notice,page,0.9894788006309533
notice,hard,0.989252407092855
notice,post,0.9891289601647764
notice,full,0.9886492023589946
notice,otherwise,0.9885293045267429
notice,advantage,0.9884326431545201
prior,requires,0.9952309106295911
prior,0005,0.9942530162574643
prior,123,0.9942315267774564
prior,59593,0.9941160857580139
prior,servers,0.9939141185396789
prior,fee,0.9938066451709592
prior,permission,0.9938066451709592
prior,redistribute,0.9931492550593463
prior,copyright,0.9929977851970371
prior,copies,0.9926878733975103
therefore,it,0.9877994589960319
therefore,can,0.9875795134913448
therefore,from,0.9863172345820876
therefore,time,0.9861607721303214
therefore,be,0.9860388353416074
therefore,possible,0.9859870272633668
therefore,has,0.985703842322715
therefore,its,0.9853121340385307
therefore,used,0.9852087696202957
therefore,some,0.9851732510798834
ware,software,0.9677519899533488
ware,on,0.9660328404377447
ware,in,0.9620363367323398
ware,n,0.9615925886890961
ware,ing,0.9594095257477331
ware,g,0.957169657006657
ware,l,0.95702177059478
ware,e,0.9539810617242568
ware,to,0.9527103077106838
ware,and,0.9524648179601864
full,page,0.9927999286474989
full,requires,0.9923816630758042
full,prior,0.9917643225510331
full,advantage,0.9917319524413045
full,lists,0.9906799718561784
full,copies,0.9906217384090844
full,personal,0.9902522733243371
full,post,0.9896501557428815
full,servers,0.9895108513017963
full,copyright,0.98940753743713
revision,file,0.9792638815327076
revision,modi,0.9758059188765994
revision,les,0.9733640061188122
revision,le,0.9726212467168862
revision,author,0.9713881420922525
revision,relationships,0.9704745900422733
revision,authors,0.9680696614601341
revision,files,0.9662516572867055
revision,di,0.9653578364229507
revision,set,0.9648438945388427
ieee,september,0.9836003494133021
ieee,03,0.9798379251853697
ieee,german,0.9761992506629582
ieee,l,0.9754599826965611
ieee,computer,0.9750213090449703
ieee,journal,0.9747022297590469
ieee,284,0.9746201121529647
ieee,k,0.9735826927682767
ieee,v,0.9731778077451954
ieee,sept,0.9714865654143673
science,computer,0.992945101851594
science,work,0.9791993870036788
science,introduction,0.9785916388606848
science,supported,0.9784148669067814
science,large,0.9775669616816413
science,tools,0.9767858469165065
science,about,0.9760278210885058
science,using,0.9759799216409188
science,use,0.9755421769268308
science,analyzing,0.9754948478364573
automatically,consider,0.9808806911244311
automatically,when,0.9806542349133607
automatically,programmers,0.9776462897051899
automatically,previous,0.9775382560860881
automatically,several,0.9768693125513337
automatically,often,0.9766516033419076
automatically,locate,0.97606855743538
automatically,been,0.9758476523143349
automatically,et,0.97569690756629
automatically,would,0.9752978463123517
copy,copies,0.9859484705118842
copy,prior,0.9835273165364653
copy,bear,0.9833277818720729
copy,commercial,0.9820304180853361
copy,republish,0.9817899329785746
copy,citation,0.9817228409091164
copy,make,0.9816744673189715
copy,notice,0.9815161702545769
copy,servers,0.981340569823786
copy,redistribute,0.9807336335418928
second,their,0.9895541896564798
second,it,0.989242462891631
second,that,0.9883068079242086
second,have,0.9882393368141209
second,not,0.9876675352343192
second,these,0.9875451582607616
second,all,0.9873676939320056
second,they,0.98735791840816
second,any,0.9872744709813648
second,used,0.9872140380230784
including,from,0.9853338770249604
including,used,0.9845728455675996
including,will,0.984008484806074
including,results,0.9839335001624456
including,it,0.9835701921974598
including,be,0.9834990167683089
including,can,0.983311716090544
including,their,0.9832804011451952
including,has,0.9828849543985154
including,using,0.9826772997249849
page,personal,0.9935966397656446
page,requires,0.9934669420517599
page,full,0.9927999286474989
page,advantage,0.9926421401709424
page,copies,0.9925657711816696
page,servers,0.9925569371900922
page,123,0.992382064136111
page,copyright,0.9920750389934407
page,prior,0.9919401969626833
page,digital,0.9916204616904467
clone,clones,0.9934087586021911
clone,genealogy,0.9907779538351266
clone,snippets,0.9874482245342038
clone,cloning,0.9870783852378555
clone,consistently,0.985639443548631
clone,ccfinder,0.9808610884046607
clone,consistent,0.9805908314871512
clone,maintaining,0.9797029203246006
clone,nealogy,0.9793427783939491
clone,paste,0.9778237486896921
classes,class,0.9785269382029019
classes,extract,0.9755218524321483
classes,logical,0.9749892875824449
classes,implemented,0.9742779117099054
classes,together,0.9742350629739576
classes,where,0.9735586582578346
classes,con,0.9725637803119087
classes,parts,0.9720204277967004
classes,change,0.9718255132225218
classes,additionally,0.9707666990344254
pattern,patterns,0.9864609962631299
pattern,called,0.9854887088834579
pattern,instances,0.9837794177019714
pattern,after,0.9768006360471062
pattern,functionality,0.9742130494488311
pattern,calls,0.9708422362986784
pattern,involved,0.9683830164234408
pattern,investigated,0.9655843836764945
pattern,searching,0.963389832852225
pattern,two,0.9627950577834187
language,etc,0.9839858236020663
language,example,0.9823304421075627
language,from,0.9808393507811193
language,its,0.980640790464007
language,we,0.9804132880102661
language,can,0.9803178882344734
language,are,0.9803026973031476
language,some,0.9802134446790083
language,need,0.9801327444875
language,that,0.980102060932889
analyses,collection,0.9919425975983076
analyses,researchers,0.9807494351243295
analyses,scripts,0.9780374255726777
analyses,designed,0.9773523871979054
analyses,comparable,0.9772496579715735
analyses,floss,0.9771564595659494
analyses,academic,0.9762857615832938
analyses,efforts,0.9761193388371532
analyses,ossmole,0.9757107470091556
analyses,gather,0.9747138124141518
describe,such,0.9876431257798219
describe,need,0.9865876098477879
describe,these,0.9862377743317361
describe,be,0.9850049878263863
describe,can,0.9848240770752037
describe,use,0.9848038201809757
describe,future,0.9840843682128657
describe,identify,0.9840499521615473
describe,provides,0.9835924180503237
describe,example,0.9835223232345253
low,below,0.9783821216716894
low,above,0.972612749030262
low,complete,0.9713138003185703
low,quality,0.9709502327926656
low,however,0.9696144767284427
low,do,0.9692984468574782
low,space,0.9684557091563104
low,methods,0.9681485313086533
low,total,0.966527815214532
low,results,0.9664747033676343
per,each,0.986541425505667
per,all,0.9828767098033496
per,we,0.9828304144522672
per,into,0.9826137397315682
per,are,0.9824549710862758
per,figure,0.982440583825293
per,two,0.9823068448968364
per,have,0.9819426492938561
per,between,0.9818296011236376
per,that,0.9817976814353926
interesting,be,0.9861885901995863
interesting,also,0.9860593082057177
interesting,are,0.9851421907432218
interesting,it,0.9847447126997293
interesting,can,0.9845362256645945
interesting,such,0.984443461369462
interesting,from,0.9844108498658867
interesting,that,0.9843299748151837
interesting,these,0.9841510294947571
interesting,about,0.9841138759000205
extracted,from,0.9867626085163217
extracted,are,0.9859842576568604
extracted,by,0.9858335690982813
extracted,we,0.9857064632108219
extracted,all,0.985552851297614
extracted,that,0.9850098848084976
extracted,it,0.9848662230526906
extracted,can,0.9844592752724861
extracted,used,0.9843215170392372
extracted,such,0.9841707464408056
pugh,finding,0.998145008113897
pugh,hovemeyer,0.993630371084226
pugh,easy,0.9875489753428983
pugh,companion,0.983381484401662
pugh,bugs,0.9814554264729227
pugh,19th,0.9626689224187861
pugh,object,0.939487012268311
pugh,oriented,0.9336251412004998
pugh,programming,0.9289335117733315
pugh,systems,0.91622560959235
determine,we,0.9867630804647811
determine,two,0.9866714222859582
determine,common,0.9866546833295725
determine,more,0.985674882493339
determine,has,0.985398337722925
determine,be,0.9850239616596304
determine,identify,0.9848009584995634
determine,if,0.9847030516116511
determine,have,0.9845787697637951
determine,same,0.9843273142778556
deutsche,forschungsgemeinschaft,0.9989451374475529
deutsche,grant,0.9923250050206189
deutsche,ze,0.9905683819209312
deutsche,funded,0.9897948000230846
deutsche,509,0.9893991239377876
deutsche,christian,0.986007000893633
deutsche,lindig,0.9814834704649618
deutsche,anonymous,0.9720567371242603
deutsche,viewers,0.9609094557672215
deutsche,provided,0.9505779093771118
ng,5,0.9544174793645528
ng,n,0.9528296737616617
ng,2004,0.9504903602908539
ng,on,0.949402747084055
ng,in,0.9448642294208474
ng,software,0.9433033034085752
ng,may,0.9420532147178224
ng,of,0.9398478752788813
ng,and,0.937625567134096
ng,ing,0.9361482485518049
weigerber,diehl,0.9918433824218448
weigerber,zeller,0.9901410657779266
weigerber,histories,0.9826227616674403
weigerber,guide,0.9740478003266964
weigerber,gerber,0.9730412893617271
weigerber,wei,0.9714132060450467
weigerber,version,0.9627802306215549
weigerber,changes,0.949751406275579
weigerber,int,0.9393727674148641
weigerber,zimmermann,0.9350404450954082
kinds,kind,0.9873264039564658
kinds,observed,0.9870327877696976
kinds,common,0.9778789075167542
kinds,addition,0.9778044013039683
kinds,change,0.9776953474767613
kinds,taxonomy,0.9744241029484385
kinds,changing,0.9723355448968665
kinds,when,0.971771785027812
kinds,changed,0.9704629053678842
kinds,or,0.9703990425429433
transactions,were,0.9762904879195942
transactions,con,0.9754840322630235
transactions,log,0.9730430696398302
transactions,x,0.9730307352064211
transactions,i,0.9717697057795495
transactions,than,0.9717057927199322
transactions,from,0.9716029215589566
transactions,into,0.971326152262157
transactions,out,0.971271913640076
transactions,it,0.9710895553938363
variables,global,0.9851438196707074
variables,functions,0.9816502789948536
variables,function,0.9808310284490888
variables,versions,0.9803927306547144
variables,types,0.976631959667356
variables,two,0.9757720935716012
variables,names,0.9744184237888394
variables,if,0.9739777328145531
variables,syntactic,0.9733304297435225
variables,last,0.9728262958349421
sources,main,0.9802223684696608
sources,research,0.9792676272593446
sources,projects,0.9779123582519036
sources,tracking,0.9772402034073394
sources,focus,0.9765533078990295
sources,provide,0.9764464634682932
sources,tools,0.974947420870681
sources,designed,0.9743625702169221
sources,activities,0.9739501533871019
sources,project,0.9737495819599806
means,them,0.9854588965234343
means,their,0.9854354356899607
means,there,0.9846883602893153
means,not,0.9843220990049023
means,all,0.9836223595890128
means,but,0.9835280083192364
means,it,0.983445030958335
means,are,0.9832555680631805
means,about,0.9831534269490949
means,both,0.982873459906537
00,0005,0.9950931608750315
00,123,0.9944430094828798
00,59593,0.9943435957556679
00,copyright,0.9929572447391817
00,louis,0.9923515276246455
00,servers,0.9914361380952599
00,requires,0.9913990100767656
00,missouri,0.9911339691069397
00,prior,0.9908255294837767
00,fee,0.9907768133988848
tracking,com,0.9797769057490775
tracking,projects,0.9786026885189625
tracking,main,0.9776064185118875
tracking,cases,0.977587696884598
tracking,repository,0.9772885726789813
tracking,sources,0.9772402034073394
tracking,some,0.9771738044918554
tracking,use,0.9770179287331315
tracking,can,0.9767263675537773
tracking,from,0.9767019630311352
described,such,0.9867747573613634
described,some,0.9867739218074263
described,can,0.985824224110389
described,be,0.9846046267480923
described,from,0.9845175697726483
described,that,0.9842437457730246
described,it,0.9841422868240672
described,have,0.9837152480674818
described,by,0.9835605853432294
described,they,0.9834779286514056
problems,projects,0.9833898459289517
problems,use,0.9829846587155517
problems,they,0.9827442781245874
problems,about,0.9825331833548022
problems,how,0.9823003563036881
problems,help,0.9822792474797957
problems,project,0.9818041077666546
problems,provide,0.9816866047019422
problems,can,0.9814926978577028
problems,developers,0.981078603280531
previous,when,0.9861568988210689
previous,if,0.9850711659295666
previous,set,0.98495907427011
previous,we,0.9849492520356222
previous,has,0.9846861132542017
previous,that,0.9844107256084583
previous,they,0.9838628783908099
previous,have,0.9837881814777263
previous,be,0.9836955078337546
previous,not,0.983047924606159
post,servers,0.9951023923243607
post,personal,0.9950879434136407
post,copyright,0.9949579076304664
post,redistribute,0.9930021990290385
post,lists,0.992883965503067
post,permission,0.9928593155945202
post,fee,0.9928593155945202
post,copies,0.9922843418541428
post,123,0.9922330635733403
post,republish,0.9921201821893948
students,student,0.9977197301031495
students,habits,0.9831278653848656
students,submit,0.9723960800899287
students,features,0.9700314783844939
students,third,0.968192396001927
students,pmd,0.9678885243138333
students,bottom,0.9675793878253303
students,assignments,0.9652907180508625
students,unit,0.9648749711863813
students,normalized,0.9646787602759854
called,pattern,0.9854887088834579
called,patterns,0.9825356551653124
called,instances,0.9818209773935481
called,functionality,0.9803142366513122
called,after,0.9791745179631237
called,involved,0.9761705451457087
called,calls,0.9757999774150488
called,two,0.9681189701069093
called,up,0.9674654029269176
called,each,0.9665353557844221
coupling,logical,0.9834672821224846
coupling,couplings,0.9824984583885914
coupling,module,0.9817396090429924
coupling,dependencies,0.9797893859364313
coupling,within,0.9744146589024942
coupling,parts,0.9720379175502722
coupling,structure,0.9717770582984999
coupling,change,0.9713508700891653
coupling,modules,0.969168640566906
coupling,between,0.9690992178194776
size,similar,0.9748442562860411
size,show,0.9723908758647325
size,over,0.9702498710508249
size,linux,0.9679784588272204
size,between,0.9673088325832759
size,time,0.9667997856735098
size,100,0.9664858825994523
size,kernel,0.965819178434123
size,sions,0.9647811234427024
size,applied,0.9647345839376371
approaches,first,0.9798219771994114
approaches,time,0.9792801327725762
approaches,terms,0.9788653334936916
approaches,proposed,0.9774085827437289
approaches,large,0.9772570857703728
approaches,metrics,0.9770660774740991
approaches,different,0.9765088934791237
approaches,from,0.9755757969491416
approaches,finally,0.975128062809069
approaches,can,0.9750081924012319
question,questions,0.9879369872179895
question,answer,0.9873968771558935
question,what,0.9854408704388717
question,methods,0.9790406117594419
question,related,0.9774793001374709
question,help,0.9749284318138014
question,conclusions,0.9742249047323829
question,however,0.9741627755184711
question,their,0.9736348759892597
question,four,0.9732588017576029
less,more,0.9864723235407405
less,from,0.9860498890188162
less,we,0.9859677285685895
less,than,0.9852676623396492
less,that,0.9852608496061912
less,it,0.9848946109811689
less,are,0.9847374989821425
less,not,0.9846424090880896
less,since,0.9845829926771219
less,used,0.9845065680325095
answer,question,0.9873968771558935
answer,what,0.9863788362062575
answer,questions,0.9849886716906302
answer,help,0.9775510848790193
answer,methods,0.9775144028549465
answer,goal,0.9752621808661843
answer,terms,0.9751166462348146
answer,however,0.9750403686842557
answer,how,0.975002458492702
answer,tools,0.9749294852854669
kind,kinds,0.9873264039564658
kind,observed,0.9809125908711183
kind,common,0.9806297188045625
kind,addition,0.9790112989959636
kind,change,0.9782869644213512
kind,future,0.9781128778647282
kind,types,0.9780421418851106
kind,example,0.9779040748552461
kind,more,0.9768090793452897
kind,or,0.976500954166613
across,both,0.9863497817641361
across,projects,0.9854378884738921
across,also,0.9848911921327027
across,project,0.9843750113396862
across,it,0.9842980806618552
across,will,0.9835658557754335
across,about,0.9834562915040701
across,their,0.9832006574530134
across,there,0.9830881462656023
across,these,0.983047396000575
relationships,erent,0.9818371715486097
relationships,di,0.9810545969472637
relationships,graph,0.9805544210649333
relationships,given,0.9788392086785269
relationships,into,0.9784555695103299
relationships,same,0.9779300514988061
relationships,can,0.9778000646561309
relationships,such,0.9776731154175362
relationships,associated,0.9776445328265091
relationships,have,0.9774924808434184
advantage,requires,0.9944376954079268
advantage,page,0.9926421401709424
advantage,copies,0.9922955569143083
advantage,citation,0.9921795757822829
advantage,personal,0.9920823582703343
advantage,prior,0.9919814370424855
advantage,full,0.9917319524413045
advantage,digital,0.9916604679762769
advantage,commercial,0.9913050470547362
advantage,classroom,0.9912746946404422
77,67,0.9927386742679828
77,75,0.992216036034189
77,59,0.9914425109609546
77,78,0.9912071575871918
77,61,0.9904775523029397
77,56,0.9903294720915811
77,63,0.9882978765089484
77,68,0.9866790515947006
77,64,0.986459991710686
77,73,0.9858103330081641
student,students,0.9977197301031495
student,habits,0.984223878763621
student,submit,0.974008296492245
student,features,0.9705022835293884
student,pmd,0.9698415394609973
student,third,0.9670163266288545
student,bottom,0.9659373937584075
student,normalized,0.9645345839410109
student,assignments,0.9637994266056907
student,unit,0.963783088264352
release,history,0.9847023211928114
release,gall,0.9763996310310747
release,releases,0.9761720125985687
release,et,0.9733078482158897
release,historical,0.9725296315437117
release,different,0.9718518637447953
release,structure,0.9710923900204602
release,over,0.9703576112302411
release,tion,0.970320959995355
release,these,0.9701517936477135
features,performance,0.9803638102232364
features,third,0.9798394738292597
features,written,0.9742201743022381
features,versus,0.9726792817933343
features,space,0.9725903520350654
features,effects,0.9724564471175778
features,bottom,0.9720469618880703
features,was,0.9708392873513838
features,student,0.9705022835293884
features,students,0.9700314783844939
requirements,methods,0.9751435616402357
requirements,however,0.9728552336308118
requirements,goal,0.9727174718414903
requirements,issue,0.9718640160781353
requirements,under,0.9717609591853212
requirements,what,0.9715486112113458
requirements,must,0.9703385721404054
requirements,should,0.970312116137193
requirements,also,0.9702299633640692
requirements,answer,0.9693639884257164
programs,implementation,0.98287902514595
programs,versions,0.9826339576770432
programs,syntax,0.9788277098159994
programs,types,0.9743241595398155
programs,trees,0.9742391213854062
programs,erences,0.9725634721190317
programs,whose,0.9719173276723245
programs,popular,0.9718158761820361
programs,variables,0.970544356616005
programs,change,0.9703041305955007
include,same,0.9831486657001098
include,all,0.9829423589144256
include,we,0.9827281762782134
include,example,0.9821977473895271
include,more,0.9815999173651926
include,has,0.9812563325152135
include,or,0.9809113610085893
include,have,0.9808377287296901
include,types,0.9807645063887402
include,two,0.9805108408536773
log,following,0.9801319081755635
log,been,0.976630024752569
log,we,0.9761016461211942
log,into,0.9758074204873168
log,con,0.9754326517420581
log,from,0.9754158682542663
log,show,0.9752928793222475
log,it,0.9750965395322484
log,be,0.9750918886810378
log,order,0.9749365444430913
value,more,0.9823267303933825
value,are,0.98187766452426
value,that,0.9815328021893321
value,we,0.9807272799737801
value,used,0.9804504589204359
value,well,0.9804364712884829
value,also,0.9804133333878007
value,each,0.9803613545630487
value,it,0.980295994981289
value,not,0.9798297330935408
text,not,0.9821673923120608
text,all,0.981311850128807
text,that,0.981288462927633
text,from,0.9807647611499506
text,we,0.9797126264478535
text,they,0.9795471065142776
text,be,0.9795241133072783
text,have,0.9793766625149696
text,it,0.9788317813054696
text,are,0.9787983131285101
parts,introduced,0.982082527406408
parts,internal,0.9809066074883169
parts,change,0.9778877636570806
parts,often,0.9776638674280949
parts,within,0.976888155493659
parts,et,0.976625401976652
parts,such,0.9754300846493685
parts,together,0.9749772898237776
parts,be,0.9749669531047138
parts,these,0.9748816056490448
useful,use,0.9900870816938581
useful,can,0.9889535785084532
useful,also,0.988885162730011
useful,be,0.9886851745566201
useful,from,0.9886036914659698
useful,have,0.9885984418710785
useful,some,0.988578320570692
useful,used,0.9885509977383979
useful,more,0.988485065240132
useful,these,0.9882595581168749
being,that,0.9896501913495573
being,be,0.9893973631076571
being,are,0.9892817385912955
being,such,0.989068374828477
being,these,0.9890107088586351
being,we,0.9888195106444069
being,used,0.9886715381866502
being,can,0.9885300832896688
being,it,0.9882933852147664
being,from,0.9878677480017986
hard,prior,0.9909473393464772
hard,requires,0.9904151375418935
hard,personal,0.9895147269606709
hard,notice,0.989252407092855
hard,advantage,0.9889807945508664
hard,make,0.9879846810616604
hard,copies,0.9878363429214503
hard,123,0.9877999502169652
hard,made,0.9876984220150791
hard,0005,0.9875477444165099
web,projects,0.9828214640667592
web,provide,0.9824719055769002
web,help,0.9821210326245954
web,about,0.981391232245908
web,project,0.9812716278038125
web,large,0.9805735090154286
web,use,0.9804010143299172
web,tools,0.9794224580671473
web,user,0.9789133982773157
web,should,0.978872569746943
within,identify,0.9863154625707748
within,such,0.985200242170685
within,be,0.9847685407363742
within,we,0.9844457574900121
within,can,0.9843193514814262
within,these,0.9840270017169217
within,has,0.9835660664901462
within,are,0.9833356607629371
within,et,0.9832499273044757
within,particular,0.9826256413879761
relevant,can,0.9859124616279102
relevant,related,0.984856052025203
relevant,about,0.9848270880179402
relevant,help,0.9847355549719616
relevant,use,0.9846386035132236
relevant,most,0.9839899765973674
relevant,such,0.9839702875472043
relevant,from,0.9839640617927208
relevant,tools,0.9837750530417038
relevant,how,0.9834231896016621
67,56,0.9957903629304345
67,59,0.9937783447941095
67,75,0.992762356445309
67,77,0.9927386742679828
67,78,0.9926098074233519
67,63,0.9915633031943143
67,69,0.9912230356315928
67,73,0.9904279847422286
67,64,0.9899182985853447
67,61,0.9894668165678568
systematic,reviews,0.9621935680034903
systematic,tertiary,0.9258780009778775
systematic,literature,0.922583688599024
systematic,se,0.9146085818005654
systematic,review,0.9142297594109416
systematic,ser,0.9109867448972848
systematic,practitioners,0.9093618649006028
systematic,silva,0.9086311330079441
systematic,da,0.9086311330079441
systematic,posted,0.9083372004666738
team,communication,0.975510994833088
team,through,0.9740210637242254
team,discuss,0.9721269917873936
team,issues,0.9717456039162247
team,developer,0.9712484820610581
team,supported,0.9699811426853647
team,speci,0.9698887091179182
team,project,0.9697529660610897
team,however,0.9692728938981806
team,developers,0.9689276546830294
human,tools,0.9719932408290914
human,works,0.9708178138452002
human,understanding,0.9699570688218664
human,experience,0.9691766949704212
human,key,0.9686542051215377
human,however,0.9682230379721617
human,min,0.9681462870255071
human,important,0.9677671484406063
human,terms,0.9674302463132602
human,preliminary,0.9673482036002717
impact,between,0.9806735341254225
impact,most,0.9791960786290168
impact,different,0.9779626482959702
impact,over,0.9775940134314507
impact,change,0.9772636006424789
impact,we,0.9770852844471495
impact,are,0.976792286926016
impact,more,0.9763703667654636
impact,be,0.9761749637972409
impact,has,0.9757179948009446
management,metrics,0.9826010783769134
management,measurement,0.9786264316554936
management,focus,0.9783855886928412
management,introduction,0.977768922940623
management,processes,0.977625899714796
management,large,0.9759836902849988
management,help,0.975772221303935
management,subject,0.9748328835076983
management,recent,0.974819920784182
management,categories,0.9742126166333309
key,method,0.9796524900777113
key,terms,0.9795259642367252
key,identi,0.978866804157756
key,section,0.9787401330968739
key,experience,0.9768837350024548
key,too,0.9768332821501071
key,technique,0.9757066347877401
key,understanding,0.9755801463856746
key,very,0.9754800605267031
key,machine,0.9750214312196639
times,if,0.9808727500108421
times,two,0.9800259412892689
times,where,0.9793203518765021
times,see,0.9793148767158723
times,between,0.9785303850573259
times,shows,0.9778351474844773
times,were,0.9772203563352215
times,x,0.9770610584615019
times,than,0.9765978157074955
times,after,0.9761146050147509
categories,these,0.9872198126868643
categories,such,0.9861429839633531
categories,future,0.9850271364738837
categories,be,0.9845902842907145
categories,are,0.9845216526486598
categories,need,0.9843432356502646
categories,can,0.9839702510709458
categories,we,0.9828562485254372
categories,that,0.98282199302327
categories,identify,0.982596546523242
current,future,0.9806606685741699
current,these,0.9786199980951409
current,because,0.9779674468536375
current,be,0.9777479149725461
current,up,0.9776495505945593
current,that,0.977295527495182
current,than,0.9770625267901232
current,more,0.9767578385432154
current,over,0.9765940695137625
current,are,0.9761616241225617
better,well,0.9859707242217803
better,results,0.9847711931745464
better,that,0.9847362303213257
better,it,0.9847257781903145
better,from,0.9846697282524091
better,are,0.9845970394568039
better,their,0.9844414961438397
better,we,0.9843537761267107
better,used,0.984255366725915
better,understand,0.98404148828174
whether,we,0.9857813447433786
whether,that,0.9852399962674316
whether,see,0.9849461180343198
whether,than,0.984946039851405
whether,not,0.9846252404342856
whether,but,0.9842471966735993
whether,are,0.9839664903533427
whether,used,0.9837587673707349
whether,it,0.983711762349579
whether,have,0.9832675287506769
copyright,123,0.9971321866078838
copyright,59593,0.9970567855849857
copyright,0005,0.9969945214914209
copyright,louis,0.9966047123594878
copyright,servers,0.9962813908562309
copyright,fee,0.9958706439345958
copyright,permission,0.9958706439345958
copyright,missouri,0.9950557125269763
copyright,post,0.9949579076304664
copyright,redistribute,0.9949059676899332
tu,675,0.9943243281899934
tu,1977,0.9939757976375911
tu,godfrey,0.9921058360215451
tu,664,0.9915897209235726
tu,integrated,0.9857277468064174
tu,studying,0.9725053584491326
tu,architectural,0.9700868422430486
tu,intl,0.9555307802612187
tu,q,0.9532380957993927
tu,comprehension,0.9367914945365137
names,two,0.9794988560992024
names,common,0.9785050109763523
names,same,0.9783036420181792
names,global,0.9775878381858161
names,nding,0.9766304141775675
names,versions,0.976022451075619
names,types,0.9759888399168655
names,variables,0.9744184237888394
names,if,0.9741538231498956
names,like,0.973576303938037
semantic,syntactic,0.9827017602002501
semantic,syntax,0.9704464769691448
semantic,types,0.9702142203144254
semantic,change,0.9697256730969499
semantic,identifying,0.9695008902107427
semantic,report,0.969417622055187
semantic,following,0.9693810237857785
semantic,we,0.9680880772384428
semantic,does,0.9678724378267978
semantic,two,0.9667471970970078
modules,module,0.9870486911697931
modules,between,0.9722591719885918
modules,similar,0.9711810155897573
modules,structure,0.9700232664717381
modules,coupling,0.969168640566906
modules,together,0.9686645334768151
modules,different,0.967803729821902
modules,less,0.9666698750426335
modules,100,0.9662265445586806
modules,indicate,0.9660643288454162
100,over,0.9835670109123833
100,between,0.9804158220640633
100,shows,0.9787146629608032
100,each,0.9786378448310009
100,more,0.9785202111836659
100,than,0.9784060674925652
100,total,0.977651880008169
100,are,0.9773927631909952
100,similar,0.9771367450628285
100,we,0.9770316112004338
nal,final,0.9580378514538893
nal,factors,0.9562224170654472
nal,space,0.9548552974098663
nal,features,0.9527362309970695
nal,low,0.952703827379224
nal,produced,0.9521348375014291
nal,examining,0.9518280598557363
nal,performance,0.9501583090701569
nal,along,0.9496044236235132
nal,recall,0.9490810287600308
reported,versions,0.9779751477866188
reported,changed,0.9770219957452515
reported,change,0.974418530720238
reported,syntactic,0.9737945186916058
reported,if,0.9728449530299416
reported,report,0.97265669165266
reported,detect,0.9724166829936797
reported,types,0.9712879952632645
reported,two,0.9712822002457799
reported,variables,0.9701482030231825
course,third,0.9741238162958601
course,any,0.9712559597641243
course,written,0.9690424340724869
course,those,0.9686343139151115
course,much,0.9680640224446845
course,second,0.9667886023964115
course,features,0.9658693376177808
course,statistical,0.9657304145685079
course,cases,0.9651214210018857
course,various,0.9651096869088838
existing,so,0.9814498739226799
existing,most,0.9803920731337306
existing,research,0.9800891737891089
existing,large,0.979386961900375
existing,from,0.9789381905695934
existing,proposed,0.978879789747804
existing,using,0.9785912411601795
existing,how,0.9785206115701282
existing,work,0.978436296326557
existing,tion,0.978322254804489
following,that,0.9855976174477759
following,we,0.9853805350278944
following,it,0.9852585005324495
following,be,0.9850860560727759
following,into,0.9849138504853994
following,such,0.9847468548600558
following,have,0.984395320123877
following,can,0.984045501401654
following,are,0.9839286740404402
following,its,0.9838885742513619
show,change,0.9841017911759729
show,x,0.9839065518130745
show,over,0.9820407109314702
show,between,0.9811191299261676
show,we,0.9788023961889043
show,than,0.9786555365894379
show,when,0.9786518741213004
show,has,0.9785182847780391
show,were,0.978029324037774
show,be,0.9780001687190913
victoria,preprocessing,0.9843351649129031
victoria,weisgerber,0.9843053338008688
victoria,grained,0.9801915591218667
victoria,1st,0.9729369437766722
victoria,thesis,0.9710878484212901
victoria,2003,0.9702869341191751
victoria,cvs,0.9647992346046097
victoria,zimmermann,0.9468079941031711
victoria,repositories,0.9418096330930457
victoria,university,0.9366643793711069
contain,these,0.9825195744471256
contain,such,0.9818613544535596
contain,work,0.9817218289085647
contain,than,0.9815773980483151
contain,some,0.9810835309472344
contain,that,0.9799626740178446
contain,can,0.9797121380364457
contain,they,0.9791881939066205
contain,be,0.9791789277219003
contain,from,0.9791659022804973
0005,59593,0.9996454760372246
0005,123,0.999345051512692
0005,louis,0.9980852295966121
0005,fee,0.9972328209395056
0005,permission,0.9972328209395056
0005,copyright,0.9969945214914209
0005,servers,0.996940954722615
0005,redistribute,0.9968118359411179
0005,missouri,0.996705880131217
0005,republish,0.9959241247968594
123,59593,0.9996901446404809
123,0005,0.999345051512692
123,louis,0.9979498128586086
123,fee,0.9973401762479136
123,permission,0.9973401762479136
123,copyright,0.9971321866078838
123,servers,0.9969778570977392
123,redistribute,0.996756707102735
123,missouri,0.9964735765460643
123,republish,0.9958201099789614
conceptual,supporting,0.9905028322933231
conceptual,collaboration,0.9807920242114861
conceptual,framework,0.9736436668184458
conceptual,asia,0.9435680173728405
conceptual,paci,0.9406079247936818
conceptual,apsec,0.9187290781822747
conceptual,472,0.9058183826902155
conceptual,481,0.9027268286409609
conceptual,knowledge,0.895396605341197
conceptual,11th,0.8916951221985757
introduction,large,0.9835747010229703
introduction,subject,0.9831413919533811
introduction,tools,0.9821097461138315
introduction,about,0.9809082339263493
introduction,computer,0.9808432032902703
introduction,work,0.9800352032181525
introduction,abstract,0.979666145793515
introduction,general,0.9794602806332116
introduction,metrics,0.9793800975254177
introduction,these,0.9790839681252623
63,59,0.9918284859770443
63,67,0.9915633031943143
63,75,0.9914255522283052
63,61,0.9904265685663243
63,73,0.9888323495863641
63,56,0.9883071731780999
63,77,0.9882978765089484
63,69,0.9872522960017611
63,76,0.98682447854588
63,72,0.9868006854891302
did,were,0.9855067953252072
did,out,0.9837566900690916
did,than,0.9824296485777468
did,do,0.9821471354931364
did,we,0.9813596799195068
did,each,0.9810790627806701
did,that,0.9808905706589517
did,not,0.9807036235509443
did,have,0.9802927791624196
did,if,0.9802792425518827
count,form,0.9699213175473487
count,figure,0.9690284976565189
count,algorithm,0.9689052236252605
count,names,0.9671566823690901
count,per,0.9664563239854369
count,match,0.9662021161658745
count,two,0.9660998544104764
count,common,0.9657277891946887
count,last,0.9654505897151588
count,if,0.9654265551546904
later,x,0.9855672950546381
later,change,0.9750167075021767
later,show,0.9744649701274566
later,xed,0.9732982781515527
later,where,0.9728841950927717
later,when,0.9722374204419539
later,link,0.9718108515066879
later,times,0.9714317352794262
later,mozilla,0.9713289742838076
later,locate,0.9709897506725949
every,has,0.9875091531686604
every,have,0.9866844636099719
every,been,0.9864201102901828
every,used,0.986387069368507
every,be,0.9859524944656233
every,that,0.9855185075543831
every,we,0.9854522580894265
every,into,0.9851483762147892
every,same,0.9850561231547206
every,all,0.9849621008930107
uses,example,0.9812866786322163
uses,two,0.9795594667909012
uses,that,0.9795583360381381
uses,we,0.9794089708989624
uses,provides,0.9790601036005523
uses,be,0.9788632265386317
uses,such,0.9786300140406474
uses,some,0.9782482265004304
uses,from,0.9780728111448034
uses,have,0.9780060377017101
kenyon,providing,0.9721456171771152
kenyon,cs,0.9629791929535778
kenyon,references,0.9603763369018437
kenyon,cruz,0.9591907123640456
kenyon,washington,0.9502881241655168
kenyon,homes,0.9387541100386584
kenyon,miryung,0.9371179776410958
kenyon,cge,0.931798670042078
kenyon,micromodels,0.928243955491244
kenyon,lightweight,0.9280432295653271
easily,be,0.9890646013967392
easily,such,0.9887819960678191
easily,these,0.9886783801753565
easily,can,0.9886172482282805
easily,that,0.9885880507606275
easily,it,0.987887870059516
easily,have,0.9877789863181121
easily,they,0.9876966509547895
easily,are,0.987606805065664
easily,we,0.987398778084612
above,it,0.9836701044975358
above,both,0.9831729581829048
above,results,0.9822815795519553
above,three,0.982175967330826
above,are,0.9820188615735634
above,i,0.9816595616750521
above,from,0.9816056093989424
above,have,0.9815134064327695
above,there,0.9815016876034639
above,also,0.9813549024381201
way,it,0.9888368508111144
way,there,0.9880280720250689
way,also,0.9879133288832537
way,their,0.987615120365714
way,will,0.9875033860748796
way,be,0.9874943554301171
way,time,0.9873067602791423
way,from,0.9868949746483191
way,used,0.9868465155162403
way,can,0.986844102853969
supported,work,0.9857217260553561
supported,use,0.9832257618911635
supported,about,0.9829859743581579
supported,through,0.9827000249744411
supported,tools,0.981751833407985
supported,project,0.981607295844093
supported,provide,0.9815255114273426
supported,part,0.9813991003350038
supported,help,0.9813777044507432
supported,large,0.9810391487269059
understand,how,0.9845067186566274
understand,better,0.98404148828174
understand,from,0.9832109647102238
understand,that,0.9830544259826821
understand,are,0.982717783563463
understand,it,0.9826872180630901
understand,not,0.9826481599661637
understand,their,0.9826096553673658
understand,we,0.982473683091331
understand,also,0.9822854564554122
59593,123,0.9996901446404809
59593,0005,0.9996454760372246
59593,louis,0.9984398908283014
59593,permission,0.9978094931029655
59593,fee,0.9978094931029655
59593,redistribute,0.9973614852880115
59593,servers,0.9972504932448243
59593,copyright,0.9970567855849857
59593,missouri,0.9970472483883929
59593,republish,0.9964627748490655
otherwise,copies,0.9930858767365776
otherwise,commercial,0.99263654873017
otherwise,servers,0.9923521936646478
otherwise,bear,0.9923228747644581
otherwise,digital,0.9920294217557392
otherwise,citation,0.992018245516713
otherwise,granted,0.9919952019813796
otherwise,classroom,0.9919952019813796
otherwise,0005,0.9919112996794781
otherwise,republish,0.9919046724414102
56,67,0.9957903629304345
56,69,0.9953918424027717
56,59,0.9942154512552419
56,73,0.9941864022999378
56,74,0.9939911760195348
56,64,0.9939212541960951
56,78,0.993863845237954
56,76,0.9933399206706336
56,58,0.9932780758110903
56,75,0.9921215764380782
fee,permission,0.9999999999999994
fee,redistribute,0.9994311598422585
fee,servers,0.9987203680712478
fee,republish,0.9985643588740449
fee,louis,0.9984557472072868
fee,missouri,0.9979523480274035
fee,bear,0.9978926750603998
fee,59593,0.9978094931029655
fee,citation,0.9976433978245058
fee,granted,0.9975984090641078
permission,fee,0.9999999999999994
permission,redistribute,0.9994311598422585
permission,servers,0.9987203680712478
permission,republish,0.9985643588740449
permission,louis,0.9984557472072868
permission,missouri,0.9979523480274035
permission,bear,0.9978926750603998
permission,59593,0.9978094931029655
permission,citation,0.9976433978245058
permission,granted,0.9975984090641078
entities,expressed,0.9781737331795894
entities,entity,0.9760295520738427
entities,authors,0.9733401099235498
entities,query,0.9733311676238613
entities,queries,0.971491306756712
entities,file,0.9684679944252673
entities,modi,0.9672868393292118
entities,set,0.9658256960081717
entities,basis,0.965759203428852
entities,les,0.9656741310579777
matching,match,0.9762611955693017
matching,nding,0.9762372064098266
matching,partial,0.9739340249328277
matching,names,0.9713050931598558
matching,adding,0.9681700838942884
matching,global,0.9671813466153618
matching,variables,0.9667494752166228
matching,algorithm,0.9665805212848114
matching,common,0.9658450805262107
matching,same,0.9657185284406555
deletion,parameter,0.9783101564809529
deletion,function,0.9724788842458381
deletion,addition,0.970242965903011
deletion,definition,0.9689729200698183
deletion,ordering,0.962397626377159
deletion,changed,0.9620692193076509
deletion,define,0.9605956044528909
deletion,parameters,0.9604932139633084
deletion,signatures,0.9601942713869898
deletion,functions,0.9600533410480563
activities,artifacts,0.987113635164237
activities,past,0.9819606074061858
activities,focus,0.9804845980064419
activities,help,0.9802128780346299
activities,tools,0.979369884506696
activities,relevant,0.9785881790417423
activities,can,0.9785308007691096
activities,potential,0.9782796115490974
activities,about,0.978242613898872
activities,during,0.9779839746861105
heuristics,identi,0.9722451529777435
heuristics,cation,0.9720745094591182
heuristics,cases,0.9719709411167556
heuristics,those,0.9695795869295074
heuristics,same,0.9686426132811519
heuristics,address,0.968621227459878
heuristics,real,0.9658548541252606
heuristics,account,0.9649006617013709
heuristics,entries,0.9642885617964292
heuristics,directly,0.964216914949203
had,were,0.9793937284160456
had,than,0.9780023499439807
had,only,0.9778588414548404
had,when,0.9771910179323747
had,would,0.97643739489002
had,did,0.9763472601624794
had,do,0.9760385820847439
had,see,0.9759257755169493
had,shown,0.9758269244201836
had,out,0.975729508164211
access,any,0.974880671026733
access,cases,0.9736879734132509
access,possible,0.973166363768377
access,will,0.9730094157467826
access,both,0.972875147299672
access,those,0.9726450635221043
access,given,0.972543361602046
access,important,0.9723611347543697
access,list,0.9711338484168888
access,repository,0.9706458407467289
together,between,0.9780648831848296
together,two,0.9775889623133728
together,parts,0.9749772898237776
together,more,0.9749626656601227
together,over,0.9745822813254947
together,di,0.9743898732276842
together,where,0.9743787357609808
together,classes,0.9742350629739576
together,we,0.9740169270236936
together,often,0.9739746450182765
studies,research,0.9755735369628249
studies,about,0.9741904772090275
studies,related,0.9741894399105593
studies,teams,0.9731202788329159
studies,help,0.9729350187062443
studies,provide,0.9718368010895883
studies,projects,0.971697656033655
studies,questions,0.9714289054917363
studies,develop,0.9713816172891235
studies,researchers,0.9709665659518842
experience,terms,0.9811154180331798
experience,large,0.9799852654496082
experience,from,0.9774340446967674
experience,so,0.9769561060661891
experience,key,0.9768837350024548
experience,method,0.9767334139616058
experience,understanding,0.9767211739992969
experience,since,0.9764397613909835
experience,are,0.9756223110450731
experience,i,0.9751482256185158
main,project,0.9830588783584402
main,repository,0.9830282783362274
main,projects,0.9827680964227627
main,can,0.9820234876953535
main,provide,0.9819282559011221
main,will,0.9815948744800991
main,use,0.9815378188712878
main,focus,0.9814901361983526
main,such,0.9811714696551709
main,tools,0.981069713351918
proposed,et,0.9863688122183603
proposed,history,0.9853526326592497
proposed,identify,0.9832470480385107
proposed,be,0.9827902028107529
proposed,they,0.9822182003450479
proposed,from,0.9820877229045363
proposed,several,0.9819205300136982
proposed,how,0.9818651726758985
proposed,such,0.9818227276368492
proposed,techniques,0.9816528065688875
allows,results,0.9845892214150624
allows,it,0.9840593468899713
allows,used,0.9836428414797043
allows,also,0.9834742970583145
allows,time,0.9830014479675635
allows,from,0.9828811152856014
allows,have,0.9826444586099732
allows,that,0.982493043999122
allows,possible,0.9824682659791327
allows,we,0.9821389741626776
rather,be,0.9856193271374769
rather,these,0.9853617444733723
rather,such,0.9848247394223046
rather,their,0.9844255950659346
rather,that,0.9843390595816354
rather,into,0.9836287961021664
rather,not,0.9835856905155638
rather,use,0.983482481806154
rather,also,0.9834022066261083
rather,can,0.9833140029830707
propose,proposed,0.9801404246366692
propose,identify,0.9801122511415579
propose,often,0.9794253626390457
propose,how,0.9792401435135226
propose,use,0.9790407958823948
propose,they,0.9785944368808749
propose,large,0.9785194075639918
propose,related,0.9783821105323294
propose,work,0.9782083812566245
propose,can,0.9778860523242223
servers,redistribute,0.9990379201012622
servers,permission,0.9987203680712478
servers,fee,0.9987203680712478
servers,republish,0.9982956194947004
servers,copies,0.9975473638583996
servers,missouri,0.9974907698511899
servers,louis,0.9974232971974251
servers,bear,0.9973822159322852
servers,59593,0.9972504932448243
servers,citation,0.9971663141022501
75,59,0.9958941343362462
75,64,0.9937568709010695
75,67,0.992762356445309
75,68,0.9923315213788622
75,77,0.992216036034189
75,73,0.9921983956803179
75,69,0.9921299973227236
75,56,0.9921215764380782
75,76,0.9916540491515557
75,61,0.9916117918149946
copies,citation,0.9983810421418666
copies,bear,0.9981889420632244
copies,commercial,0.9976490197751033
copies,classroom,0.9976094296656283
copies,granted,0.9976094296656283
copies,servers,0.9975473638583996
copies,digital,0.9974580173251323
copies,republish,0.996965533015612
copies,redistribute,0.9968541496027192
copies,permission,0.9968179285850995
effort,metrics,0.9838304789000143
effort,measures,0.9794892956809769
effort,processes,0.9769557113807833
effort,approaches,0.9748040370202607
effort,measurement,0.9736252723404069
effort,research,0.9733878164277003
effort,large,0.9722914382074357
effort,time,0.97192041148077
effort,management,0.9717521369333009
effort,measure,0.9714455284781037
unique,want,0.9773893149425359
unique,set,0.974633024625968
unique,second,0.9738827178808638
unique,any,0.9728075802502603
unique,directly,0.9727132797895803
unique,les,0.9724435170254242
unique,table,0.9707780754442563
unique,ed,0.9698678948212163
unique,before,0.9694494987354517
unique,each,0.9691389543334628
call,need,0.9804949017255578
call,example,0.978813423593507
call,be,0.9779415132617746
call,we,0.9777099439160684
call,such,0.977564411418621
call,that,0.9774329443406873
call,more,0.9770980631918749
call,used,0.9768248591285414
call,are,0.9767079695949807
call,been,0.9764957316378777
files,time,0.9711420478578092
files,similar,0.9710453204143236
files,original,0.9699921011186994
files,it,0.9696887983599072
files,same,0.96941303036283
files,its,0.9689420619807221
files,given,0.9686393723881443
files,represent,0.9684969785061823
files,le,0.9684787253357456
files,first,0.9679916791461503
he,the,0.9831210153381341
he,of,0.9727052554838664
he,in,0.9608472342391756
he,and,0.9542831499814985
he,e,0.9537305530973903
he,f,0.9523683041374709
he,n,0.9513570438789433
he,source,0.9505916359672951
he,this,0.9498536244355947
he,y,0.949607021278371
various,these,0.9818559290755772
various,work,0.9816572135359904
various,use,0.9814621248331001
various,from,0.9808844686898234
various,they,0.9802946663828501
various,repository,0.9802234478861658
various,about,0.9796448364256671
various,can,0.9794811822137424
various,their,0.9792884358190435
various,written,0.9792291725408813
develop,projects,0.9848085181834927
develop,project,0.9824649752561367
develop,research,0.98122761029244
develop,provide,0.9792313604561396
develop,researchers,0.9764110218352671
develop,supported,0.9761245692203779
develop,about,0.9760916456007185
develop,rich,0.9742769515074267
develop,importance,0.973860232446397
develop,developers,0.9738465372100372
goal,tools,0.9833972513808171
goal,help,0.983351604341856
goal,what,0.9832888951259341
goal,however,0.9827007116495671
goal,important,0.9821304910558304
goal,should,0.9820515345987082
goal,provide,0.9812391423013369
goal,large,0.9808206122997893
goal,how,0.980036113306263
goal,their,0.9797795140539702
improve,help,0.9747823045510048
improve,suggest,0.9736400352557295
improve,better,0.9733299510075135
improve,what,0.9727984196173085
improve,related,0.9721438558760953
improve,apply,0.9720990422233655
improve,methods,0.9713173936279604
improve,large,0.9711526635005117
improve,can,0.9711450309170264
improve,metrics,0.9709436910382339
long,over,0.9846872577596684
long,well,0.9806151233509357
long,between,0.9793656616339041
long,are,0.9792256226831094
long,we,0.9782431638670711
long,how,0.9780820122401243
long,that,0.9775509826484454
long,their,0.9774512691787912
long,when,0.9770846216448348
long,two,0.9765602313379147
clones,genealogy,0.9947338492777003
clones,clone,0.9934087586021911
clones,snippets,0.9902857874554327
clones,maintaining,0.9865762116027539
clones,cloning,0.9865427043401033
clones,nealogy,0.9844314085249881
clones,consistently,0.9830466585373574
clones,paste,0.9812106501191764
clones,consistent,0.9767238384657688
clones,copied,0.9760186711234943
59,75,0.9958941343362462
59,64,0.9953069262647269
59,73,0.994897851526855
59,68,0.9945967923956613
59,56,0.9942154512552419
59,76,0.9939506143819291
59,67,0.9937783447941095
59,74,0.9934869488398599
59,69,0.993426929019205
59,63,0.9918284859770443
61,75,0.9916117918149946
61,59,0.9905520553452722
61,77,0.9904775523029397
61,63,0.9904265685663243
61,67,0.9894668165678568
61,71,0.9881384936758846
61,56,0.9859832142624503
61,73,0.9855921741352156
61,78,0.9848310317407706
61,69,0.9839830696412928
generated,perform,0.9688153479217136
generated,produced,0.9684508753508283
generated,did,0.968416318356798
generated,correct,0.9678081282609042
generated,point,0.966954282201659
generated,output,0.9650342599210173
generated,complete,0.9645980191254317
generated,tracing,0.9634304190472018
generated,do,0.9632960364873568
generated,done,0.9627815468465339
algorithm,variables,0.9721580714571816
algorithm,global,0.9718716743976633
algorithm,match,0.9696229866744868
algorithm,count,0.9689052236252605
algorithm,last,0.9683846256312232
algorithm,ast,0.9670513660747231
algorithm,matching,0.9665805212848114
algorithm,names,0.9660805793888232
algorithm,common,0.9650760723570811
algorithm,ap,0.9647001760400701
dependencies,coupling,0.9797893859364313
dependencies,change,0.9794353036504926
dependencies,et,0.9750029440039351
dependencies,history,0.9738244543374354
dependencies,within,0.9737807122013313
dependencies,logical,0.9731657486913653
dependencies,between,0.9728012685389373
dependencies,identify,0.9714716082176132
dependencies,common,0.9712720190346388
dependencies,several,0.9708732457356108
historical,history,0.9821357431952398
historical,tion,0.9763720846975684
historical,metrics,0.9749952205054482
historical,about,0.9749502654623963
historical,techniques,0.9743650789245354
historical,these,0.9743538190479496
historical,during,0.9742501823291061
historical,database,0.9738399168270822
historical,how,0.9732541770367023
historical,get,0.9728495206120171
indicates,change,0.978141252848145
indicates,shows,0.9761214026223508
indicates,indicate,0.9753739376416959
indicates,if,0.975191107411034
indicates,between,0.9750224171621755
indicates,common,0.9741391221389599
indicates,changing,0.9740567315407741
indicates,all,0.9734389306584807
indicates,we,0.9733210387721427
indicates,when,0.9728750838950999
apply,often,0.9793383985315798
apply,history,0.977701749289013
apply,proposed,0.9763479987318324
apply,et,0.9760016697474883
apply,refactoring,0.9756954536422948
apply,design,0.9756209697909464
apply,result,0.9749995521507081
apply,detection,0.974617516065631
apply,several,0.9740870281436198
apply,tion,0.9740622558690932
once,it,0.9857747057537862
once,that,0.9856491240151755
once,not,0.985509284743618
once,be,0.9850356306016359
once,been,0.9845074094151232
once,also,0.9844015341142345
once,have,0.9842178392462173
once,than,0.9840893868767131
once,because,0.984047270023779
once,used,0.9840060503440093
application,time,0.9784309256447641
application,results,0.9780430879904648
application,three,0.9779434548403824
application,different,0.9777355825688123
application,applied,0.9763904880409812
application,first,0.9760500801917995
application,from,0.975880753106886
application,it,0.9751969733726609
application,similar,0.9748636936778684
application,scale,0.9742924428468362
fact,not,0.9846874101538634
fact,that,0.984297159174269
fact,out,0.9837142768683589
fact,are,0.9831270124658996
fact,all,0.9830642808144372
fact,do,0.9827910282636612
fact,but,0.9824824242374552
fact,by,0.9823124470699411
fact,we,0.981993796892155
fact,most,0.9819411955053408
list,cases,0.9807163016361609
list,important,0.9795373666441884
list,some,0.9792128565997191
list,given,0.9783444266253762
list,those,0.9778916595996698
list,both,0.9777170409826887
list,could,0.9774489598575599
list,have,0.9774059419144578
list,but,0.977368100809986
list,can,0.9773491886589588
characteristics,selected,0.9804884197288656
characteristics,method,0.9798661285494692
characteristics,terms,0.9773343671674455
characteristics,since,0.976444422772856
characteristics,related,0.9754545075383245
characteristics,most,0.9753114043459759
characteristics,section,0.9743199127800974
characteristics,them,0.973619518541071
characteristics,questions,0.9733154558664061
characteristics,different,0.9732649242684992
consider,how,0.9834950924705127
consider,when,0.9833602523988598
consider,several,0.9831958798478704
consider,they,0.982002689429084
consider,often,0.9813004389598902
consider,be,0.9811884504220909
consider,automatically,0.9808806911244311
consider,we,0.980860620377821
consider,identify,0.9807385234257555
consider,that,0.9806612827242218
country,males,0.9952872392142169
country,andrea,0.9897110965059595
country,italy,0.9895450813896141
country,male,0.9890599861736621
country,germany,0.9866997556410805
country,spain,0.9849357640655796
country,countries,0.982256000513954
country,usually,0.9773145398219156
country,females,0.9715228596404852
country,instance,0.9685218330080015
implementation,programs,0.98287902514595
implementation,versions,0.9795010939148945
implementation,two,0.976412087764288
implementation,between,0.9758886679472893
implementation,common,0.97420342754831
implementation,over,0.9740865661311067
implementation,types,0.9736577778118265
implementation,identifying,0.9734666975709155
implementation,we,0.9723588144517527
implementation,change,0.9722017797294453
pc,american,0.9767544638697163
pc,supertrace,0.9750622367546415
pc,society,0.9698126853320443
pc,mechanical,0.961555516019623
pc,engineers,0.9579840505626165
pc,asme,0.9511180067981141
pc,computers,0.9482847085768429
pc,symposium,0.9368085607944301
pc,energy,0.9234923930582273
pc,environmental,0.9161738279943443
redistribute,fee,0.9994311598422585
redistribute,permission,0.9994311598422585
redistribute,republish,0.9993925572814066
redistribute,servers,0.9990379201012622
redistribute,missouri,0.9984290198013979
redistribute,bear,0.998048517473985
redistribute,louis,0.9979592839799175
redistribute,granted,0.9977799781099616
redistribute,classroom,0.9977799781099616
redistribute,citation,0.9976399508899612
idf,tf,0.998863635696587
idf,udos,0.9965033230352569
idf,cktf,0.9962717116377692
idf,dirent,0.977259032364667
idf,lan,0.9726732414660871
idf,concept,0.9705526904426504
idf,educational,0.9703393042964799
idf,fat12,0.9700374678874637
idf,keyword,0.9662775798207572
idf,processed,0.9633541876115971
author,authors,0.979486164484202
author,revision,0.9713881420922525
author,modi,0.970599996021716
author,correspond,0.9695943859651968
author,les,0.9684942264900898
author,mrs,0.9676063017086878
author,erent,0.9661953164588345
author,relationships,0.9657756112685516
author,mr,0.9646788810950344
author,le,0.9646249549372083
couplings,coupling,0.9824984583885914
couplings,smells,0.9775688715619364
couplings,months,0.9746608951736738
couplings,smell,0.9734296879621622
couplings,enables,0.9728038954989977
couplings,situation,0.9718065998656491
couplings,logical,0.9710644893635123
couplings,refactorings,0.9707151427408182
couplings,classes,0.9686544389001339
couplings,industrial,0.9681622925048632
term,keywords,0.9829174059271784
term,concept,0.9788066270349767
term,around,0.9769520577893149
term,machine,0.9755110867083038
term,document,0.9741134858324577
term,pre,0.972704569217729
term,key,0.9722665191269028
term,grouping,0.972187631331781
term,ers,0.9720999348247413
term,algorithms,0.9718260078660932
local,two,0.9752339664594505
local,ap,0.9695781120142937
local,names,0.9693379001483842
local,ex,0.9692538548165186
local,if,0.9682425989644065
local,same,0.9680551475689507
local,global,0.9678893292688475
local,nding,0.9678359799637287
local,uses,0.9674679150812434
local,like,0.9664969356241399
test,unit,0.9772898847333837
test,snapshots,0.9744975723175556
test,out,0.9728292648504117
test,allows,0.9727452622292031
test,were,0.9724822570831881
test,results,0.9712891448188091
test,easily,0.971159084154251
test,work,0.9711302994749462
test,run,0.971121961989678
test,during,0.9711019596282133
users,rich,0.9813020413470035
users,developers,0.9800527710886424
users,projects,0.9800369551267567
users,help,0.9796913748401324
users,who,0.9788611263451228
users,project,0.9782935433185486
users,web,0.9779187358780825
users,provide,0.9777218592708747
users,user,0.977399108249382
users,focus,0.9773108769209158
2001,large,0.9719662804458211
2001,g,0.9703888259173337
2001,al,0.9701280543687492
2001,computing,0.9700345796675756
2001,using,0.9698215850089827
2001,about,0.9697183144708037
2001,2000,0.9696890282446835
2001,k,0.9695007795431294
2001,computer,0.9690203305093691
2001,i,0.9687673716444166
before,set,0.9842417216768542
before,order,0.9787153691508248
before,we,0.9779323286143362
before,if,0.9773589453408201
before,it,0.9768808155752408
before,that,0.9764347972593739
before,where,0.9761885395374335
before,are,0.9761523519184232
before,previous,0.9760802319195027
before,have,0.9759722456090694
contains,con,0.9839844350753209
contains,than,0.9769394939163595
contains,following,0.976738357508457
contains,were,0.9766509398892671
contains,contain,0.9761887850581621
contains,rst,0.9751321045593191
contains,that,0.9750828187142458
contains,described,0.9746092147121161
contains,some,0.974582034973934
contains,we,0.9740328568500962
stored,repository,0.9793643372026478
stored,les,0.9763512724251819
stored,every,0.9756319155082377
stored,database,0.9747439414750615
stored,into,0.9743247871212276
stored,le,0.9743049841084912
stored,way,0.973355274115408
stored,order,0.9731053318416252
stored,given,0.9730098501109009
stored,second,0.9727190561133586
presented,how,0.9842461038702112
presented,be,0.9840179093477306
presented,these,0.9839247579177508
presented,we,0.9838142922777622
presented,such,0.9836640897276614
presented,used,0.9834185932570714
presented,from,0.983251578903092
presented,are,0.9829204233461462
presented,can,0.9827251288633505
presented,identify,0.9825342718210166
four,are,0.9830705220015135
four,their,0.9827406243750054
four,general,0.9826491307132985
four,these,0.9825393920546062
four,can,0.9817787413465076
four,from,0.9811893636565593
four,also,0.9810587167981744
four,related,0.9810447851605935
four,that,0.9806620229430191
four,use,0.9806486140663225
next,given,0.9822329372542576
next,be,0.9821490497659374
next,can,0.982141470160937
next,it,0.9819653359745564
next,such,0.9819556509808283
next,from,0.9818563537418559
next,its,0.9814925145198503
next,will,0.9814733399732029
next,are,0.9811635013580667
next,their,0.9807643576319548
analyze,these,0.983086927073249
analyze,future,0.9815055735739486
analyze,such,0.9809356428592193
analyze,be,0.9800450013684474
analyze,how,0.9794373017458216
analyze,are,0.978686247101576
analyze,can,0.9786624760532863
analyze,categories,0.9785296087277475
analyze,that,0.9784052460168873
analyze,their,0.9783551211979493
get,because,0.9835721196737607
get,they,0.9815391603001389
get,many,0.9815100323740309
get,but,0.9813138787832052
get,their,0.98129872213291
get,not,0.9805507759565564
get,be,0.9802955149461956
get,that,0.9802119421315079
get,have,0.9797346913166922
get,these,0.9796374185483704
gives,pre,0.9666311961222831
gives,key,0.9663134985993492
gives,term,0.965757066593389
gives,figure,0.965507617771635
gives,very,0.9651985351566637
gives,identi,0.9641933779241285
gives,us,0.9627889047173852
gives,occur,0.9627100032208664
gives,selected,0.9626484553724044
gives,since,0.9622187051418848
louis,fee,0.9984557472072868
louis,permission,0.9984557472072868
louis,59593,0.9984398908283014
louis,0005,0.9980852295966121
louis,missouri,0.9979765094737786
louis,redistribute,0.9979592839799175
louis,123,0.9979498128586086
louis,servers,0.9974232971974251
louis,republish,0.9967523768602617
louis,copyright,0.9966047123594878
bear,citation,0.9990153290434725
bear,classroom,0.998953765537211
bear,granted,0.998953765537211
bear,commercial,0.9987185957434559
bear,digital,0.9986266122595391
bear,republish,0.9982281724549285
bear,copies,0.9981889420632244
bear,redistribute,0.998048517473985
bear,permission,0.9978926750603998
bear,fee,0.9978926750603998
citation,bear,0.9990153290434725
citation,granted,0.998669371683267
citation,classroom,0.998669371683267
citation,copies,0.9983810421418666
citation,digital,0.9983703644067474
citation,commercial,0.9983171057280987
citation,republish,0.9978106325514727
citation,fee,0.9976433978245058
citation,permission,0.9976433978245058
citation,redistribute,0.9976399508899612
focus,help,0.982979455082918
focus,provide,0.982936665919534
focus,main,0.9814901361983526
focus,techniques,0.9807136253536951
focus,can,0.9806223835361924
focus,activities,0.9804845980064419
focus,project,0.9800505003640707
focus,such,0.9800271864729007
focus,tools,0.9792930075781341
focus,large,0.9792663679482674
personal,digital,0.9954660452305871
personal,servers,0.9952280247619508
personal,commercial,0.9950904187085936
personal,post,0.9950879434136407
personal,classroom,0.9950287866073169
personal,granted,0.9950287866073169
personal,copies,0.9946539543564705
personal,bear,0.9945508629176696
personal,citation,0.9942466684191893
personal,copyright,0.9941117098407972
64,68,0.998441376644893
64,76,0.996340065213509
64,59,0.9953069262647269
64,69,0.9950399984523026
64,73,0.9948218596977818
64,74,0.9944950865717839
64,58,0.9943289391765684
64,56,0.9939212541960951
64,75,0.9937568709010695
64,62,0.9929705622266813
ast,asts,0.9769499043005343
ast,tree,0.9746010308060471
ast,algorithm,0.9670513660747231
ast,formals,0.9654752272305019
ast,locals,0.9654752272305019
ast,matching,0.9641704312184223
ast,global,0.9620969961682742
ast,adding,0.961566156773541
ast,variables,0.9610386264797725
ast,reported,0.9595666888241665
72,63,0.9868006854891302
72,61,0.9823324531331005
72,75,0.9796781219682523
72,71,0.9783766112682802
72,67,0.9783627173709284
72,59,0.9776206635354612
72,77,0.9755605688757916
72,76,0.971394570683656
72,56,0.9707072199647881
72,73,0.9704460212465853
module,modules,0.9870486911697931
module,coupling,0.9817396090429924
module,structure,0.9729465576722635
module,together,0.9722599360044206
module,within,0.9722040027947045
module,logical,0.9698512189899482
module,dependencies,0.9695119482220349
module,depicted,0.9693168488371771
module,between,0.9688814324820867
module,sys,0.9659003172263647
around,ers,0.9826699869681551
around,identi,0.9793797082829024
around,term,0.9769520577893149
around,keywords,0.9758005855741418
around,pre,0.9744525479731364
around,although,0.9730555251034938
around,key,0.9727792942022608
around,word,0.9724461598258075
around,concept,0.9710734612521488
around,method,0.9709967991900145
specific,rules,0.9819733737519352
specific,these,0.9764251561792545
specific,identify,0.9758831756712214
specific,be,0.9744258853934189
specific,particular,0.9741117755793423
specific,has,0.973408298630868
specific,describe,0.973184471173852
specific,that,0.9730102777112428
specific,made,0.9729852403700892
specific,are,0.9726287829550939
collaborative,free,0.9773671014389567
collaborative,share,0.9695712659194085
collaborative,collected,0.9690058650789543
collaborative,communities,0.9642990210242675
collaborative,develop,0.9635630685825866
collaborative,social,0.9617504550113611
collaborative,analyses,0.960356345355148
collaborative,oss,0.9601992292785171
collaborative,school,0.9599443347078075
collaborative,networks,0.959642906291486
output,figure,0.9743654604053531
output,if,0.9723371356601882
output,we,0.9711077185592005
output,when,0.9697275322087668
output,its,0.9695822330538377
output,problem,0.9687794677156574
output,report,0.9687452053446304
output,that,0.9684746187463611
output,see,0.9684299073915041
output,than,0.9683684124303449
quantitative,about,0.9737510119852133
quantitative,research,0.9734489144531396
quantitative,detailed,0.9704682683394827
quantitative,projects,0.9691209953503058
quantitative,provide,0.9684591194229293
quantitative,give,0.9683220467944783
quantitative,develop,0.9681506097899897
quantitative,across,0.9675210485505985
quantitative,project,0.9671677178276158
quantitative,single,0.9670542298103977
technique,understanding,0.9804467434438638
technique,terms,0.9795969441489527
technique,need,0.9790325063586475
technique,method,0.9781162008484738
technique,from,0.9779443050008135
technique,so,0.9777996614668996
technique,very,0.9777068111213796
technique,large,0.9774186039891476
technique,like,0.9772956697642046
technique,etc,0.9762764139967406
relationship,few,0.9737150136805082
relationship,tend,0.9701630454562207
relationship,who,0.9696273626716267
relationship,among,0.9694526308053194
relationship,much,0.9673968094867116
relationship,work,0.9670169259963738
relationship,develop,0.9668589446038229
relationship,i,0.9666909310116683
relationship,provide,0.9663258256291594
relationship,certain,0.9661427817283701
ac,from,0.9843594219429738
ac,such,0.9841229363864834
ac,we,0.9838591260734162
ac,are,0.9831756159198894
ac,be,0.982680860356854
ac,has,0.9826453949660404
ac,more,0.9826031835394091
ac,can,0.982524831710343
ac,that,0.9815614269800166
ac,its,0.9814831831905582
bene,related,0.9828944676027294
bene,them,0.9802126946169543
bene,most,0.9791417549293348
bene,tools,0.978753807655401
bene,not,0.97872681521068
bene,some,0.9784785557127258
bene,often,0.978345387713852
bene,they,0.9780896902163008
bene,use,0.9779719182344162
bene,can,0.9775446986534762
developed,identify,0.9821045432446192
developed,we,0.9815886185375964
developed,most,0.9814426474814624
developed,how,0.9811647549717015
developed,from,0.9806956596117162
developed,be,0.9803806154208164
developed,used,0.9801886439317864
developed,applied,0.9801767925116238
developed,time,0.9800908807551538
developed,are,0.9798701352092571
ned,thus,0.9823240684563695
ned,less,0.9803868409844542
ned,ex,0.9797314045835614
ned,we,0.9796713748270558
ned,method,0.9795969372109936
ned,often,0.9795398901665806
ned,from,0.9791180146249037
ned,where,0.9788817732676403
ned,not,0.9785464491445409
ned,very,0.9784778677673382
values,figure,0.9777071957279075
values,if,0.9713982053256947
values,two,0.9711053062047469
values,last,0.9682243925554035
values,types,0.9677560620183241
values,between,0.9675389820199631
values,variables,0.9660522001950653
values,form,0.9644254617225239
values,each,0.9640723881244384
values,same,0.9639226402238372
least,group,0.9791991781717242
least,because,0.9779120746961552
least,many,0.9766923461920626
least,means,0.9751942474163564
least,not,0.9738376753032243
least,them,0.9733128023386941
least,they,0.9731082974394993
least,all,0.9730468398567642
least,related,0.9728299448448714
least,would,0.9725264137006537
mentioned,section,0.9767676082454687
mentioned,very,0.9751147458679112
mentioned,problem,0.9742182057023171
mentioned,table,0.9739323915446624
mentioned,like,0.9737900764409488
mentioned,since,0.9725408106328755
mentioned,more,0.9721808622317883
mentioned,we,0.972144848725498
mentioned,but,0.971907962288947
mentioned,see,0.971541310963127
detection,history,0.9776770378071974
detection,apply,0.974617516065631
detection,et,0.9743501829283252
detection,several,0.9739869061438686
detection,identify,0.9735156917866433
detection,change,0.9721811238375642
detection,proposed,0.9715120722096718
detection,applied,0.9710208463721794
detection,consider,0.9705407489484061
detection,we,0.9699526895915014
require,be,0.9882759705364162
require,that,0.9876622181751349
require,are,0.986996201612206
require,have,0.9868582803144804
require,can,0.986657464594056
require,we,0.9865808628687408
require,more,0.9864934962399308
require,used,0.9864206612538806
require,all,0.9864175316543458
require,not,0.9860482085190327
conclusions,they,0.9841464848009281
conclusions,such,0.9834056645239855
conclusions,can,0.9829263775204243
conclusions,by,0.9826230809476388
conclusions,work,0.982553764030141
conclusions,discussed,0.982450643672847
conclusions,be,0.9824346725661504
conclusions,some,0.9823335749578017
conclusions,from,0.9822367228552669
conclusions,use,0.9821601351644076
done,some,0.9886069015396701
done,that,0.9833529974549935
done,have,0.9829797649115384
done,very,0.9829556011939788
done,but,0.9826871020355934
done,not,0.9826798276347976
done,can,0.9825975149991488
done,problem,0.982517296863409
done,however,0.9824652751403138
done,be,0.9823115241940923
funded,deutsche,0.9897948000230846
funded,forschungsgemeinschaft,0.9849873033559864
funded,grant,0.9787349252499158
funded,ze,0.9726011035477291
funded,509,0.9719742136424147
funded,christian,0.9679034642144968
funded,lindig,0.9635843486952858
funded,anonymous,0.9569198444452636
funded,provided,0.949387338187667
funded,re,0.945082410082652
html,weiss,0.9784026200892874
html,net,0.97832597233221
html,product,0.9759614389479133
html,sourceforge,0.9744737636051346
html,line,0.9735911123249599
html,lai,0.9672175331453692
html,sigma6_body,0.9661984272082513
html,family,0.9617693458079979
html,r,0.9593998620451382
html,based,0.9584194098575871
republish,redistribute,0.9993925572814066
republish,fee,0.9985643588740449
republish,permission,0.9985643588740449
republish,servers,0.9982956194947004
republish,bear,0.9982281724549285
republish,granted,0.998086524661026
republish,classroom,0.998086524661026
republish,commercial,0.9978229193348296
republish,citation,0.9978106325514727
republish,digital,0.9977050795190279
69,74,0.9967053335688905
69,73,0.9965651996683046
69,58,0.9963045409383584
69,76,0.9959091218048601
69,56,0.9953918424027717
69,64,0.9950399984523026
69,62,0.994800783451828
69,59,0.993426929019205
69,68,0.9926880700998986
69,75,0.9921299973227236
73,74,0.998744772782181
73,58,0.9974105316449962
73,76,0.9971491899931917
73,69,0.9965651996683046
73,59,0.994897851526855
73,64,0.9948218596977818
73,62,0.9945648203073013
73,56,0.9941864022999378
73,68,0.9923696144826564
73,75,0.9921983956803179
76,74,0.9975270950775431
76,73,0.9971491899931917
76,58,0.9967225455993654
76,64,0.996340065213509
76,69,0.9959091218048601
76,62,0.9948984236986393
76,59,0.9939506143819291
76,68,0.993849707471697
76,56,0.9933399206706336
76,75,0.9916540491515557
floss,collection,0.9809641880193178
floss,comparable,0.9800181125081218
floss,academic,0.9798196958306578
floss,ossmole,0.9784378598467409
floss,datasets,0.9777804834414003
floss,compatibility,0.9772900478322911
floss,reproducible,0.9772152119139663
floss,diversity,0.9771896438809627
floss,analyses,0.9771564595659494
floss,traceable,0.9738684647424618
71,75,0.9898081833108059
71,61,0.9881384936758846
71,59,0.9874454954708183
71,67,0.9862468242775904
71,63,0.9857908545430162
71,77,0.985176139337812
71,56,0.9828264195375761
71,64,0.9812608102333786
71,68,0.980650924573609
71,69,0.9801432315529839
network,social,0.9848628915963152
network,networks,0.973688174039676
network,developers,0.9636638414849383
network,role,0.9627974159882019
network,peripheral,0.9605636669625923
network,devel,0.9601765780532522
network,few,0.9600113895187888
network,active,0.9573634533763211
network,directories,0.9572717682561249
network,projects,0.9562717558136993
pair,pairs,0.9738122765544692
pair,less,0.9625054857371713
pair,seem,0.9608162991646644
pair,better,0.9607224358144959
pair,related,0.959718676387963
pair,b,0.9589258302335809
pair,low,0.9587655905831102
pair,ones,0.9577311019144477
pair,considered,0.9564918501118836
pair,i,0.9564583116637781
pairs,pair,0.9738122765544692
pairs,considered,0.9556228495212392
pairs,figure,0.9529943252315634
pairs,less,0.9527307696627989
pairs,did,0.9518210336267369
pairs,if,0.9512085252527633
pairs,b,0.9479732247163515
pairs,output,0.94720957311056
pairs,similar,0.946446987881088
pairs,mentioned,0.9463338980871017
v,ieee,0.9731778077451954
v,b,0.9710170966815459
v,k,0.9688841073351113
v,g,0.9679640523945579
v,i,0.9672766195039146
v,studies,0.9663996795388535
v,testing,0.9650504106502062
v,l,0.9645687272272443
v,questions,0.9644632502156129
v,quality,0.9625021433568428
additions,deletions,0.9932099210730747
additions,functions,0.9733342561545838
additions,variables,0.972044156272023
additions,body,0.9717516537913782
additions,function,0.97079714439733
additions,global,0.9685258612663072
additions,versions,0.9663568693386202
additions,equal,0.9658895965009253
additions,asts,0.964802596601378
additions,openssh,0.9612425342485751
grades,feature,0.9734150697323491
grades,top,0.9676288312425749
grades,assignments,0.9452744997657152
grades,normalized,0.9448387434904529
grades,mutual,0.9329801153913533
grades,scoring,0.9316101863275495
grades,bottom,0.9305034351758581
grades,students,0.9301931310472817
grades,student,0.9286810740499115
grades,predictor,0.9278634846781939
real,cases,0.9752287376177875
real,same,0.9743111614185511
real,sometimes,0.9717855891321405
real,address,0.9714071472017378
real,every,0.9694457097599154
real,even,0.9693903332615581
real,life,0.9693378367428434
real,could,0.9690315137792023
real,erent,0.9683674954868287
real,including,0.9679565319532307
32,k,0.9652395597750585
32,b,0.9628305083727278
32,37,0.9618387028042719
32,i,0.9611902207294638
32,g,0.9578042693584066
32,41,0.9566606705073899
32,34,0.9535859138965272
32,100,0.9526286112829673
32,38,0.9511861423685402
32,42,0.9510184830442394
detect,adding,0.9790079542479877
detect,reported,0.9724166829936797
detect,versions,0.9713220079792146
detect,common,0.9704578757586073
detect,detected,0.96949685001457
detect,changed,0.968415095159455
detect,change,0.9670093049223223
detect,two,0.9660315943700771
detect,last,0.9641423709457837
detect,variables,0.9632151110404156
original,time,0.9781891069945294
original,its,0.9762236440681142
original,it,0.9747914467171703
original,given,0.9739246337542659
original,be,0.9734557017477834
original,are,0.9728947464320987
original,used,0.972799541086439
original,that,0.9727094618644871
original,therefore,0.9725683370186395
original,similar,0.9725506703380484
point,performed,0.9771767141308749
point,described,0.9770126314021486
point,some,0.9767697685673704
point,contain,0.9765309590131255
point,such,0.9763798181518161
point,that,0.9753497101943943
point,can,0.9749264048053639
point,be,0.974610238273881
point,often,0.974333912197436
point,not,0.9742797832755061
created,many,0.9834373309626079
created,have,0.9825716745521246
created,all,0.982414770008569
created,they,0.9819220781964157
created,that,0.9811738278622135
created,into,0.9808212010035078
created,it,0.9807525159846017
created,be,0.9804124885817836
created,not,0.98034530257983
created,from,0.9802644677670973
testing,automated,0.9759257659381062
testing,evidence,0.9739346915919183
testing,quality,0.9733839694157957
testing,questions,0.9731264108819867
testing,focused,0.9725405046988087
testing,speci,0.9705785456930424
testing,technical,0.9704232760147045
testing,evaluation,0.9697040107218784
testing,computer,0.9693374778438402
testing,science,0.9692321860093314
currently,future,0.9854756461247172
currently,these,0.9847322146510882
currently,be,0.9839283761579424
currently,been,0.9837202017850043
currently,how,0.9831671200947476
currently,from,0.9830524648380587
currently,used,0.9828606674751816
currently,that,0.9827069389336952
currently,are,0.9825765701232864
currently,such,0.9822641947459027
past,artifacts,0.9839598286052224
past,activities,0.9819606074061858
past,such,0.9766340014398358
past,can,0.9764483281290127
past,during,0.9763628714578367
past,history,0.9758981782952783
past,several,0.9757051625137791
past,been,0.9756490701927251
past,identify,0.9755128797706809
past,help,0.9751601608806457
add,if,0.9803481137218328
add,change,0.9784153477743737
add,does,0.9764820930945446
add,when,0.9762882059079203
add,two,0.9757473691196358
add,we,0.975055913813625
add,example,0.9740889202632584
add,figure,0.9737265120596579
add,set,0.9736685555207785
add,between,0.9735660060528082
observed,kinds,0.9870327877696976
observed,change,0.982807112108721
observed,kind,0.9809125908711183
observed,common,0.9791931210736334
observed,changed,0.9790355386552609
observed,addition,0.9786017064164996
observed,changing,0.9751690954584726
observed,versions,0.9723663300631925
observed,determine,0.9699658369236539
observed,two,0.9696343868589953
analyzing,such,0.9869161453940076
analyzing,can,0.9858005358802213
analyzing,from,0.9853826338031935
analyzing,work,0.9853662225526025
analyzing,provides,0.9853541196967448
analyzing,these,0.9852503105773548
analyzing,be,0.9845941434224095
analyzing,how,0.9845454846261572
analyzing,they,0.9838360465241989
analyzing,use,0.9837576337659859
missouri,redistribute,0.9984290198013979
missouri,saint,0.9979906380163241
missouri,louis,0.9979765094737786
missouri,fee,0.9979523480274035
missouri,permission,0.9979523480274035
missouri,servers,0.9974907698511899
missouri,republish,0.99748735593455
missouri,59593,0.9970472483883929
missouri,0005,0.996705880131217
missouri,123,0.9964735765460643
potential,tools,0.9865099791834373
potential,help,0.9829310134850255
potential,large,0.9818426232935742
potential,can,0.9810758456594472
potential,should,0.9806292688478007
potential,work,0.9801867549354352
potential,about,0.9800108673900046
potential,need,0.9800010882865849
potential,use,0.9797090320261831
potential,what,0.979413080906757
processing,time,0.9777146535792642
processing,under,0.9757922005983759
processing,application,0.9731575927968874
processing,from,0.9718982684677258
processing,scale,0.9714686019842784
processing,computer,0.9714044354635861
processing,study,0.9707347837827219
processing,approaches,0.9699584666956211
processing,applied,0.9691108043095478
processing,tion,0.9685411039897451
applying,projects,0.9802795401345087
applying,among,0.978955218833166
applying,from,0.9781516199228062
applying,research,0.9772329289053184
applying,large,0.9769518006755559
applying,about,0.9762689814679347
applying,provide,0.9755561432594975
applying,project,0.9755168364055294
applying,both,0.97548301524007
applying,can,0.9753034103930813
commercial,classroom,0.9995019312568587
commercial,granted,0.9995019312568587
commercial,digital,0.9992265877279358
commercial,bear,0.9987185957434559
commercial,citation,0.9983171057280987
commercial,republish,0.9978229193348296
commercial,copies,0.9976490197751033
commercial,redistribute,0.9975057317078423
commercial,permission,0.9973627178108284
commercial,fee,0.9973627178108284
directly,given,0.9790488052710321
directly,any,0.9786394984117657
directly,it,0.9767236325626703
directly,set,0.9763908840229241
directly,order,0.9763814414463766
directly,have,0.975946015420806
directly,into,0.9756550744135146
directly,table,0.9752271097156164
directly,all,0.975092060566862
directly,same,0.9750747716701642
74,73,0.998744772782181
74,58,0.9986237319780158
74,76,0.9975270950775431
74,69,0.9967053335688905
74,62,0.9965057208013464
74,64,0.9944950865717839
74,56,0.9939911760195348
74,59,0.9934869488398599
74,68,0.9913355006411985
74,75,0.9901011894543954
signature,signatures,0.992076110652603
signature,ordering,0.976433989810972
signature,grain,0.9687626466909989
signature,kinds,0.9682969741562335
signature,observed,0.9644102351187883
signature,parameter,0.9642421277873401
signature,taxonomy,0.9628566889352751
signature,fine,0.960977718023243
signature,deletion,0.9595255791887878
signature,eight,0.9583549673158657
68,64,0.998441376644893
68,59,0.9945967923956613
68,76,0.993849707471697
68,69,0.9926880700998986
68,73,0.9923696144826564
68,75,0.9923315213788622
68,56,0.9920467233157308
68,74,0.9913355006411985
68,58,0.9912079887890115
68,67,0.9894555684769473
networks,social,0.9871594443941963
networks,oss,0.9812918670890514
networks,graphmania,0.9737884311259144
networks,network,0.973688174039676
networks,ltering,0.969963765841171
networks,members,0.9688625338534733
networks,filtering,0.9668196458036548
networks,collaborative,0.959642906291486
networks,naist,0.9553318077689053
networks,few,0.9531975098766152
similarity,similarities,0.9728103482676929
similarity,distance,0.9710660584535503
similarity,similar,0.970216081429851
similarity,threshold,0.9621375817763415
similarity,among,0.9570880351808395
similarity,notion,0.9553962938365161
similarity,series,0.9547018312486676
similarity,computed,0.9536564229591964
similarity,graphs,0.9514162817497124
similarity,application,0.9511797978870845
variants,bsd,0.9871389379181172
variants,logs,0.9760121863588074
variants,netbsd,0.9735419709642101
variants,onto,0.973527251087376
variants,variant,0.9656305359347228
variants,structure,0.9646862781466532
variants,respect,0.9631114465945146
variants,representative,0.9626586010765186
variants,indicating,0.9611180706846825
variants,dependency,0.9604963685789726
communication,team,0.975510994833088
communication,developer,0.9721164964942836
communication,suggested,0.9715370042432938
communication,informal,0.9667557380556142
communication,request,0.9660766948867531
communication,developers,0.965388632459264
communication,discussion,0.9652739115325608
communication,intended,0.9643430687921497
communication,contain,0.9633641749487989
communication,archives,0.9620568548628526
deletions,additions,0.9932099210730747
deletions,body,0.9702379025746646
deletions,functions,0.9687824183290539
deletions,variables,0.9666027850994039
deletions,function,0.9652911865672579
deletions,equal,0.9648787446862326
deletions,versions,0.9640079731172461
deletions,global,0.9620026660365506
deletions,bijection,0.9573251205676889
deletions,openssh,0.9565001563116797
query,queries,0.9800823425871512
query,entities,0.9733311676238613
query,authors,0.9704290764520883
query,scs,0.9641811635413069
query,temporal,0.9626008566946169
query,stored,0.9574994260051578
query,author,0.9571384593820902
query,want,0.9558276088888571
query,represent,0.9545098089488908
query,expressed,0.9540068930286043
kernel,linux,0.9877360767134424
kernel,size,0.965819178434123
kernel,structure,0.9654893173061999
kernel,implementation,0.9634074838474291
kernel,apache,0.9623431867497739
kernel,dec,0.9620515432267307
kernel,over,0.9616008567640301
kernel,constructed,0.9614265653723246
kernel,modules,0.960225292857601
kernel,programs,0.9587737838645607
last,if,0.9768974491909885
last,two,0.973757559991014
last,variables,0.9728262958349421
last,figure,0.9725428387102285
last,reported,0.9700572134780863
last,algorithm,0.9683846256312232
last,values,0.9682243925554035
last,same,0.9673712187273775
last,function,0.966493893086759
last,after,0.9659996528459849
performance,features,0.9803638102232364
performance,written,0.9715038021713723
performance,along,0.9696487130551765
performance,work,0.9685025535624083
performance,well,0.9684223200386919
performance,third,0.9679789963422085
performance,were,0.9676180180472467
performance,out,0.9672034245840372
performance,results,0.9669914544931564
performance,extracted,0.9668882904706286
logical,coupling,0.9834672821224846
logical,within,0.9768763669986953
logical,classes,0.9749892875824449
logical,dependencies,0.9731657486913653
logical,further,0.9726706026802592
logical,between,0.9714929873933877
logical,couplings,0.9710644893635123
logical,history,0.9703411031614795
logical,change,0.9702537030323153
logical,et,0.969969802774944
might,that,0.9862716263316673
might,not,0.9859057583697672
might,are,0.985116435918288
might,would,0.9849656584683918
might,have,0.9849308467428002
might,be,0.9845740391690272
might,we,0.9844591249604482
might,has,0.9840105580210545
might,when,0.9837320717475158
might,if,0.9834129898352746
evidence,testing,0.9739346915919183
evidence,speci,0.9721184932508802
evidence,trying,0.9718982168753193
evidence,questions,0.9717222007940376
evidence,automated,0.9715584974292613
evidence,focused,0.97139887278674
evidence,studies,0.9692102934487601
evidence,documentation,0.9683825237200935
evidence,about,0.9675759160032859
evidence,related,0.9671704235900076
measurement,metrics,0.9823105227008717
measurement,management,0.9786264316554936
measurement,effort,0.9736252723404069
measurement,introduction,0.9733551196130487
measurement,processes,0.973033814330186
measurement,large,0.9720598556943074
measurement,measures,0.9708585183064296
measurement,computer,0.9689047731144136
measurement,general,0.9678099499729866
measurement,through,0.9676905361208638
needs,help,0.974589977308428
needs,done,0.9731868245569987
needs,what,0.97304160456657
needs,context,0.9720820286493257
needs,some,0.9714681790555683
needs,discussion,0.9711024888907811
needs,need,0.97079133804296
needs,questions,0.9702659993542109
needs,however,0.9698711920382941
needs,such,0.9695250180113544
collected,projects,0.9780166610116611
collected,project,0.9726646001021813
collected,rich,0.9722816032103656
collected,develop,0.9719716794372619
collected,site,0.9698111991862299
collected,collaborative,0.9690058650789543
collected,own,0.9680906403046615
collected,communities,0.9675118071109094
collected,web,0.9662797603599749
collected,learn,0.9656741331789942
collection,analyses,0.9919425975983076
collection,floss,0.9809641880193178
collection,comparable,0.9787546243652804
collection,scripts,0.9770440834971614
collection,gather,0.9763058315425086
collection,ossmole,0.9759320761152483
collection,academic,0.974548984928651
collection,designed,0.9741818610985226
collection,reproducible,0.9731415047774339
collection,datasets,0.9730661554768629
complete,however,0.9730257330469059
complete,do,0.9729366472880199
complete,perform,0.9727199565271222
complete,any,0.9715604208482421
complete,results,0.9714424485503419
complete,low,0.9713138003185703
complete,shown,0.9712492639755259
complete,than,0.9710759423729373
complete,out,0.9705862248396251
complete,also,0.9705841735924684
follows,from,0.9852582974674475
follows,can,0.9827867077778929
follows,use,0.9822794863259934
follows,we,0.9821085056720454
follows,such,0.9820156154323307
follows,be,0.9813771176835099
follows,are,0.9810804582410406
follows,since,0.9810452207937247
follows,used,0.9809809630472219
follows,them,0.9809523660835215
produced,goal,0.9734976327040918
produced,very,0.9725749377528674
produced,results,0.9724793903008553
produced,however,0.9703002292809192
produced,what,0.9697296695665014
produced,must,0.969472600079837
produced,better,0.9693058186009743
produced,generated,0.9684508753508283
produced,do,0.9662322356651594
produced,along,0.9659865411561759
associated,even,0.9798501758285001
associated,same,0.9785916091577737
associated,erent,0.9784227325681876
associated,relationships,0.9776445328265091
associated,can,0.9774686574651914
associated,have,0.9772282174386095
associated,given,0.976749347175417
associated,more,0.9765564080798586
associated,are,0.9764972966968817
associated,them,0.9764340162042926
via,we,0.9818672370525678
via,identify,0.9816549646917117
via,be,0.9816239060090911
via,that,0.9813004068427573
via,such,0.9808658546747531
via,by,0.9804391835445788
via,particular,0.9803533148115874
via,applied,0.9803376603188032
via,it,0.9802736535731496
via,from,0.9802354797813894
few,developers,0.9875884987163626
few,projects,0.9826804705090411
few,project,0.9821953908965464
few,among,0.980034680638717
few,developer,0.979245307627371
few,problems,0.977034887100833
few,many,0.976548194908041
few,group,0.9758343963858123
few,use,0.9746364527255327
few,provide,0.9741199674065659
higher,such,0.9816389568936206
higher,that,0.9816217220189022
higher,can,0.9815437414692169
higher,they,0.9814663541708355
higher,are,0.9813312348283307
higher,work,0.9813046856408512
higher,how,0.9812787674097316
higher,each,0.9810077314986179
higher,results,0.9808741005283759
higher,well,0.980847901478296
providing,references,0.9772580197798322
providing,kenyon,0.9721456171771152
providing,cruz,0.9608652375511992
providing,cs,0.9561707372490929
providing,washington,0.9171365414460653
providing,analysis,0.9100690136778514
providing,lightweight,0.9074103235102187
providing,miryung,0.9069912119232946
providing,homes,0.9067346450086666
providing,edu,0.9019916884653689
under,time,0.9821220389854863
under,research,0.9815480355205142
under,about,0.9815261419430868
under,large,0.980430510898167
under,from,0.9801821565979854
under,tools,0.9789100073171317
under,results,0.9784903860352223
under,also,0.9777907001400961
under,can,0.9777410105039662
under,possible,0.9776263158295324
believe,about,0.9871426138316982
believe,their,0.9844993230110914
believe,they,0.9832562095698278
believe,work,0.9828503410409533
believe,how,0.9826860846919132
believe,these,0.982198037826707
believe,use,0.9819693714903408
believe,large,0.9813710160239285
believe,there,0.9810673209305794
believe,related,0.980788086195705
certain,work,0.9847116429324636
certain,they,0.9823912458360504
certain,can,0.9823471389832908
certain,use,0.9821621277024859
certain,during,0.9812350606300415
certain,such,0.9809246845494117
certain,be,0.9802616996876374
certain,these,0.9802084961599834
certain,from,0.9797806508390271
certain,part,0.9795659130153815
classroom,granted,0.9999999999999996
classroom,digital,0.9996791917189323
classroom,commercial,0.9995019312568587
classroom,bear,0.998953765537211
classroom,citation,0.998669371683267
classroom,republish,0.998086524661026
classroom,redistribute,0.9977799781099616
classroom,copies,0.9976094296656283
classroom,permission,0.9975984090641078
classroom,fee,0.9975984090641078
granted,classroom,0.9999999999999996
granted,digital,0.9996791917189323
granted,commercial,0.9995019312568587
granted,bear,0.998953765537211
granted,citation,0.998669371683267
granted,republish,0.998086524661026
granted,redistribute,0.9977799781099616
granted,copies,0.9976094296656283
granted,permission,0.9975984090641078
granted,fee,0.9975984090641078
much,any,0.9828058228683239
much,have,0.9823422906651522
much,it,0.9816998422821526
much,but,0.9811721877983717
much,not,0.981085781291283
much,from,0.9810032802253965
much,able,0.9807942530586462
much,into,0.9806183552045851
much,each,0.9805625011970764
much,that,0.9805178834363455
strong,between,0.9727487322527814
strong,lines,0.9716749565646188
strong,were,0.9702392225073289
strong,written,0.9701429321736668
strong,well,0.9694473546285103
strong,easily,0.9694428026106375
strong,sys,0.968653669145497
strong,external,0.9677570716550266
strong,work,0.9676669559823674
strong,out,0.9671165004946932
58,74,0.9986237319780158
58,62,0.9978940319488798
58,73,0.9974105316449962
58,76,0.9967225455993654
58,69,0.9963045409383584
58,64,0.9943289391765684
58,56,0.9932780758110903
58,59,0.9914618449145225
58,68,0.9912079887890115
58,75,0.9886634378637418
instances,pattern,0.9837794177019714
instances,called,0.9818209773935481
instances,usage,0.9776147281880602
instances,patterns,0.9735746438752655
instances,functionality,0.9716538915555077
instances,proximity,0.969265013659937
instances,calls,0.9687794616846279
instances,after,0.9638584836280872
instances,invoked,0.9590286279553366
instances,involved,0.9558569372810548
ap,two,0.9763132928756415
ap,versions,0.9732839306047343
ap,global,0.9732332016841306
ap,if,0.9715508748657447
ap,where,0.9707612530458996
ap,we,0.9706245402713883
ap,names,0.9706159413588531
ap,common,0.9702841136113118
ap,between,0.9696720388129659
ap,local,0.9695781120142937
entity,entities,0.9760295520738427
entity,expressed,0.9710076338084752
entity,granularity,0.9674723705150513
entity,differencing,0.966546339633533
entity,modification,0.966179521433314
entity,modified,0.9615964428155369
entity,file,0.9608086188544221
entity,basket,0.9606669085092314
entity,120,0.9594606893557954
entity,addressed,0.9559417979830316
78,56,0.993863845237954
78,67,0.9926098074233519
78,77,0.9912071575871918
78,59,0.9897791077703504
78,73,0.9890973771959856
78,74,0.9875798333379802
78,75,0.987275739658329
78,64,0.9870439444019643
78,76,0.9870359604106687
78,69,0.986185900972941
match,matching,0.9762611955693017
match,algorithm,0.9696229866744868
match,global,0.9678025738223046
match,variables,0.9677994551778175
match,count,0.9662021161658745
match,last,0.9659856786116839
match,names,0.9629522281519591
match,nding,0.9619981262674436
match,figure,0.9595545688498671
match,if,0.9581423697276978
syntax,programs,0.9788277098159994
syntax,types,0.9772633757744933
syntax,versions,0.9754845633300036
syntax,syntactic,0.9747697097581427
syntax,abstract,0.9733684753131611
syntax,implementation,0.9715123042411757
syntax,popular,0.971440421960623
syntax,semantic,0.9704464769691448
syntax,change,0.9666524088096391
syntax,variables,0.9665985120979088
nodes,represents,0.9708366207684811
nodes,graph,0.9692786487234832
nodes,few,0.9682057847295681
nodes,edges,0.9644166370579204
nodes,graphs,0.9642522143867281
nodes,among,0.9636969858445928
nodes,visualize,0.9626275605733301
nodes,node,0.9596828219456561
nodes,co,0.9594467644945003
nodes,developers,0.9589240602824105
static,we,0.9680678491118845
static,each,0.9679783299224571
static,report,0.966884836897397
static,two,0.9667590394592779
static,has,0.9664588754989891
static,when,0.9664239089012452
static,that,0.9660271848558983
static,test,0.9657864814377322
static,particular,0.9657255123433344
static,or,0.9655011147524164
pre,keywords,0.9792535319630389
pre,concept,0.9756101875904493
pre,around,0.9744525479731364
pre,section,0.9731914418621047
pre,term,0.972704569217729
pre,identi,0.9722431145750683
pre,method,0.9716863692243298
pre,ers,0.9716309810985058
pre,since,0.971162168795587
pre,selected,0.9710559086530623
authors,author,0.979486164484202
authors,entities,0.9733401099235498
authors,query,0.9704290764520883
authors,modi,0.9686364149946168
authors,represent,0.9683457544002892
authors,revision,0.9680696614601341
authors,les,0.9676664375578461
authors,represented,0.9663563731900642
authors,relationships,0.9663331677788874
authors,files,0.9663281303738163
search,related,0.9770515231877006
search,since,0.9742842032613102
search,questions,0.9721419117114991
search,about,0.9715916118559559
search,four,0.9709036513979892
search,three,0.97064390074914
search,ones,0.9699219154579661
search,from,0.9695070637451026
search,their,0.9694036522442735
search,used,0.9691446844925908
email,messages,0.9735805505141308
email,list,0.9735670419386939
email,web,0.9726143866388602
email,main,0.9702668468246258
email,project,0.9692165829377635
email,projects,0.9691432964588886
email,repository,0.968399733905428
email,tracking,0.9682880212880305
email,these,0.9679702622957567
email,been,0.9672864222469174
groups,projects,0.9801380513048543
groups,project,0.9788654996948718
groups,research,0.9767357333183533
groups,provide,0.9745959536012054
groups,many,0.9736318092386953
groups,both,0.9732415682163651
groups,repository,0.9730599495390269
groups,model,0.9725627053079857
groups,about,0.9725014499189706
groups,designed,0.9721109815026335
collect,provide,0.9780792743378136
collect,use,0.9775047429502233
collect,made,0.9772075945678242
collect,part,0.9771337757791558
collect,these,0.9766247710348319
collect,their,0.9759770648670605
collect,rather,0.9759237597389471
collect,project,0.9758352698772523
collect,provides,0.9757437961426463
collect,work,0.9750070867196856
36,46,0.9817562357436771
36,47,0.9764904813222641
36,79,0.970358837114923
36,71,0.9684052347996263
36,72,0.9658640052396545
36,61,0.9629744663634028
36,54,0.9616131319785144
36,63,0.9596310041392393
36,51,0.9585313197239886
36,66,0.958195063102872
measures,metrics,0.9818636478415894
measures,effort,0.9794892956809769
measures,time,0.9786339073040067
measures,scale,0.9780914927712683
measures,about,0.9773399510724091
measures,large,0.9772508714209228
measures,results,0.9761649499475078
measures,applied,0.976001840619269
measures,well,0.9759791254747233
measures,measure,0.975083838768312
changing,change,0.9836287161933736
changing,changed,0.9827283991554638
changing,common,0.9778154593424095
changing,versions,0.9768847973503529
changing,observed,0.9751690954584726
changing,when,0.9741982635877229
changing,indicates,0.9740567315407741
changing,di,0.973772274579759
changing,over,0.9729859957567408
changing,two,0.972407881139074
description,following,0.9732603302081335
description,section,0.9709643114856907
description,by,0.9707795290209121
description,above,0.9704571855757318
description,are,0.9703712087869238
description,table,0.9701461328226507
description,it,0.9693950211479412
description,both,0.9690778739373869
description,extracted,0.968873426955893
description,order,0.9688384196087978
nding,two,0.9808309971558089
nding,versions,0.9778471597560972
nding,names,0.9766304141775675
nding,matching,0.9762372064098266
nding,same,0.9752404140413229
nding,common,0.9749714400696086
nding,if,0.9744965432216259
nding,would,0.9720920903610022
nding,di,0.9717236926290979
nding,more,0.9717059104202679
relatively,more,0.9754270290225258
relatively,over,0.9750378680120054
relatively,kind,0.9716224956239037
relatively,two,0.9706569757047085
relatively,would,0.9704390264651023
relatively,each,0.9702242372580399
relatively,di,0.9700620102309074
relatively,have,0.9699536757073861
relatively,types,0.9697989872564962
relatively,between,0.9696583577174632
cause,when,0.9850340833332881
cause,has,0.9825111015135268
cause,where,0.9824977041812237
cause,be,0.9822053177346972
cause,we,0.9816745332478745
cause,used,0.980976180252531
cause,identify,0.9807211690176239
cause,that,0.980691248391393
cause,been,0.9804572499966983
cause,often,0.9803668440955985
interested,general,0.9796402828553024
interested,how,0.9785299434258716
interested,hope,0.9771589002252625
interested,their,0.9768945946651173
interested,time,0.9752325574206349
interested,these,0.9750430831212257
interested,be,0.9750425033899235
interested,can,0.9748827777255531
interested,provide,0.974865221842965
interested,use,0.9745335946151743
involved,more,0.9779195596878452
involved,many,0.9776294199262687
involved,have,0.9771911108234017
involved,been,0.9765371789148318
involved,be,0.9764284561729749
involved,called,0.9761705451457087
involved,that,0.9760691269947683
involved,has,0.9758024895583723
involved,some,0.9754463127328854
involved,up,0.9754453555798672
measure,time,0.9753342599670092
measure,measures,0.975083838768312
measure,applied,0.9746418678975111
measure,metrics,0.9732731758393243
measure,effort,0.9714455284781037
measure,application,0.9712581338506563
measure,better,0.9710278403077726
measure,results,0.9709429457030081
measure,well,0.9700883556440301
measure,effective,0.9699606353426589
reason,problem,0.984527028553271
reason,has,0.9828894892948525
reason,when,0.9828025739295974
reason,be,0.9826411287476873
reason,would,0.9823073250618478
reason,have,0.9820230070899151
reason,even,0.9818039671606738
reason,will,0.9815110532760778
reason,can,0.981350518424023
reason,but,0.9813249284042748
amount,there,0.9850153817670837
amount,also,0.9847701199904787
amount,their,0.9842723190203544
amount,such,0.9842293829509863
amount,these,0.9841582355289513
amount,it,0.9840318863192872
amount,can,0.9837147145857229
amount,used,0.9835774169148168
amount,be,0.9835210119088682
amount,from,0.983473134655438
designed,research,0.9842074571534211
designed,provide,0.9821242135201236
designed,projects,0.9790552040944581
designed,researchers,0.9785294557956354
designed,will,0.9776601298035937
designed,analyses,0.9773523871979054
designed,should,0.9767585819538267
designed,project,0.976692172453671
designed,repository,0.9762650957367364
designed,about,0.9758232731036961
form,two,0.9784084692793069
form,each,0.9764958082619688
form,include,0.9759040216698616
form,if,0.9757124922909239
form,per,0.9756158774625896
form,types,0.9752644136582885
form,into,0.975079707746276
form,modi,0.9746939033418626
form,le,0.9743655664011107
form,example,0.9743425037041321
ways,work,0.987793201212317
ways,use,0.9871729496545033
ways,pro,0.9864189140882749
ways,part,0.9849146021572159
ways,these,0.9844111550053266
ways,can,0.9843568021509252
ways,from,0.9843359095618135
ways,that,0.9841645763293343
ways,not,0.98405558231716
ways,be,0.9839444297780995
digital,granted,0.9996791917189323
digital,classroom,0.9996791917189323
digital,commercial,0.9992265877279358
digital,bear,0.9986266122595391
digital,citation,0.9983703644067474
digital,republish,0.9977050795190279
digital,copies,0.9974580173251323
digital,redistribute,0.9973929337464168
digital,permission,0.9972480259742471
digital,fee,0.9972480259742471
finders,driven,0.9663861174876048
finders,uk,0.9175450410003156
finders,wine,0.9075117774975365
finders,www,0.9035301903272055
finders,repositories,0.8948950737138647
finders,winehq,0.8903287698583979
finders,available,0.8704338328610326
finders,edinburgh,0.8683019612870391
finders,bug,0.8678240903125918
finders,online,0.8655331170507772
ment,supported,0.9730539547558792
ment,help,0.9728194024732413
ment,speci,0.9728018042371375
ment,develop,0.9714308143493438
ment,users,0.9706628650953089
ment,however,0.9702814475685936
ment,quality,0.9687553044623514
ment,through,0.9684947039401418
ment,methods,0.9682426265901292
ment,provide,0.9679733810208763
parameter,array,0.9798991370892058
parameter,deletion,0.9783101564809529
parameter,parameters,0.9738308882682574
parameter,pointer,0.9718017377130701
parameter,modifier,0.9702544078510121
parameter,definition,0.9701541105432651
parameter,splitting,0.9700737550274444
parameter,ordering,0.9673288434805541
parameter,signature,0.9642421277873401
parameter,signatures,0.9630932363941496
inducing,mozilla,0.9700853590075267
inducing,day,0.9678516295553705
inducing,later,0.9671324336757701
inducing,archive,0.963466643750209
inducing,induce,0.9618183556021911
inducing,week,0.9617703636886077
inducing,xes,0.9596878576387611
inducing,x,0.9567012033469321
inducing,locate,0.954129682916746
inducing,link,0.9527523744847898
links,link,0.9612856175910286
links,following,0.9574737664283446
links,43,0.956669297406795
links,generated,0.9566192812981855
links,above,0.9549246282086656
links,summarize,0.954112584518745
links,whether,0.9537391124949601
links,complete,0.9525189808982093
links,correct,0.952191197666987
links,results,0.9517972275441434
complex,each,0.9797404857115575
complex,more,0.9787939773357629
complex,or,0.9778818324568748
complex,than,0.9777097217256181
complex,between,0.976917428662698
complex,are,0.9768057134060064
complex,used,0.9764023804494701
complex,we,0.9763150807528572
complex,their,0.9761168095020052
complex,kind,0.975999673866256
mozilla,x,0.9742374517971472
mozilla,later,0.9713289742838076
mozilla,xes,0.9712155768901418
mozilla,inducing,0.9700853590075267
mozilla,induce,0.969250457591431
mozilla,bug,0.9668955051899353
mozilla,bugzilla,0.9666289292863159
mozilla,archive,0.9658202969328198
mozilla,week,0.9640408377252556
mozilla,link,0.9632851125310926
third,features,0.9798394738292597
third,bottom,0.9781014967454629
third,course,0.9741238162958601
third,students,0.968192396001927
third,performance,0.9679789963422085
third,was,0.96777056732159
third,student,0.9670163266288545
third,space,0.9664152326752056
third,much,0.966086220565485
third,written,0.9653952838829283
node,graph,0.9601173842780532
node,nodes,0.9596828219456561
node,values,0.9575672907278687
node,same,0.9547640178516859
node,figure,0.9537341847861562
node,edge,0.9531182007543728
node,if,0.9529056872199999
node,represented,0.951968906147536
node,edges,0.9507336638185718
node,then,0.9504527797563247
identifying,change,0.9842449811111235
identifying,common,0.9788616498732353
identifying,two,0.9778012384622256
identifying,between,0.9777984196060152
identifying,versions,0.9777716006536676
identifying,changed,0.9770025760842227
identifying,report,0.9754198142995905
identifying,we,0.9753315624218685
identifying,particular,0.9748783073807981
identifying,identify,0.9748304867793215
refactorings,couplings,0.9707151427408182
refactorings,smells,0.9703644992240203
refactorings,smell,0.9701467334377902
refactorings,evolvability,0.9669542199329418
refactorings,viewing,0.9601175767850683
refactorings,months,0.9592586934289087
refactorings,industrial,0.9563206147297464
refactorings,engineer,0.9511763909351143
refactorings,spot,0.9498668828842245
refactorings,parts,0.9479962449145465
cult,would,0.9730339089815281
cult,so,0.9719840287999217
cult,their,0.9719540685673123
cult,be,0.9715753352510277
cult,they,0.9715704670716343
cult,when,0.9710664603442556
cult,over,0.9710203395536605
cult,di,0.9708425884795174
cult,are,0.9707808733744675
cult,that,0.9707733936472703
members,social,0.9776968419561782
members,developers,0.9741636280214132
members,networks,0.9688625338534733
members,few,0.9684142592381589
members,developer,0.9665658883905486
members,discussions,0.9653746148594784
members,rich,0.9638721067348095
members,develop,0.963697786885845
members,sharing,0.9631050993869856
members,projects,0.9623450530522584
levels,no,0.9677550654866558
levels,empirical,0.9675861241854031
levels,improvement,0.9639965953020393
levels,practice,0.9615530621432415
levels,j,0.9510808595732854
levels,h,0.9459315092201057
levels,1998,0.9379480722855755
levels,study,0.9379465543263259
levels,d,0.933265307656979
levels,new,0.931734015072424
locate,automatically,0.97606855743538
locate,later,0.9709897506725949
locate,additionally,0.9671145370443627
locate,tech,0.9664805286431898
locate,consider,0.9617343129343456
locate,locating,0.9610222562270561
locate,change,0.9604159086270405
locate,x,0.9591019639056999
locate,archive,0.958857709559207
locate,refactoring,0.9578604437012901
performed,these,0.9827835313970823
performed,work,0.9817717819211726
performed,described,0.9814860532275376
performed,be,0.9807346775090958
performed,they,0.9806985914370286
performed,that,0.9806709503066031
performed,such,0.9806642741043328
performed,can,0.980184879213294
performed,from,0.9797293728484582
performed,results,0.9796392760577027
respect,applied,0.9765970930917621
respect,different,0.9757066042815823
respect,similar,0.9747118523939167
respect,history,0.9721196871955939
respect,change,0.9713460165064176
respect,between,0.9706216012604564
respect,within,0.9695457545931816
respect,detection,0.969473175563103
respect,structure,0.9694528442739426
respect,time,0.9686695704324446
considered,same,0.9821912794581965
considered,we,0.9805990415768903
considered,used,0.9801945544831532
considered,them,0.9801665952371088
considered,more,0.9800998474996647
considered,are,0.9794903525058156
considered,that,0.9792843096205868
considered,it,0.9789128390653885
considered,from,0.9787206639181913
considered,have,0.9787149648311585
avoid,would,0.9822970513343419
avoid,many,0.9814443785094201
avoid,not,0.9812797972110223
avoid,because,0.9803750050243587
avoid,have,0.9802752666253232
avoid,when,0.9797634887164524
avoid,but,0.9796817041834693
avoid,that,0.9792801197086638
avoid,has,0.9790307210585794
avoid,do,0.978569489335464
detailed,about,0.981770662916041
detailed,results,0.9798874421533176
detailed,different,0.9794409788503494
detailed,also,0.9792677157859098
detailed,from,0.9775267594679452
detailed,it,0.9774457202337865
detailed,three,0.9774003385261996
detailed,their,0.9773019984262701
detailed,across,0.9768210148758852
detailed,work,0.9766161851780797
perform,shown,0.9763756045231395
perform,some,0.9761096975318506
perform,only,0.9756019512078296
perform,that,0.974212822150921
perform,have,0.9737152533201388
perform,than,0.9731751062147989
perform,we,0.9728379266869649
perform,up,0.9727986268797977
perform,not,0.9727568415193955
perform,complete,0.9727199565271222
still,some,0.9818390479015329
still,but,0.9815485251570044
still,only,0.9814787086803904
still,not,0.9812831181526804
still,many,0.9811288860633853
still,because,0.9805374061955066
still,all,0.9797636606967361
still,there,0.9797193497907362
still,have,0.979514106627243
still,example,0.9789367925066684
wodsdtotal,words166,0.9986504367094576
wodsdtotal,words30,0.9905106406781599
wodsdtotal,279coverage,0.9875709775077246
wodsdtotal,words,0.9609326266003524
wodsdtotal,coverage,0.9526954122179287
wodsdtotal,57,0.9512331750013352
wodsdtotal,accuracy,0.9455128938891033
wodsdtotal,129,0.9420637761528168
wodsdtotal,cccccgggggaaaaavvvvvresults,0.9376660233177677
wodsdtotal,prefixresults,0.9204047908708876
cktf,idf,0.9962717116377692
cktf,tf,0.9959048582075711
cktf,udos,0.9937356743458681
cktf,fat12,0.9749105489429836
cktf,dirent,0.968480506532766
cktf,lan,0.9651202329024826
cktf,educational,0.9651173430602996
cktf,concept,0.9604692556205559
cktf,keyword,0.9598075638872153
cktf,viewer,0.9584016995637314
ossmole,comparable,0.98822025186026
ossmole,academic,0.9787477394345685
ossmole,floss,0.9784378598467409
ossmole,collection,0.9759320761152483
ossmole,analyses,0.9757107470091556
ossmole,compatibility,0.9754713479530513
ossmole,scripts,0.9736512511278235
ossmole,reproducible,0.9734819753101744
ossmole,publication,0.9658041550599437
ossmole,publicly,0.9620947074407813
tf,idf,0.998863635696587
tf,cktf,0.9959048582075711
tf,udos,0.9942221051751944
tf,dirent,0.9749376245591597
tf,lan,0.9706649633767899
tf,fat12,0.9692052953529373
tf,concept,0.9683982392129674
tf,educational,0.9652365211164828
tf,keyword,0.9642447312026073
tf,term,0.9617676458147508
62,58,0.9978940319488798
62,74,0.9965057208013464
62,76,0.9948984236986393
62,69,0.994800783451828
62,73,0.9945648203073013
62,64,0.9929705622266813
62,56,0.9906160980794227
62,68,0.9894394688141539
62,59,0.9885026618329475
62,75,0.9863725044597265
bugzilla,cubrani,0.9761970922707774
bugzilla,archive,0.9746326973188599
bugzilla,link,0.9699211763947742
bugzilla,defect,0.9693138854639294
bugzilla,reports,0.968986706267627
bugzilla,hipikat,0.9673018721807288
bugzilla,murphy,0.9668355690234691
bugzilla,mozilla,0.9666289292863159
bugzilla,bug,0.963444411894706
bugzilla,pinzger,0.961509894500441
xes,x,0.974076549262173
xes,mozilla,0.9712155768901418
xes,later,0.963645836235324
xes,inducing,0.9596878576387611
xes,induce,0.9577252577844134
xes,larger,0.9545647461319791
xes,thus,0.9544925337739378
xes,week,0.9532364894287526
xes,where,0.9514469401263888
xes,shows,0.9512499803740817
context,what,0.9763361304942966
context,question,0.9731006364488977
context,needs,0.9720820286493257
context,need,0.9708504907228551
context,help,0.9699794690571176
context,answer,0.9693552512284416
context,questions,0.9692502729906458
context,such,0.9691454634251913
context,related,0.9688096532702535
context,future,0.9685845779135611
average,x,0.974953382026581
average,100,0.9719906034143703
average,times,0.9715755945204075
average,shows,0.9715627084005685
average,were,0.9714865842581277
average,presents,0.9704812754053791
average,each,0.9693918714009906
average,total,0.9692181626935434
average,than,0.9691668247531674
average,show,0.9683848771256618
error,assume,0.9699789271622341
error,after,0.9669194496524274
error,called,0.9655028458685471
error,pattern,0.9619830162996145
error,up,0.961749876984118
error,where,0.9604170825510716
error,errors,0.9602573045524733
error,only,0.9597683016267291
error,if,0.9595011342607669
error,interface,0.9592031876757481
summary,rather,0.9698425209043728
summary,report,0.9658207768597084
summary,having,0.9641342024478005
summary,include,0.9623131182143696
summary,form,0.9620979527902263
summary,particular,0.9620176818322272
summary,into,0.961381737988632
summary,be,0.9611025541058918
summary,will,0.9609965610530282
summary,these,0.9609532326895271
want,unique,0.9773893149425359
want,directly,0.968148396218607
want,before,0.9680020085747347
want,set,0.9672841702601922
want,second,0.9637781770283513
want,any,0.9626436851550306
want,table,0.9618786130876363
want,order,0.9612289542467611
want,ed,0.9608858406106036
want,queries,0.9603219037697311
discussed,conclusions,0.982450643672847
discussed,some,0.9799336455757299
discussed,but,0.9794680987192645
discussed,such,0.9788806698503658
discussed,however,0.9780684904905208
discussed,be,0.9779414953829306
discussed,what,0.9777108502567294
discussed,that,0.9773947639776048
discussed,can,0.977364534924847
discussed,these,0.977316657592326
2000,using,0.9708124802997238
2000,over,0.9707708562650854
2000,i,0.9701082611473695
2000,al,0.9699043741629634
2000,tion,0.9698284895728166
2000,2001,0.9696890282446835
2000,work,0.9696751160089252
2000,computer,0.9694319596336869
2000,from,0.9684072661731793
2000,well,0.9680856712192287
dynamic,characterize,0.9718029436306964
dynamic,updating,0.9690904205427088
dynamic,implementation,0.9642319723723229
dynamic,interested,0.9637742432688345
dynamic,design,0.9631016073404843
dynamic,over,0.9617684234713364
dynamic,evolves,0.9605839131347778
dynamic,general,0.9604361420040938
dynamic,programs,0.9601157469465296
dynamic,abstract,0.9593078637905547
scale,time,0.9801238008378746
scale,different,0.9788493096907944
scale,results,0.9782461326512992
scale,measures,0.9780914927712683
scale,large,0.9769730079526234
scale,under,0.9763565359501036
scale,from,0.9762379045883877
scale,about,0.9756521702019141
scale,applied,0.9746411441878158
scale,application,0.9742924428468362
teams,projects,0.9781294358287091
teams,about,0.977540777954286
teams,project,0.9765910447539615
teams,provide,0.9750301396376209
teams,research,0.9746845370524724
teams,problems,0.9742224168196083
teams,related,0.9735344707745359
teams,studies,0.9731202788329159
teams,help,0.9730573253648916
teams,through,0.97305659197553
analyzed,these,0.9807922676979144
analyzed,their,0.9785013630531001
analyzed,has,0.9783731693565558
analyzed,such,0.9781859219892253
analyzed,be,0.9781099109272708
analyzed,how,0.9779675441329256
analyzed,identify,0.9777399714436004
analyzed,are,0.9772818028256576
analyzed,they,0.9772621070866987
analyzed,that,0.9772569925622674
automated,about,0.9816646471824406
automated,methods,0.9796891562346047
automated,work,0.9779165830458123
automated,however,0.9778085307662256
automated,related,0.9777842460508708
automated,results,0.9772050757047106
automated,also,0.976991206252903
automated,speci,0.9767080157184971
automated,their,0.9766504948580426
automated,computer,0.9766314141173478
reports,database,0.980036784041458
reports,both,0.9765524662108281
reports,been,0.9762647822725092
reports,defect,0.9758802261892798
reports,about,0.9752533502477556
reports,large,0.9751341588553328
reports,across,0.9734942365061696
reports,it,0.9733671102598388
reports,from,0.9730277442445646
reports,these,0.9725926182440862
allow,possible,0.9817446762033244
allow,first,0.9761693351533787
allow,way,0.9760589972344187
allow,will,0.9759989385374557
allow,also,0.9759225676035537
allow,allows,0.9752440595245652
allow,research,0.9751665386611621
allow,should,0.9748285515664967
allow,results,0.9746975027906368
allow,time,0.974144529036724
examples,such,0.9803875385915715
examples,can,0.9799629606308922
examples,it,0.9796735982971077
examples,being,0.9794286895882077
examples,need,0.9793776662142544
examples,be,0.9792434960070526
examples,from,0.9791745187330543
examples,also,0.9791163741939053
examples,these,0.978762216125429
examples,that,0.9781630047627852
far,over,0.9706997159361839
far,total,0.9701518321024866
far,more,0.9698151677585506
far,so,0.9694271287190587
far,very,0.9687166916297828
far,most,0.9683357482940351
far,see,0.9679342177893663
far,than,0.9675009543111184
far,between,0.9674881588373099
far,figure,0.9673569197965702
his,cases,0.9651032175721034
his,means,0.9649513609977377
his,them,0.9647962627376626
his,project,0.9637676294012021
his,projects,0.9634403614440812
his,one,0.9633320101259485
his,many,0.9631303074807696
his,any,0.9629151259420937
his,those,0.9625371569563376
his,even,0.9621546127999361
presents,x,0.9778799123412167
presents,two,0.9772086265542157
presents,than,0.9757890260338578
presents,see,0.9752108022375903
presents,between,0.9752099005916073
presents,we,0.9750285533682409
presents,if,0.9748208251458272
presents,shows,0.9736276692798933
presents,100,0.972902750231357
presents,where,0.972876174951409
sets,application,0.9683884323762761
sets,given,0.9653121749138875
sets,true,0.9621576205785292
sets,possible,0.961987447713111
sets,results,0.9609739459204061
sets,set,0.960632723743581
sets,considered,0.9601014304034035
sets,any,0.9596695778205234
sets,much,0.9594674283453473
sets,time,0.959224262739919
track,they,0.9841016378394436
track,has,0.9827616465772778
track,can,0.982383835847201
track,be,0.9823822393271625
track,have,0.9819569759103377
track,how,0.9816128192876358
track,we,0.9813896584050217
track,these,0.9812533173085572
track,that,0.9812192412660912
track,such,0.9809777099757708
likely,also,0.9828618018906454
likely,have,0.9828468136626474
likely,some,0.9828340461934781
likely,can,0.9819636277418314
likely,that,0.9819139715871852
likely,from,0.9816811920554203
likely,be,0.9815781570851285
likely,it,0.9813272771791574
likely,used,0.9809795627738493
likely,than,0.9808327825008716
rich,users,0.9813020413470035
rich,projects,0.9794238369181454
rich,developers,0.9757682949781654
rich,develop,0.9742769515074267
rich,project,0.9741842010573671
rich,provide,0.9729448036127699
rich,collected,0.9722816032103656
rich,help,0.9710093419851498
rich,developer,0.9708853869293215
rich,who,0.9703807370187421
saint,missouri,0.9979906380163241
saint,redistribute,0.9968459486682203
saint,permission,0.9962745992054307
saint,fee,0.9962745992054307
saint,louis,0.9962260645909196
saint,servers,0.9957903898813134
saint,republish,0.9956066515813872
saint,59593,0.9938386777281412
saint,bear,0.9936121729988956
saint,0005,0.9936000369755232
simple,were,0.9694608766261126
simple,times,0.9692432689881566
simple,lines,0.9683369383231614
simple,over,0.9682773371252613
simple,written,0.9681637326722072
simple,each,0.967785455934902
simple,two,0.9677430797833659
simple,particular,0.9676721079395306
simple,between,0.9675901448528137
simple,more,0.9660332759105715
soft,about,0.9799112417682165
soft,help,0.9790982112254961
soft,relevant,0.9788765652951776
soft,use,0.978401290361975
soft,related,0.9783843253129982
soft,tools,0.9783305323333038
soft,large,0.9778650963269103
soft,through,0.977826183273848
soft,user,0.977439010135426
soft,problems,0.976875360410848
suggest,work,0.9831158905804079
suggest,they,0.9806241147559323
suggest,often,0.9800936298818292
suggest,what,0.9782843500783682
suggest,during,0.9781724489613944
suggest,that,0.9780791087821359
suggest,how,0.978015904334032
suggest,well,0.9779287413780529
suggest,these,0.9776354398551288
suggest,not,0.9771350952845963
tions,or,0.9756229966474999
tions,over,0.973647845402967
tions,change,0.9722797530720619
tions,two,0.9706872219431636
tions,are,0.970564689347118
tions,di,0.9701597846296133
tions,between,0.9694095584411304
tions,more,0.9684556602735067
tions,particular,0.9684432707457244
tions,versions,0.9683955189416089
body,function,0.9746925244087371
body,old,0.9721104160127374
body,additions,0.9717516537913782
body,functions,0.9714354691216958
body,deletions,0.9702379025746646
body,adding,0.9663161233183286
body,bijection,0.9635512182573253
body,global,0.9622678943201908
body,variables,0.960968000554804
body,detect,0.9605080116409961
here,different,0.979325793357483
here,further,0.9790329969877285
here,we,0.978675657847661
here,such,0.9776921250527997
here,particular,0.977136486209658
here,are,0.9768980155435023
here,between,0.9768910149796295
here,that,0.9761678029302521
here,be,0.9760203155948883
here,most,0.9758328225761774
agile,scrum,0.9806940028696999
agile,covered,0.9777195509987613
agile,recurrent,0.9754279717864153
agile,practitioners,0.9715973335882169
agile,srs,0.9707590812359856
agile,acceptance,0.9684926939772747
agile,effectiveness,0.9630308161237998
agile,293,0.95597297361874
agile,review,0.9556292876470093
agile,sr1,0.955106350169165
identities,person,0.990077172150662
identities,actors,0.9883868252858303
identities,actor,0.985121734381371
identities,identity,0.983131606420599
identities,veri,0.9780776567200975
identities,privacy,0.9741174908016172
identities,mail,0.9715187965057699
identities,persons,0.970741941643239
identities,matches,0.9591426548079462
identities,username,0.9567374408061973
edge,edges,0.9796090658667811
edge,graph,0.9573210782447672
edge,attributes,0.9542783638344655
edge,node,0.9531182007543728
edge,nodes,0.9502078358101633
edge,relationships,0.948783422680308
edge,represented,0.9473108839788897
edge,requests,0.9463265426716612
edge,vertices,0.945523008084066
edge,network,0.9442451917293717
six,sigma,0.9760520641291348
six,opportunities,0.9748733470584243
six,defects,0.9720681880029023
six,opportunity,0.9664625003747631
six,processes,0.964744379554034
six,steps,0.96386005192122
six,reduce,0.9638385848491702
six,continuous,0.9635513252267326
six,dmaic,0.9622972447428421
six,management,0.9621613270737075
return,function,0.9633297982462623
return,after,0.9633141399851843
return,if,0.9615456349391185
return,parameter,0.9595045557015194
return,file,0.9591911825765231
return,count,0.9572086062018654
return,set,0.9565178151932717
return,define,0.9565159346597993
return,addition,0.9562003221407085
return,add,0.9560928110705
se,stackexchange,0.955537098269397
se,practitioners,0.9552652122406422
se,ndings,0.9512269417570063
se,websites,0.9467362467140918
se,srs,0.9448178837670163
se,focused,0.9447326642629421
se,sr,0.9440110600302809
se,cover,0.9435471543277814
se,review,0.9423074997741412
se,tertiary,0.9418939400494694
visualization,history,0.9672195831133885
visualization,historical,0.9667118393359954
visualization,several,0.9661190120327616
visualization,tion,0.9659954262382728
visualization,implemented,0.9655089308229966
visualization,analyzing,0.9652620668766823
visualization,within,0.9645127315379043
visualization,couplings,0.9644957455189671
visualization,techniques,0.9641916616186788
visualization,gall,0.9638071474459846
keyword,keywords,0.985516941076855
keyword,concept,0.9797070661234095
keyword,term,0.9709162142865728
keyword,concepts,0.9676700469899084
keyword,pre,0.9675460747330054
keyword,dirent,0.966673138481629
keyword,idf,0.9662775798207572
keyword,udos,0.9654091552875252
keyword,tf,0.9642447312026073
keyword,ers,0.9642290275170219
elements,if,0.9770981825012901
elements,or,0.9756707215162976
elements,see,0.9749854751903393
elements,would,0.9743931153637585
elements,we,0.9742270130262878
elements,are,0.9741529530676559
elements,does,0.9740160639417612
elements,two,0.9739262177443169
elements,more,0.9737767478560972
elements,be,0.9736467093868277
good,however,0.9716880865057362
good,quality,0.9708256441950731
good,sense,0.9695753179051448
good,what,0.9682985760765085
good,speci,0.9665723675915989
good,help,0.9661286326281646
good,ment,0.9658956779977759
good,work,0.9650214068673315
good,methods,0.9649083313548512
good,method,0.964488245548309
openssh,vsftpd,0.9929225508260147
openssh,dsu,0.9818015958138429
openssh,lifetime,0.9794184124286255
openssh,programs,0.9678662925586962
openssh,whose,0.9619475430588302
openssh,prototype,0.9616406036193255
openssh,additions,0.9612425342485751
openssh,apache,0.9603564891692364
openssh,roughly,0.9574732293893147
openssh,deletions,0.9565001563116797
dif,tools,0.9814255322876544
dif,understanding,0.9787971865345222
dif,about,0.9767849845674222
dif,can,0.9764945846275574
dif,so,0.9758278021343698
dif,use,0.9755706711799567
dif,analyzing,0.9753097563021765
dif,large,0.9752763771256927
dif,however,0.9751016996893498
dif,various,0.9749721261653135
diff,successive,0.9694115095091804
diff,deleted,0.9660937121965458
diff,versions,0.9659210571257091
diff,changed,0.9645184254499835
diff,programs,0.9624284649954409
diff,change,0.9607063156286604
diff,types,0.959751749579397
diff,syntax,0.9586530901470953
diff,reported,0.958304419773455
diff,variables,0.9578476979337782
identified,identify,0.9741316149066962
identified,particular,0.9731891279867023
identified,these,0.9722483700295996
identified,being,0.9710554744752249
identified,are,0.9706072226584123
identified,be,0.9702058326062537
identified,its,0.969602876231467
identified,has,0.9694994795590874
identified,provides,0.9693323095502944
identified,that,0.9692451340423538
know,make,0.9755182594403503
know,many,0.9752134988514789
know,they,0.9746624392895987
know,tools,0.9738296412481764
know,not,0.9738218966574153
know,their,0.9736521020142231
know,these,0.9735446864861681
know,been,0.9732723307360789
know,so,0.9732204738896335
know,use,0.9731555181195606
finally,these,0.9821485390806375
finally,from,0.9804046303688378
finally,about,0.9801281234213483
finally,general,0.9801055659597344
finally,use,0.9798498398650466
finally,also,0.9798131251142035
finally,are,0.9797728476230412
finally,such,0.9793898175474922
finally,can,0.9793869984099332
finally,used,0.9792653080023935
learning,develop,0.9732038604167343
learning,certain,0.9722144139648716
learning,project,0.969274193412036
learning,computer,0.9690187661877778
learning,importance,0.9678398194863411
learning,projects,0.9677072278676907
learning,science,0.9663830320005777
learning,large,0.9663392875542558
learning,work,0.9660320429761327
learning,developers,0.9653319324621097
mine,keywords,0.9814663370032167
mine,technique,0.9759891951040822
mine,concepts,0.9730353267642289
mine,concept,0.972025415973169
mine,document,0.9716331208808254
mine,understanding,0.971116361975036
mine,term,0.9704322849530074
mine,ciently,0.9696474273000688
mine,terms,0.969193839934887
mine,novel,0.9691181684103769
produce,very,0.9690916721989175
produce,more,0.9682115722537363
produce,we,0.9679658141172934
produce,figure,0.9679627941842688
produce,value,0.9679376899625337
produce,results,0.9674994157471393
produce,are,0.9673509380496348
produce,than,0.9671052004117844
produce,that,0.9670425274766914
produce,between,0.9669871604313127
ts,method,0.95697050129997
ts,speci,0.9530789331834912
ts,although,0.9486626862177148
ts,methods,0.9473097021886595
ts,bene,0.9470883913985401
ts,below,0.9469682131090931
ts,experience,0.9454993332865264
ts,documentation,0.9447214362687565
ts,them,0.9446112570818246
ts,key,0.9441702049151395
additional,that,0.9838726958057983
additional,not,0.9837670999972219
additional,be,0.9832794831974133
additional,but,0.9831784956241629
additional,these,0.9830662746809326
additional,also,0.9829213415707432
additional,it,0.9828293917181052
additional,than,0.982486149489056
additional,such,0.982250976118492
additional,their,0.9821420768883578
already,need,0.9794964160512583
already,some,0.9794365470607189
already,thus,0.9791600300236103
already,been,0.9785125939834094
already,can,0.9783453837986182
already,such,0.978197100349631
already,we,0.9781619829681831
already,when,0.97788729481293
already,be,0.9778018273087379
already,has,0.9777962888388301
always,any,0.9785773472105845
always,those,0.9771712970018294
always,way,0.9731929764957008
always,will,0.9721125003555925
always,both,0.9717349633448896
always,but,0.9716748943803495
always,there,0.9702978498804229
always,it,0.9702296980637893
always,some,0.9702287805683347
always,possible,0.9699609431028129
below,low,0.9783821216716894
below,above,0.9723123822926876
below,however,0.9710812546714342
below,speci,0.9704617993716637
below,do,0.9693386778952304
below,related,0.9682433877276978
below,questions,0.9673814560319618
below,methods,0.9671666292576682
below,complete,0.9666495300877253
below,their,0.966455475116087
hovemeyer,pugh,0.993630371084226
hovemeyer,finding,0.990919546796394
hovemeyer,easy,0.9833222640792911
hovemeyer,bugs,0.9790925913261695
hovemeyer,companion,0.9757820299817636
hovemeyer,19th,0.957349431082092
hovemeyer,object,0.9368129069546876
hovemeyer,oriented,0.932199002257069
hovemeyer,programming,0.9321787125305101
hovemeyer,systems,0.9217587131362636
introduced,parts,0.982082527406408
introduced,when,0.979483283130375
introduced,cause,0.977778266375074
introduced,change,0.9773452434901434
introduced,we,0.9769753306653989
introduced,be,0.9765980427146079
introduced,has,0.9762711920878427
introduced,identify,0.9762054773715749
introduced,are,0.9750685502302288
introduced,where,0.9749798605980825
preliminary,key,0.9691960471783653
preliminary,method,0.9689551687058601
preliminary,technique,0.9673643362616268
preliminary,human,0.9673482036002717
preliminary,experience,0.9668497431196477
preliminary,section,0.9667645881897134
preliminary,very,0.9660203639529423
preliminary,terms,0.9652603396560817
preliminary,goal,0.9632946210675755
preliminary,produced,0.9632480794815443
variety,abstract,0.9748089058824012
variety,analyzing,0.972992634585792
variety,interested,0.9729337272210579
variety,presented,0.9722039030670337
variety,how,0.9720757876202805
variety,more,0.9717199388036396
variety,particular,0.9710816621280949
variety,between,0.9708028267808652
variety,we,0.9703475753711206
variety,pro,0.9702792638242452
rules,specific,0.9819733737519352
rules,describe,0.9642481062716065
rules,identify,0.9638556857301872
rules,et,0.9628610613004254
rules,need,0.9623364670186063
rules,particular,0.9621077435063756
rules,these,0.9619675086074855
rules,violations,0.9608014494591709
rules,what,0.960783222240631
rules,being,0.9598138427985292
smells,evolvability,0.9824129085053681
smells,engineer,0.9822793173805344
smells,spot,0.9811424286094921
smells,couplings,0.9775688715619364
smells,viewing,0.9767071931029174
smells,smell,0.9766324388920458
smells,industrial,0.9720467362863778
smells,refactorings,0.9703644992240203
smells,fowler,0.9699203158412124
smells,enables,0.9670058887259103
recall,precision,0.9974274374581416
recall,analysts,0.9865715510792024
recall,pilot,0.9836310203051677
recall,analyst,0.9818270165458467
recall,trace,0.9778090357254366
recall,senior,0.9772714340890898
recall,candidate,0.9756208253770767
recall,tracing,0.9710569275642877
recall,factors,0.9709688414454999
recall,affect,0.9685187704227253
genealogy,clones,0.9947338492777003
genealogy,clone,0.9907779538351266
genealogy,maintaining,0.9845131623909529
genealogy,genealogies,0.9819600865235409
genealogy,nealogy,0.9802979739420786
genealogy,cloning,0.9801314328470625
genealogy,snippets,0.9786991698315957
genealogy,consistent,0.9774796171133824
genealogy,consistently,0.9771420259630321
genealogy,dnsjava,0.975806754567975
udos,idf,0.9965033230352569
udos,tf,0.9942221051751944
udos,cktf,0.9937356743458681
udos,educational,0.9792323101822751
udos,dirent,0.9758632711634787
udos,lan,0.9711561113257534
udos,fat12,0.9695331139951469
udos,concept,0.9691999528402881
udos,processed,0.9657899004797534
udos,keyword,0.9654091552875252
link,later,0.9718108515066879
link,xed,0.9703118627287262
link,bugzilla,0.9699211763947742
link,message,0.9659297116264067
link,check,0.9657483801168515
link,log,0.9653623159283342
link,following,0.9646608351486886
link,bug,0.964218253599471
link,mozilla,0.9632851125310926
link,x,0.9629579497573435
space,features,0.9725903520350654
space,correlation,0.970294848055475
space,along,0.9692056945149157
space,out,0.9685299277106036
space,low,0.9684557091563104
space,were,0.9683162639060283
space,fact,0.967377424635173
space,written,0.9672904761267305
space,lines,0.9666991890513741
space,third,0.9664152326752056
tasks,task,0.9733580626972567
tasks,point,0.9659495572807876
tasks,done,0.9585910614386665
tasks,describing,0.9579750614098747
tasks,planning,0.9574635790151329
tasks,human,0.9569904506645992
tasks,goal,0.9568756560056894
tasks,what,0.956691651567875
tasks,however,0.9550416859645456
tasks,methods,0.9544882842109386
66,77,0.976030602260985
66,47,0.9678364628652253
66,67,0.9662515793829284
66,61,0.965362045540179
66,46,0.9616785657233083
66,63,0.9615666745604137
66,79,0.9615633990792954
66,71,0.9613417229840641
66,78,0.9611044429875153
66,51,0.9598359079971568
attributes,graph,0.9691010814348122
attributes,edges,0.9640639807599966
attributes,represented,0.9629295265954008
attributes,authors,0.961562598018114
attributes,language,0.9613784335181784
attributes,table,0.9610440883453648
attributes,co,0.9603548878141164
attributes,correspond,0.9596882934527168
attributes,associated,0.9589575444148923
attributes,since,0.9583701538161546
gall,fischer,0.9895605713901565
gall,pinzger,0.9891498737150796
gall,history,0.9780148067625503
gall,release,0.9763996310310747
gall,populating,0.9712151440529664
gall,et,0.9673579060977031
gall,murphy,0.96644071866354
gall,architecture,0.9662395832222442
gall,applied,0.9662019550313258
gall,al,0.9661491146433183
statement,syntactic,0.9735701226250298
statement,statements,0.9717865454020336
statement,if,0.9646410670325977
statement,add,0.9618442678348011
statement,function,0.9613290952272968
statement,reported,0.960034583334193
statement,variables,0.9596555708308565
statement,types,0.958823902151198
statement,deleted,0.9583325160457895
statement,last,0.9582421528725926
indicate,between,0.977510523843028
indicate,change,0.9761553610204413
indicate,see,0.9760787362444321
indicate,we,0.9760387993062712
indicate,shows,0.9754885759784693
indicate,indicates,0.9753739376416959
indicate,that,0.9749994551642769
indicate,has,0.9749830673634678
indicate,impact,0.974808842528725
indicate,are,0.9739934284777505
address,cases,0.9796415097403246
address,mail,0.9743593355017837
address,list,0.9725968706240359
address,real,0.9714071472017378
address,sometimes,0.9703693834047907
address,heuristics,0.968621227459878
address,those,0.9675212014858279
address,mailing,0.9663936942176654
address,addresses,0.965806558315655
address,tracking,0.9656192011966285
logs,variants,0.9760121863588074
logs,structure,0.9709209214465713
logs,sub,0.9687389069209126
logs,different,0.9675958119234485
logs,netbsd,0.9669092988636707
logs,detailed,0.9634835434508608
logs,variant,0.9626212201909028
logs,recorded,0.9606624638092178
logs,bsd,0.9605430199794911
logs,distribution,0.9602687255341505
mailing,list,0.9771637950700883
mailing,tracking,0.9720180607872457
mailing,cases,0.971071823614364
mailing,sources,0.9689071575220616
mailing,address,0.9663936942176654
mailing,projects,0.9646727286607872
mailing,purposes,0.9641020232207448
mailing,lists,0.9614158716246652
mailing,libre,0.9610303377647016
mailing,access,0.9598769705477685
aspects,help,0.9785761273328039
aspects,questions,0.9756068157866906
aspects,introduction,0.9747036928242774
aspects,about,0.9740922942902095
aspects,related,0.9729598163178423
aspects,provide,0.9728425624104357
aspects,use,0.9723620753077926
aspects,through,0.9722421242257187
aspects,tools,0.9718840729176164
aspects,large,0.9718630836107356
old,body,0.9721104160127374
old,function,0.9719885564927802
old,versions,0.966346202340024
old,changed,0.9653335634423375
old,reported,0.9651432949773429
old,count,0.9639566177378364
old,functions,0.9636860814592888
old,names,0.9619463927346648
old,introduce,0.9612438791917448
old,adding,0.9610664885115324
ask,tools,0.9778518213512821
ask,help,0.9777335612364194
ask,who,0.9773055643642303
ask,users,0.9748233985280501
ask,focus,0.973162409164806
ask,what,0.9721874981053611
ask,however,0.9715981841775869
ask,goal,0.9710860847533637
ask,important,0.9702486642376857
ask,problems,0.9699547133354213
check,con,0.9757981169019603
check,been,0.974888648760174
check,thus,0.9747471911199721
check,when,0.9739971481461334
check,has,0.9739278177736612
check,be,0.9730747654671332
check,we,0.9730256585960652
check,report,0.9728352403990614
check,its,0.9726294384631565
check,that,0.9724020869712633
store,repository,0.9752927838301311
store,database,0.9738509356269618
store,main,0.9721177630446928
store,record,0.9716576547751952
store,model,0.9714619486272118
store,stored,0.9710456701059369
store,provide,0.9705058863502827
store,designed,0.9700665821557546
store,research,0.9683988477350709
store,sources,0.9678698353615351
ve,questions,0.970490944307909
ve,question,0.9635477569125022
ve,four,0.9634458611910046
ve,ones,0.96056770993396
ve,means,0.9558564899289905
ve,resulting,0.9553924850445792
ve,general,0.9539849337775046
ve,related,0.9535255340678961
ve,search,0.9534784782657383
ve,below,0.953074653295124
whose,versions,0.974235159300371
whose,programs,0.9719173276723245
whose,apache,0.9718930657333651
whose,implementation,0.9698990987176067
whose,types,0.9695163652235298
whose,changed,0.9682520833008952
whose,variables,0.9679248583014102
whose,change,0.9678025066524822
whose,include,0.9677237515667982
whose,two,0.967413740903476
create,set,0.9758730597463491
create,then,0.9747634702950351
create,created,0.9741746636832611
create,they,0.9739429253455092
create,how,0.9738439125518787
create,group,0.9730860245129278
create,that,0.9724132713931547
create,it,0.9722874668738065
create,model,0.9721794236128362
create,its,0.972096004268659
im,thus,0.978810467530075
im,are,0.9757931503901409
im,we,0.9754850834285955
im,ex,0.9752834697941095
im,be,0.9749989864198884
im,that,0.9748316406314099
im,have,0.974725099086267
im,it,0.974688075245365
im,can,0.9745795731936706
im,such,0.9745469690491162
issues,however,0.9821879716436919
issues,help,0.9802211894364526
issues,some,0.9787617000426618
issues,tools,0.9778881444175774
issues,use,0.9773791013366817
issues,through,0.9766163402334265
issues,can,0.9763221297300764
issues,related,0.9761736766223394
issues,about,0.9758621324629033
issues,should,0.9757382509012524
known,repository,0.9808920584781198
known,about,0.9802180355212249
known,research,0.9798979055856414
known,projects,0.9792724380106267
known,their,0.9784656370857086
known,large,0.9781645893094439
known,also,0.9778819763499373
known,work,0.9775397799588113
known,from,0.9774318955800252
known,so,0.9773935323034944
man,can,0.9753914138513283
man,be,0.9749120908261268
man,during,0.9745574615616577
man,we,0.9743269351967387
man,thus,0.9741903516789021
man,when,0.9741248538059843
man,several,0.9740734035487528
man,some,0.9740635225523167
man,that,0.9739868650402599
man,tion,0.9737745708921017
numbers,into,0.9772203673794584
numbers,each,0.9768337046441014
numbers,such,0.9745449437789488
numbers,from,0.9738775777567252
numbers,it,0.9738444125087848
numbers,these,0.9735216138457048
numbers,are,0.973437260873146
numbers,both,0.9733667221515323
numbers,be,0.9732571195550614
numbers,been,0.9730949933105669
represents,each,0.9767219704783945
represents,between,0.9746267069372765
represents,more,0.9732946149272215
represents,figure,0.9731186552537581
represents,shows,0.9728700478694446
represents,from,0.9728483943793829
represents,results,0.972576709805796
represents,are,0.9723681412884021
represents,it,0.9722775923191138
represents,have,0.9720716025718888
statistics,report,0.9684110869651172
statistics,versions,0.9668350967789934
statistics,were,0.9654124469769683
statistics,present,0.963889179483469
statistics,between,0.9628812741034913
statistics,over,0.9624203128783523
statistics,particular,0.9621266020398782
statistics,out,0.9620655764473618
statistics,whose,0.9616100205423983
statistics,each,0.9609651004645303
why,some,0.9819118293430527
why,but,0.9809620418328655
why,important,0.979069154747537
why,problem,0.9787945311284048
why,even,0.9783135046610241
why,have,0.9780692379421458
why,however,0.9777802016824495
why,can,0.9777626780421541
why,it,0.9776806084751224
why,not,0.9775578546339792
best,decisions,0.9814288037033152
best,often,0.9794533499833868
best,because,0.978556293004087
best,how,0.9778936349678492
best,they,0.976674548795452
best,not,0.976324971827694
best,would,0.9749660634312269
best,most,0.974889565638273
best,believe,0.9748612249677042
best,their,0.9748554308257986
build,provide,0.9761457693016369
build,problems,0.9744012855425099
build,these,0.9743891942049554
build,projects,0.9739953053009734
build,also,0.9736055517224472
build,project,0.9734142112752475
build,be,0.9733899041196126
build,about,0.9729400631605476
build,interesting,0.9728640356107084
build,been,0.9724739806616308
ci,27,0.9277515012793245
ci,24,0.9268019836925431
ci,25,0.9257762908288291
ci,13,0.9222951363833986
ci,14,0.9155271574465356
ci,17,0.9117557463944164
ci,12,0.8967038838203851
ci,62,0.892648260668327
ci,11,0.8916929161183108
ci,9,0.8884491251429976
contrast,between,0.9785389498104216
contrast,two,0.9779117401182966
contrast,we,0.9777083462456191
contrast,or,0.9772394506690147
contrast,more,0.9760149627147312
contrast,are,0.975995206942732
contrast,see,0.9757568381232431
contrast,most,0.9755367517140269
contrast,change,0.9749914303927365
contrast,over,0.9747227596349988
driven,finders,0.9663861174876048
driven,bug,0.9452269545835248
driven,repositories,0.9240848307315677
driven,mining,0.9098878840194211
driven,k,0.9086746729872746
driven,in,0.9032422856748843
driven,www,0.9022233241473299
driven,g,0.9014574452936441
driven,data,0.8979896878212771
driven,e,0.8966009098285668
hand,how,0.9815518517167159
hand,very,0.9807425421259728
hand,when,0.9803282648009176
hand,has,0.9798512383795823
hand,that,0.9798426419020292
hand,we,0.9797604328499562
hand,most,0.9791405015736447
hand,be,0.9791155806543365
hand,not,0.9790841717767147
hand,have,0.9789212658020063
manually,when,0.9772678236026349
manually,found,0.9750696655989209
manually,if,0.973853741078367
manually,not,0.9732500626653471
manually,we,0.9729226167336849
manually,all,0.9721310086854994
manually,than,0.9717670757992569
manually,thus,0.9715378233536414
manually,that,0.9712329084416218
manually,avoid,0.971077355203676
ones,related,0.9780288802574242
ones,method,0.9745909668745535
ones,but,0.9738655312344622
ones,also,0.9733548859367197
ones,not,0.9729301747585799
ones,do,0.9717993524594821
ones,that,0.9717663382247033
ones,are,0.9717354296019145
ones,however,0.9714778476489425
ones,them,0.9713888919766046
processes,management,0.977625899714796
processes,effort,0.9769557113807833
processes,widely,0.9759787080342456
processes,focus,0.9759380677433038
processes,measurement,0.973033814330186
processes,recently,0.9719297380829675
processes,large,0.9713538947829327
processes,metrics,0.9711783447823714
processes,provide,0.9698435932269118
processes,through,0.969066107632266
purposes,cases,0.9738462404948238
purposes,will,0.9733446591106241
purposes,useful,0.9719905135682976
purposes,possible,0.9719025665179958
purposes,research,0.9714902767095002
purposes,so,0.9706770015834543
purposes,them,0.9699699532256969
purposes,important,0.9697643225822181
purposes,sources,0.9694015327621368
purposes,however,0.9691721745693844
trends,what,0.974538416106643
trends,future,0.9733015753359306
trends,they,0.972302408712072
trends,most,0.972149723038986
trends,these,0.9720753057196921
trends,are,0.9719986540257143
trends,impact,0.9716860117841134
trends,their,0.971357353051395
trends,conclusions,0.9711372251586166
trends,question,0.9708509537451564
tware,ftware,0.9439243870971852
tware,oftware,0.9428093576681238
tware,engineering,0.9068056014862098
tware,2004,0.9030828986634098
tware,563,0.8978849568445113
tware,572,0.8971444996918531
tware,software,0.8939846383815542
tware,may,0.8929494209413248
tware,ware,0.8912336078130051
tware,conference,0.8899130911173843
analyst,analysts,0.9823100527461708
analyst,pilot,0.9822494008146843
analyst,recall,0.9818270165458467
analyst,precision,0.9812487277401472
analyst,factors,0.9700099483280267
analyst,expertise,0.9696744086223605
analyst,senior,0.9671006188249437
analyst,trace,0.9628994302495113
analyst,affect,0.9622685058857515
analyst,tracing,0.9590644207489152
sys,structure,0.970933686156626
sys,tem,0.9698376332712947
sys,between,0.9687100993062734
sys,strong,0.968653669145497
sys,depicted,0.9679502654436971
sys,coupling,0.9661344070712272
sys,modules,0.9659321967311725
sys,module,0.9659003172263647
sys,see,0.9646123570352
sys,we,0.9626844180619138
distance,similarity,0.9710660584535503
distance,series,0.9601464008968594
distance,similarities,0.9570934652927894
distance,recognition,0.9554652459250254
distance,threshold,0.9509414509788359
distance,application,0.9493595207765939
distance,obtain,0.9484683176778638
distance,computed,0.9482771409318489
distance,euclidean,0.9479749326607603
distance,similar,0.9470228008417453
precision,recall,0.9974274374581416
precision,analysts,0.9850340582414778
precision,pilot,0.9816881843879639
precision,analyst,0.9812487277401472
precision,senior,0.9785611080561134
precision,trace,0.9784319231810232
precision,candidate,0.9739889565125389
precision,tracing,0.9725123439340617
precision,affect,0.9718990810153746
precision,factors,0.9708034280935878
location,example,0.9731555870750425
location,following,0.9713035824922032
location,when,0.9712817126832333
location,multiple,0.9709751378301452
location,that,0.9699231763017588
location,if,0.9697467300425147
location,where,0.9687655111208419
location,we,0.9686086639374445
location,all,0.9685022398362806
location,need,0.9683025169902142
queries,query,0.9800823425871512
queries,entities,0.971491306756712
queries,authors,0.9640694816340047
queries,stored,0.962593992594062
queries,want,0.9603219037697311
queries,modi,0.9590500436987912
queries,les,0.9584190351781059
queries,directly,0.9558037108433471
queries,represent,0.9546660616400777
queries,set,0.9545663182196331
document,keywords,0.9741203415247549
document,term,0.9741134858324577
document,documents,0.9724716373232082
document,mine,0.9716331208808254
document,around,0.9686520574979813
document,pre,0.9680903836248647
document,concept,0.9673661589067994
document,technique,0.9663810724126702
document,ers,0.9661456646164509
document,concepts,0.9656545879393512
period,observation,0.9705434007307474
period,show,0.9676210069791049
period,over,0.9675086372407389
period,long,0.9669815254451681
period,change,0.9653681550290615
period,during,0.9648386561470734
period,history,0.9647671714677803
period,were,0.9643473797180626
period,time,0.9643397829657154
period,external,0.9633840871904654
releases,history,0.9824331242608116
releases,release,0.9761720125985687
releases,et,0.9754594389441587
releases,change,0.9751079130256346
releases,within,0.9743937800840299
releases,identify,0.973484556307727
releases,over,0.9732311140735972
releases,several,0.9729198960243658
releases,further,0.9717369566071172
releases,these,0.9707838845865949
representation,similar,0.9689009382247902
representation,original,0.9686680906284577
representation,application,0.9682994724272808
representation,representations,0.9661816587708595
representation,considered,0.9651304812146604
representation,applied,0.9641462815282567
representation,files,0.963799651113674
representation,time,0.9637047015941227
representation,first,0.9626617760837356
representation,computed,0.9615784018324631
000,identi,0.9695602398818728
000,technique,0.9683535423486278
000,works,0.9677926840137817
000,around,0.96684952844445
000,small,0.9657442038334961
000,operating,0.9657229201197934
000,keywords,0.9651234088029349
000,sec,0.9639977249816722
000,them,0.9636289885628261
000,since,0.9627916401310888
properties,determine,0.974849474946843
properties,kind,0.9727590683055529
properties,such,0.9715438108501118
properties,need,0.9714069637162512
properties,multiple,0.9713643212412306
properties,future,0.9711109036006833
properties,further,0.9707830470745484
properties,has,0.9706809932620657
properties,be,0.9703505170914279
properties,can,0.9702700463367597
directory,graph,0.9619086627562701
directory,shows,0.9594869454179367
directory,visualize,0.956293426249905
directory,di,0.9558132954203648
directory,structure,0.9556912638812853
directory,include,0.9555737431585488
directory,example,0.9553871527810334
directory,since,0.9547071685379047
directory,more,0.9542904722402421
directory,we,0.9541576983757236
elds,include,0.9577495452622563
elds,figure,0.9568632503445199
elds,report,0.9532665541091776
elds,either,0.953067940961918
elds,versions,0.9528715276697635
elds,values,0.9518408015333608
elds,form,0.9516383871476384
elds,two,0.9515630906874704
elds,types,0.9514657258863166
elds,or,0.9513286568995848
view,contain,0.9790492926871486
view,describing,0.9744188536536158
view,rather,0.9709292131933579
view,use,0.9708151602297445
view,describe,0.9706571100773114
view,work,0.9706016067496932
view,separate,0.9697077735055646
view,such,0.9696006594641654
view,provides,0.96954461425024
view,uses,0.9694323844275208
life,several,0.971051053801769
life,real,0.9693378367428434
life,could,0.968306875898914
life,can,0.9681448714420278
life,from,0.9676113567541557
life,time,0.9668498109805974
life,them,0.9667461261546137
life,every,0.9663164379973915
life,used,0.9662861862126115
life,given,0.9661223497135505
deleted,changed,0.9733016093236891
deleted,change,0.968020040007155
deleted,syntactic,0.9673124802422917
deleted,versions,0.9672921094540048
deleted,function,0.9672424371373343
deleted,diff,0.9660937121965458
deleted,functions,0.9660017724786456
deleted,types,0.9649165475988468
deleted,addition,0.964833452698814
deleted,programs,0.9641904564766984
sometimes,some,0.9813349372086465
sometimes,even,0.9807445030837325
sometimes,cases,0.9805514785027436
sometimes,problem,0.9793903951585725
sometimes,but,0.9774347621630245
sometimes,example,0.97741972413668
sometimes,could,0.9774152557012747
sometimes,not,0.9770718887094307
sometimes,have,0.976879854330134
sometimes,can,0.9766690156644434
trees,structurally,0.9772896630993606
trees,programs,0.9742391213854062
trees,versions,0.9666231007899115
trees,struct,0.9600104915266834
trees,variables,0.9598523168082427
trees,additions,0.9586199148790489
trees,implementation,0.9573621367604266
trees,functions,0.9568308757068626
trees,syntax,0.9567753620290931
trees,diff,0.9556442032114463
41,total,0.9619992143548323
41,found,0.9614539651422914
41,out,0.9596174866470074
41,table,0.958381923323631
41,did,0.9581611485979067
41,b,0.9580446689232769
41,were,0.9576652081830315
41,38,0.9572080077377738
41,i,0.9567050530870542
41,32,0.9566606705073899
german,ieee,0.9761992506629582
german,computer,0.9739109974511326
german,science,0.9738982813251129
german,hassan,0.9731824335864782
german,mockus,0.9712455264060564
german,september,0.9709842967340805
german,university,0.969528023482191
german,03,0.9681251051239177
german,k,0.9680675587153811
german,ca,0.9673743531684276
message,account,0.9664623014158273
message,link,0.9659297116264067
message,following,0.9650566777380326
message,transaction,0.9635837734180028
message,log,0.9603955767581149
message,con,0.9598853448947113
message,later,0.9595667575925388
message,contains,0.9591430823770944
message,xed,0.9566243233996898
message,bug,0.9562428961912834
operating,existing,0.976853284127621
operating,large,0.9734550944950042
operating,research,0.9706654334957375
operating,about,0.9689215981607318
operating,from,0.9682276697301917
operating,follows,0.9678839231038356
operating,so,0.9673852645890413
operating,since,0.9671857830779695
operating,understanding,0.9671841033684203
operating,using,0.9671204252615317
cations,into,0.9725357144853952
cations,same,0.9698491225564505
cations,we,0.9696175012546594
cations,it,0.9689280775899614
cations,more,0.9689213397196652
cations,di,0.9688330054947871
cations,from,0.9687896463323695
cations,are,0.968571203219516
cations,every,0.9683767262413574
cations,le,0.9683509285975962
comparison,different,0.976473684720972
comparison,since,0.9753406840032308
comparison,three,0.9752291722384661
comparison,from,0.9720054655138117
comparison,most,0.971977281935152
comparison,time,0.969889125249514
comparison,we,0.9698115721729621
comparison,are,0.969740583217334
comparison,very,0.9694499326788548
comparison,used,0.9694442194053191
describes,where,0.9797874514130684
describes,often,0.9795223518875831
describes,we,0.9781444069305598
describes,that,0.9776681301674173
describes,when,0.9775044432800255
describes,group,0.9773707530570295
describes,if,0.9772272113582272
describes,are,0.9768083367374916
describes,ex,0.9766355172321469
describes,be,0.9766141433507813
lack,questions,0.9738211208711953
lack,what,0.9698865848928975
lack,help,0.969466321463949
lack,their,0.9692428448385554
lack,speci,0.968350652002544
lack,about,0.9681687163796882
lack,testing,0.9678639553848143
lack,evidence,0.9669816541167774
lack,however,0.9669088679819118
lack,related,0.9667224726965724
obtained,application,0.9644994981886414
obtained,given,0.9631654798672216
obtained,possible,0.9629144947074213
obtained,real,0.962646478426249
obtained,cases,0.9616010279737011
obtained,identi,0.9610424621302835
obtained,including,0.9608975386095904
obtained,considered,0.960563952575016
obtained,them,0.9603243787704561
obtained,obtain,0.9598187506468718
recent,help,0.9807014816126216
recent,focus,0.9775392678187056
recent,management,0.974819920784182
recent,tools,0.9720780671698099
recent,potential,0.9713058281222293
recent,large,0.9711496868988037
recent,provide,0.9710922714048262
recent,about,0.9710775810707732
recent,through,0.9708187220375767
recent,related,0.9702430031620641
unit,test,0.9772898847333837
unit,snapshot,0.9741125628895686
unit,written,0.9675986226088684
unit,submit,0.9672908096071366
unit,lines,0.9650165090032156
unit,students,0.9648749711863813
unit,correlation,0.9645967658987264
unit,warnings,0.9638545436365675
unit,student,0.963783088264352
unit,tests,0.9614720072283833
bottom,third,0.9781014967454629
bottom,features,0.9720469618880703
bottom,students,0.9675793878253303
bottom,student,0.9659373937584075
bottom,normalized,0.964643133123126
bottom,166,0.9616387844062748
bottom,versus,0.9605714576701556
bottom,performance,0.960051289868155
bottom,was,0.9597198330748689
bottom,written,0.9564726205559992
comparing,different,0.9804937477183195
comparing,research,0.9799775712435619
comparing,from,0.9782056165292492
comparing,about,0.9779184442608448
comparing,can,0.9778590899237332
comparing,relevant,0.977251362166125
comparing,using,0.9770362025584873
comparing,time,0.9767323825565069
comparing,will,0.97663921746589
comparing,provide,0.9765945620380898
corresponding,cation,0.9740662345062159
corresponding,any,0.97353743281457
corresponding,correspond,0.9723121454145953
corresponding,some,0.971328785595823
corresponding,both,0.9706951495503822
corresponding,same,0.969918575697287
corresponding,have,0.9698708224402393
corresponding,it,0.9698204038789997
corresponding,le,0.9690508200392633
corresponding,into,0.9690139815204497
entire,well,0.9773513191505037
entire,out,0.9716986903868525
entire,work,0.9710721777677134
entire,also,0.9690865212532813
entire,these,0.9689155666862281
entire,suggest,0.9689013809040727
entire,do,0.9685655394096329
entire,their,0.9685288189115682
entire,are,0.9681778882693398
entire,it,0.9679641815997567
frequently,we,0.9822506694801534
frequently,most,0.982025313150376
frequently,has,0.9814983735725094
frequently,that,0.9813744169071219
frequently,or,0.9810479433660585
frequently,be,0.9807927363411576
frequently,are,0.9804261279329576
frequently,would,0.9803997760315782
frequently,when,0.980226465073115
frequently,how,0.9800699527511387
issue,however,0.9790723170875206
issue,possible,0.978214021747529
issue,also,0.9775485813093969
issue,there,0.9771613137016633
issue,should,0.9770776942748596
issue,related,0.9767815105001767
issue,their,0.9760886700395112
issue,but,0.976064091039434
issue,important,0.9760393073718925
issue,methods,0.9758638063713333
quite,suggests,0.9674504614139663
quite,identi,0.9657272003908268
quite,since,0.9650949285820498
quite,very,0.9647885852197537
quite,key,0.9646058381304872
quite,selected,0.9644087542500348
quite,clear,0.9642051406658767
quite,application,0.9638965684635042
quite,algorithms,0.9634441598352478
quite,time,0.9631307152079478
represented,graph,0.9736514822667255
represented,each,0.9721445470761054
represented,if,0.9719052027618429
represented,relationships,0.9708244553970039
represented,associated,0.9706429215799999
represented,such,0.9705993131388038
represented,only,0.9705810038321262
represented,then,0.9704264325325009
represented,set,0.9703893583838846
represented,into,0.9703683757568616
role,play,0.9762020265790927
role,developers,0.9730975523384254
role,devel,0.9724351500605961
role,users,0.9719007444945035
role,social,0.9690771642715923
role,roles,0.9672399138876366
role,projects,0.9653354626096065
role,peripheral,0.9649364092610498
role,learning,0.9648836705883381
role,project,0.9642044910554775
adding,detect,0.9790079542479877
adding,variables,0.9715499150614231
adding,global,0.9710963306451025
adding,functions,0.9695912365556689
adding,function,0.9686995479030212
adding,matching,0.9681700838942884
adding,versions,0.9681188998247225
adding,body,0.9663161233183286
adding,last,0.9659504536598573
adding,two,0.9640277987832803
ber,in,0.9590138872720435
ber,s,0.9577189862934434
ber,as,0.9574605815959166
ber,the,0.9530627391253764
ber,e,0.9528219437347276
ber,ing,0.952356707512041
ber,of,0.9522244875073573
ber,to,0.9513342421120992
ber,code,0.9509097051214227
ber,source,0.9497439596597034
discuss,use,0.9805019301947377
discuss,through,0.9802930559892142
discuss,work,0.9800268983422318
discuss,such,0.9799632584765368
discuss,describe,0.9797023142442566
discuss,these,0.9791409428458535
discuss,project,0.9787176248748883
discuss,com,0.977736397100389
discuss,can,0.977659053223591
discuss,techniques,0.9775911541838359
ftware,oftware,0.9484424189410872
ftware,tware,0.9439243870971852
ftware,2004,0.9188356833072042
ftware,engineering,0.9124324492514931
ftware,563,0.9102194504361538
ftware,572,0.9095708077936646
ftware,may,0.9091226082232619
ftware,ware,0.9051762678036259
ftware,software,0.9026577834586951
ftware,proceedings,0.8972866750265238
implemented,con,0.976237945278071
implemented,provides,0.9754168533683361
implemented,these,0.9749233725684858
implemented,such,0.9748202536282371
implemented,we,0.9745377022877024
implemented,be,0.9745234782840757
implemented,classes,0.9742779117099054
implemented,been,0.9741530370073761
implemented,into,0.9739136815402706
implemented,each,0.9737693629652525
larger,than,0.9812823569332976
larger,example,0.9805270870730156
larger,we,0.980493023655826
larger,see,0.9803181492025701
larger,be,0.9794035831299799
larger,such,0.9793617831717452
larger,that,0.9791343391491366
larger,only,0.9781919025705699
larger,x,0.978071404508796
larger,where,0.9778851828519087
oftware,ftware,0.9484424189410872
oftware,tware,0.9428093576681238
oftware,2004,0.9205159645619089
oftware,engineering,0.9146454941330094
oftware,may,0.9085384375566425
oftware,563,0.9085013601608667
oftware,572,0.9079821293538037
oftware,ware,0.9067747611979264
oftware,software,0.9043234961779714
oftware,conference,0.9003997187142919
subject,descriptors,0.9870306867161822
subject,introduction,0.9831413919533811
subject,categories,0.9784560851537965
subject,metrics,0.9778410933068867
subject,general,0.97618587363889
subject,management,0.9748328835076983
subject,abstract,0.9735355316267308
subject,large,0.9732080349536345
subject,how,0.9727667316284547
subject,these,0.9726861409660532
supertrace,pc,0.9750622367546415
supertrace,american,0.9255174395288657
supertrace,society,0.9190056883617824
supertrace,mechanical,0.901684327410249
supertrace,engineers,0.8989695980908414
supertrace,asme,0.887931259335733
supertrace,computers,0.8837974051899296
supertrace,symposium,0.8727091899450576
supertrace,energy,0.8564658544586581
supertrace,environmental,0.8486522316076452
true,set,0.9663574956199223
true,any,0.9656717919464288
true,given,0.9649332604726483
true,domain,0.9632054264070103
true,sets,0.9621576205785292
true,table,0.9616228766460234
true,all,0.9614925423801031
true,but,0.9614428583135424
true,there,0.9605867428939203
true,however,0.9603452583717937
netbsd,openbsd,0.9944668791450203
netbsd,freebsd,0.9914313796661645
netbsd,variants,0.9735419709642101
netbsd,logs,0.9669092988636707
netbsd,variant,0.9668423457708996
netbsd,onto,0.9628765643237653
netbsd,referenced,0.9609793645328188
netbsd,src,0.9529782569585633
netbsd,os,0.9519798061967915
netbsd,sub,0.9505957187858569
definition,define,0.974644670776083
definition,parameter,0.9701541105432651
definition,deletion,0.9689729200698183
definition,parameters,0.9648863271503827
definition,array,0.9635231086563902
definition,addition,0.9622927418279938
definition,splitting,0.9602524016841064
definition,taxonomy,0.9551775582340023
definition,return,0.9548055737507624
definition,pointer,0.953483365342507
snapshots,test,0.9744975723175556
snapshots,snapshot,0.9633964249824278
snapshots,allows,0.9604704157892814
snapshots,unit,0.9603054801036686
snapshots,warnings,0.9596035681693258
snapshots,individual,0.95837148321175
snapshots,easily,0.9553050041090352
snapshots,run,0.9545528395970371
snapshots,static,0.9524434057125162
snapshots,database,0.9506971713743162
45,33,0.972196626738419
45,34,0.9697008620315464
45,41,0.9466665020455814
45,55,0.9447526697681305
45,1,0.9394995874479846
45,35,0.9391980838337401
45,32,0.938101079550638
45,48,0.938008679823747
45,46,0.9349798720605356
45,2,0.933186472115095
category,section,0.9666865057480464
category,example,0.9610367732197098
category,memory,0.9591005509899021
category,shown,0.9577439702683275
category,where,0.957328482251911
category,interface,0.9571934495770806
category,like,0.9570559042023777
category,types,0.9566889069683784
category,categories,0.9562350289044048
category,if,0.95592589130801
decisions,best,0.9814288037033152
decisions,programmers,0.978065338837395
decisions,because,0.973907338254836
decisions,often,0.9722185865381163
decisions,would,0.9712174317319944
decisions,abstraction,0.9705032673750427
decisions,result,0.9696041144388208
decisions,refactoring,0.9683575232550583
decisions,many,0.9683207819335526
decisions,design,0.9682962702663875
39,see,0.9700445777023716
39,table,0.9694075959947964
39,shows,0.9664420237284785
39,x,0.9658388837938181
39,we,0.9655168994896818
39,whether,0.9651302046242132
39,section,0.9645211307318005
39,are,0.964125538120247
39,i,0.9635897257444852
39,presents,0.9634845391296067
define,definition,0.974644670776083
define,addition,0.9666148667598223
define,defined,0.9626205444651739
define,taxonomy,0.9618610756353764
define,function,0.961818112019484
define,kinds,0.9615979273563076
define,deletion,0.9605956044528909
define,kind,0.9601971907090396
define,types,0.9577332279048714
define,return,0.9565159346597993
now,example,0.9793239948086547
now,what,0.9774763311810196
now,such,0.9773037422864833
now,some,0.9764953734736272
now,its,0.9756183805838825
now,can,0.9753571313842607
now,that,0.9750124147825079
now,be,0.9748532184262515
now,need,0.9746725215507877
now,problem,0.9746038435260986
differences,be,0.9736401825156255
differences,such,0.9732844769159267
differences,so,0.9731548711964144
differences,also,0.9729708090154845
differences,time,0.97280046221138
differences,can,0.9724106446094201
differences,are,0.9721286978924522
differences,most,0.9719142929846158
differences,these,0.9718525723328655
differences,that,0.9716904938836035
includes,include,0.9736787969421064
includes,common,0.9725914937569041
includes,after,0.9701402799549756
includes,same,0.9700088281149601
includes,change,0.9688543586725274
includes,found,0.9684747980131279
includes,every,0.9680425365094143
includes,when,0.967923823583684
includes,di,0.9678624006456829
includes,all,0.9676953144069973
programmer,programmers,0.9817021918275293
programmer,often,0.9716645661461232
programmer,automatically,0.9694938000911622
programmer,remove,0.9690818551189824
programmer,because,0.9677849547240764
programmer,design,0.9659979688086122
programmer,consider,0.965866257024998
programmer,refactoring,0.9652462934517798
programmer,many,0.9645241700057139
programmer,describes,0.9641400466567462
required,these,0.9817559625004679
required,they,0.980463672350026
required,large,0.9804516994141949
required,use,0.9800091887936084
required,about,0.9800044185528308
required,techniques,0.9799541653306736
required,be,0.9796900486491317
required,general,0.9795058506456785
required,such,0.9792956743910058
required,can,0.9792519261986286
almost,more,0.9744173264079607
almost,100,0.9735788880113437
almost,over,0.9734363101532776
almost,used,0.9715239498787541
almost,we,0.9712665189804717
almost,than,0.9712276372868653
almost,it,0.9711901109830443
almost,well,0.9710530646951491
almost,thus,0.9702577334659184
almost,two,0.9702504043333837
defined,dimensions,0.9678925574059456
defined,approaches,0.966457034959155
defined,first,0.9663359508114194
defined,different,0.9631139576708563
defined,similar,0.9629121048411229
defined,most,0.9626845206575054
defined,define,0.9626205444651739
defined,are,0.9614970544521686
defined,further,0.9613812532976951
defined,its,0.9608105603137095
investigate,related,0.9732873984987611
investigate,further,0.9714091499693925
investigate,they,0.9706086067369755
investigate,how,0.970436794221921
investigate,that,0.9698438750458074
investigate,such,0.9696668535511749
investigate,need,0.9692263274036779
investigate,we,0.9692214849524363
investigate,these,0.9689146648876439
investigate,work,0.968831591535058
machine,term,0.9755110867083038
machine,key,0.9750214312196639
machine,algorithms,0.968309039088685
machine,human,0.9671122987196881
machine,around,0.9667685427662743
machine,too,0.9660634871377956
machine,concept,0.9658642418637695
machine,ers,0.964450639002294
machine,keywords,0.9639922809741985
machine,experience,0.9632470352359119
obtain,allow,0.9730407058745729
obtain,among,0.9715164106210569
obtain,similar,0.9709354328510447
obtain,results,0.9704102510244454
obtain,possible,0.9702397209583546
obtain,application,0.969394701114616
obtain,also,0.9685977446168615
obtain,first,0.9684465761307834
obtain,allows,0.9672768594822352
obtain,it,0.9670154842988454
person,identities,0.990077172150662
person,actor,0.9894128534932605
person,actors,0.9851159632924632
person,identity,0.9849253737795118
person,mail,0.9808365149149705
person,username,0.97530017790455
person,veri,0.9656411519614091
person,privacy,0.9608393432989657
person,persons,0.9605446231120097
person,matches,0.9596545211481811
represent,time,0.9749934372097563
represent,it,0.9732252598063338
represent,order,0.9726461467510079
represent,stored,0.972253710175677
represent,into,0.9718790767298167
represent,given,0.9716505618651989
represent,its,0.9714212341292531
represent,there,0.9713557263202632
represent,will,0.9713273341196058
represent,their,0.9711624841011113
works,applying,0.9752711128833326
works,large,0.9742165036826211
works,experience,0.9736671106123584
works,follows,0.9734248596540636
works,method,0.9733681925278979
works,among,0.9727696507606509
works,research,0.9721516453414902
works,projects,0.9718966385917337
works,related,0.9713838533049577
works,importance,0.9713280918321028
1977,675,0.9993517595766435
1977,664,0.9965491935530468
1977,tu,0.9939757976375911
1977,godfrey,0.9859732272594892
1977,integrated,0.9761681954716679
1977,studying,0.9623644575591888
1977,architectural,0.9616054920779536
1977,intl,0.9441602617455637
1977,q,0.9396215201942322
1977,comprehension,0.9241760943759602
discussion,need,0.9772499109884276
discussion,can,0.976953421887817
discussion,such,0.9767554914954772
discussion,use,0.9761063970412938
discussion,some,0.9756598543297048
discussion,these,0.9755428291562933
discussion,describe,0.9754187541575661
discussion,future,0.9752466311899562
discussion,tools,0.9751537975833823
discussion,be,0.9748728564638565
ge,programmers,0.9507621269132247
ge,least,0.9441263133107995
ge,abstraction,0.9433208210789097
ge,consistently,0.9403640556004871
ge,clone,0.939492502435664
ge,programmer,0.9388833429843075
ge,remove,0.9360068585091408
ge,component,0.9355891107486092
ge,extractor,0.9349789101547392
ge,consistent,0.9340893403319144
investigated,particular,0.9770058016690071
investigated,we,0.9769124446921162
investigated,how,0.9765857271167175
investigated,between,0.9765279608171903
investigated,that,0.9756962740032593
investigated,well,0.9755787472910495
investigated,be,0.9753398156946327
investigated,have,0.9748518847391503
investigated,each,0.9743641329376302
investigated,used,0.9743613666051647
methodology,projects,0.9660203654806877
methodology,general,0.9658157122649058
methodology,research,0.9648598401209749
methodology,studies,0.9642030831748937
methodology,measurement,0.9634414894818877
methodology,about,0.9627815525584864
methodology,introduction,0.9618733321322618
methodology,project,0.9618550301059905
methodology,sources,0.9617871560691784
methodology,large,0.9613645188472475
supports,large,0.9826351473452624
supports,use,0.9813145383945543
supports,both,0.981136021075549
supports,about,0.9810050920926101
supports,from,0.9806673376580772
supports,such,0.9805372078344322
supports,it,0.9797327032754618
supports,can,0.9796499210901515
supports,these,0.9793956588684034
supports,are,0.9792372488448572
mr,mrs,0.9874674845958943
mr,author,0.9646788810950344
mr,subset,0.9613238290002223
mr,authors,0.9572760464775126
mr,wise,0.9497053464192491
mr,scs,0.946373473767069
mr,vertices,0.9444688394583943
mr,ter,0.9443537644398847
mr,element,0.9429889873337972
mr,scql,0.9429392725635424
srs,covered,0.9815043458265962
srs,practitioners,0.973531204248296
srs,sr,0.9729550194073212
srs,agile,0.9707590812359856
srs,sr1,0.9691120389427227
srs,websites,0.964741231143248
srs,ndings,0.9630716612773413
srs,review,0.9623589732904132
srs,sr2,0.9614940030235819
srs,sr3,0.9594299211046826
cepstrum,lpc,0.9971512646845642
cepstrum,spectral,0.989762354366095
cepstrum,coefficients,0.9859993445554023
cepstrum,signals,0.9813379738783106
cepstrum,recognition,0.9801536217368276
cepstrum,signal,0.9777662525696724
cepstrum,series,0.9765134003153457
cepstrum,cepstra,0.9658306404641994
cepstrum,representations,0.9645204782763361
cepstrum,distortion,0.9609931320195242
dsu,openssh,0.9818015958138429
dsu,vsftpd,0.9724353502757732
dsu,grams,0.9603942908345847
dsu,prototypes,0.9599995447136966
dsu,dele,0.9565390918264136
dsu,programs,0.9554010725853572
dsu,additions,0.9540451531313814
dsu,frequent,0.9537302692519863
dsu,lifetime,0.9527294390551748
dsu,delete,0.9526642778158159
threshold,computed,0.9664782441437203
threshold,similarity,0.9621375817763415
threshold,selected,0.9597856598076309
threshold,less,0.9563895452618103
threshold,quite,0.9552741648842484
threshold,application,0.9532374015449605
threshold,compare,0.9532311839905305
threshold,deemed,0.9511709441374212
threshold,distance,0.9509414509788359
threshold,similar,0.9505090696496834
trace,analysts,0.9796166535274338
trace,precision,0.9784319231810232
trace,recall,0.9778090357254366
trace,tracing,0.973497409145436
trace,pilot,0.9718593048179964
trace,candidate,0.970440472331241
trace,senior,0.9699912004076157
trace,analyst,0.9628994302495113
trace,modis,0.9601692332454759
trace,familiar,0.9575820643095931
mail,person,0.9808365149149705
mail,username,0.9745492109083582
mail,address,0.9743593355017837
mail,identities,0.9715187965057699
mail,actor,0.9706713174350388
mail,identity,0.9683129001728974
mail,veri,0.9617567182778524
mail,versioning,0.9615174328637682
mail,matches,0.9594569164794577
mail,addresses,0.9586222702694956
ow,ed,0.9671438757694141
ow,we,0.9656491964756754
ow,i,0.9655864286238598
ow,related,0.9644945248886938
ow,by,0.9642092452985025
ow,from,0.9641766369811272
ow,are,0.9639044138761913
ow,were,0.9635209877090823
ow,work,0.9633414314119574
ow,between,0.9631274936652955
libre,gnome,0.9720522866846564
libre,mailing,0.9610303377647016
libre,reposito,0.959484539464658
libre,anonymized,0.950432243873867
libre,sources,0.9494371383355035
libre,identities,0.9446619863440384
libre,foundation,0.9443141348863161
libre,der,0.943677375447878
libre,purposes,0.9404595054123299
libre,changelog,0.9402479669465449
33,34,0.9766484072248873
33,45,0.972196626738419
33,46,0.9473760597208623
33,36,0.9443031155693491
33,55,0.9404408812956752
33,1,0.9395144392849043
33,41,0.9374054814439227
33,32,0.9370365878156994
33,51,0.9355593358468789
33,01,0.9352351822587155
functionality,called,0.9803142366513122
functionality,pattern,0.9742130494488311
functionality,instances,0.9716538915555077
functionality,involved,0.969322583059111
functionality,patterns,0.9686604089117552
functionality,after,0.9660287574466251
functionality,calls,0.9646658131826271
functionality,handling,0.9608438526385117
functionality,internal,0.9591630870686685
functionality,searching,0.9590679858229751
word,around,0.9724461598258075
word,term,0.9677605669221072
word,pre,0.9666963509888895
word,document,0.9632481548069884
word,grouping,0.9623960007262145
word,keywords,0.9615267995589991
word,concept,0.9608531610021905
word,root,0.9607646308087727
word,ers,0.959511894174278
word,keyword,0.9578412295610106
algorithms,term,0.9718260078660932
algorithms,machine,0.968309039088685
algorithms,key,0.9680003128844548
algorithms,method,0.9658841439909911
algorithms,technique,0.9652412184841879
algorithms,around,0.9648150907051074
algorithms,suggests,0.9643353024350214
algorithms,ers,0.9638330548624161
algorithms,quite,0.9634441598352478
algorithms,works,0.9634100695344692
factors,affect,0.9754889909130242
factors,recall,0.9709688414454999
factors,precision,0.9708034280935878
factors,analyst,0.9700099483280267
factors,right,0.966290417659888
factors,factor,0.9653966937429992
factors,expertise,0.9652130921092728
factors,establish,0.9596808819826931
factors,produced,0.9595575057898801
factors,nal,0.9562224170654472
bodies,asts,0.9768044125561886
bodies,maps,0.9746760167958082
bodies,bijection,0.9719738446275755
bodies,renamings,0.95859647989013
bodies,additions,0.9556864009582281
bodies,encounter,0.9555466782427955
bodies,ast,0.9555121737707746
bodies,parallel,0.9543812519342026
bodies,sb,0.9539564323858062
bodies,counter,0.9536769618720224
free,collaborative,0.9773671014389567
free,analyses,0.9723689931654246
free,collection,0.9680581096584383
free,comparable,0.9644430720870327
free,develop,0.9644239552268175
free,publicly,0.9640618323689938
free,share,0.9623809223022826
free,portland,0.9621526805827896
free,collected,0.9603238004510879
free,school,0.9602772783559194
ments,contains,0.9643859861111859
ments,as,0.9635336070813849
ments,point,0.9613124010018719
ments,often,0.9592339403292369
ments,because,0.9591957601590995
ments,task,0.9588963179256017
ments,shown,0.9575141576674076
ments,text,0.956932507112237
ments,contain,0.9567693742688624
ments,uses,0.956717547838136
observation,change,0.9747174322229617
observation,between,0.9724469651057668
observation,over,0.9705983525060167
observation,period,0.9705434007307474
observation,show,0.9700678750253273
observation,x,0.9684123887145807
observation,were,0.9679863602476504
observation,we,0.9674794879988196
observation,two,0.9671660607144479
observation,frequently,0.9669747802442772
vsftpd,openssh,0.9929225508260147
vsftpd,lifetime,0.9775713668174368
vsftpd,dsu,0.9724353502757732
vsftpd,apache,0.9612018603083597
vsftpd,bind,0.9592477858257351
vsftpd,updating,0.9551773432348577
vsftpd,programs,0.9544080726445541
vsftpd,running,0.9531637771810194
vsftpd,whose,0.9530425561316306
vsftpd,kernel,0.9516088062707349
archive,bugzilla,0.9746326973188599
archive,mozilla,0.9658202969328198
archive,additionally,0.9641951237483473
archive,inducing,0.963466643750209
archive,later,0.9608371675966652
archive,x,0.9606233792884249
archive,show,0.9603281710883917
archive,archives,0.9591694191670133
archive,log,0.9591059948347803
archive,locate,0.958857709559207
correspond,relationships,0.9765996993350894
correspond,graph,0.9764180855380638
correspond,erent,0.9760741105465285
correspond,same,0.9747520416206437
correspond,corresponding,0.9723121454145953
correspond,di,0.9704898482816846
correspond,le,0.9698281837965508
correspond,author,0.9695943859651968
correspond,into,0.969262336250847
correspond,set,0.9689373664541228
describing,contain,0.9761076625168486
describing,work,0.9753478817871636
describing,use,0.9751474725434437
describing,view,0.9744188536536158
describing,describe,0.9741842788045041
describing,what,0.9741341250318485
describing,such,0.9737227398859178
describing,they,0.9730688327649599
describing,future,0.9726930386022412
describing,can,0.9726825413978715
goals,provide,0.9709023235058398
goals,project,0.9681798295840638
goals,projects,0.9676329910402719
goals,designed,0.9667420399642498
goals,collect,0.966619435635377
goals,reducing,0.9658623551477663
goals,research,0.9652033648185716
goals,develop,0.9651706653642309
goals,efforts,0.9649676207594406
goals,about,0.9643668115125905
state,these,0.9800926450433953
state,been,0.9776130345211971
state,identify,0.9776130158789642
state,such,0.977296489403531
state,be,0.976990464817812
state,repository,0.9768637811356577
state,describe,0.9765345405121819
state,et,0.9761818324662557
state,has,0.9757781670191175
state,they,0.9754717137335487
34,33,0.9766484072248873
34,45,0.9697008620315464
34,55,0.9556268471896473
34,37,0.9536314862927098
34,32,0.9535859138965272
34,41,0.9468172342048939
34,48,0.9453968256893939
34,1,0.9440533386846142
34,35,0.9436956462897674
34,52,0.9414418802030899
account,following,0.9753776943997858
account,same,0.9752815954002085
account,into,0.9751910625903244
account,we,0.974171509224271
account,have,0.973619854542663
account,order,0.9734905883421372
account,set,0.9734617890757881
account,some,0.9733373822607885
account,only,0.972989204613709
account,example,0.9728436372063927
behavior,during,0.9782280624482249
behavior,work,0.9770805696807063
behavior,large,0.9765887858946203
behavior,they,0.9745801496796377
behavior,certain,0.9745554924504031
behavior,should,0.9744449639360758
behavior,about,0.9743005403661549
behavior,such,0.974004026107307
behavior,suggest,0.9739451244888937
behavior,these,0.9737603488161166
ca,work,0.9783082297116776
ca,use,0.9773570032615742
ca,these,0.976702068699435
ca,large,0.9761862378846942
ca,from,0.9757953351354678
ca,using,0.9755481291490908
ca,are,0.9755401785594915
ca,about,0.9755049272067372
ca,first,0.9754582374955574
ca,can,0.974880664037593
cross,works,0.9613902891301922
cross,human,0.9609776265636272
cross,co,0.9585296232714744
cross,around,0.9566531345025574
cross,develop,0.9558472710378171
cross,ers,0.9550647825034981
cross,attributes,0.9539802854570588
cross,tools,0.9538600656553282
cross,although,0.9533333223167395
cross,consists,0.9529394337639405
devel,developer,0.977453101023466
devel,developers,0.976370189269757
devel,role,0.9724351500605961
devel,opers,0.9716642730980599
devel,project,0.9673685053191223
devel,few,0.9645970473057354
devel,users,0.9645898414153294
devel,projects,0.9636420872791631
devel,social,0.9632068660374067
devel,discussions,0.963145263992502
mined,tools,0.9749611415644276
mined,important,0.9733031533903241
mined,help,0.9700335890972425
mined,terms,0.9689148523045112
mined,useful,0.9689110880651289
mined,technique,0.9683106105256228
mined,discussion,0.9680755014845474
mined,provide,0.967163237413267
mined,dif,0.9668730835525994
mined,potential,0.9666423080716062
47,36,0.9764904813222641
47,46,0.9712262737963235
47,61,0.9682811391194892
47,66,0.9678364628652253
47,77,0.9674581154681047
47,72,0.9661696437250875
47,71,0.9649247459922698
47,63,0.964295513251197
47,79,0.9611962392515797
47,59,0.9596042399932745
actual,such,0.980616904101957
actual,also,0.9800973287507212
actual,from,0.9792882588961338
actual,can,0.9792012540994717
actual,be,0.9788728625698819
actual,it,0.9786064062504187
actual,into,0.978521004673731
actual,these,0.9780710810983048
actual,that,0.9778876155308889
actual,some,0.9778456879573688
basic,first,0.9763629079581013
basic,be,0.9763526249867478
basic,both,0.9763272699854534
basic,will,0.9759261348184238
basic,are,0.9758772583928318
basic,these,0.9757998592069963
basic,also,0.9753341584293909
basic,it,0.9753018800641495
basic,or,0.9751264650764337
basic,has,0.9746118060596389
fix,later,0.9690390808350662
fix,x,0.9646729617186622
fix,xed,0.9617953263003933
fix,link,0.9571635667039353
fix,change,0.956446296325159
fix,following,0.9559506692767539
fix,location,0.9558270421695843
fix,semantic,0.9538034156647668
fix,bug,0.9527536552607704
fix,additionally,0.9526693097538133
gure,tend,0.9637405129821495
gure,relationship,0.9636902755412937
gure,represents,0.9598525342396003
gure,third,0.956144463218432
gure,figure,0.9557757615996132
gure,nodes,0.9555989889680976
gure,graphs,0.9553225185920384
gure,graph,0.9552336270041542
gure,total,0.9549877616187483
gure,much,0.9546463967281187
infer,performing,0.9692253540213777
infer,described,0.9580315879564674
infer,sometimes,0.9569301896061144
infer,cases,0.9568012666438381
infer,some,0.9548765712073891
infer,cation,0.9542104865951089
infer,com,0.9531538937029577
infer,tracking,0.9524394095006407
infer,issues,0.9524254855156156
infer,depends,0.952181271369493
steps,quality,0.9681862275071318
steps,six,0.96386005192122
steps,opportunity,0.9622118426412449
steps,questions,0.9604135674142155
steps,aspects,0.9583643971479796
steps,help,0.9559086652611933
steps,related,0.9558368548817082
steps,improve,0.9554734211677298
steps,answer,0.9553364905391665
steps,achieve,0.9549663603357326
close,pattern,0.9566143935702798
close,called,0.9564175737085913
close,after,0.9553848434693548
close,simple,0.9541407183671027
close,instances,0.95307863883729
close,between,0.9527526671679192
close,times,0.9510202758282589
close,calls,0.9505967563327202
close,similar,0.9497269189972317
close,patterns,0.9486945525414423
considering,speci,0.9743087509172423
considering,however,0.9698279896444866
considering,who,0.9677852854664732
considering,tools,0.9663685729992165
considering,part,0.9654587207822409
considering,about,0.9654120103065362
considering,help,0.9645828094923306
considering,use,0.9645684661987832
considering,issues,0.9644555242150863
considering,work,0.9644384273736455
detected,detect,0.96949685001457
detected,changed,0.9692619908163851
detected,reported,0.9692591224221198
detected,classes,0.9668910590324202
detected,versions,0.9661227824706701
detected,change,0.9660724161252184
detected,common,0.9643399279887186
detected,two,0.9636395388869771
detected,introduced,0.960989508941623
detected,500,0.9573597661447836
either,include,0.9712852830386665
either,two,0.9708637882625906
either,form,0.9706314107221401
either,names,0.968386222886835
either,if,0.967107739129681
either,figure,0.9669282925787865
either,after,0.9663377405973355
either,types,0.9657235633996281
either,each,0.9655260090944048
either,function,0.9655173592052047
evolve,changing,0.9636322575697223
evolve,consider,0.9628464550761626
evolve,automatically,0.9609223578919099
evolve,programmers,0.9605544272718163
evolve,versions,0.9602098095991102
evolve,initial,0.9596180382026096
evolve,two,0.9587456210211274
evolve,common,0.9577019491667946
evolve,if,0.9575146523014182
evolve,design,0.9572528886807785
frequent,versions,0.9692869176658441
frequent,update,0.9660046049470667
frequent,over,0.9652845718280194
frequent,stable,0.9648639894491489
frequent,would,0.9641165428252669
frequent,programs,0.9620828284886427
frequent,two,0.9618831461487563
frequent,functions,0.9615595525394852
frequent,sign,0.9615476656380256
frequent,design,0.9610116817050658
importance,develop,0.973860232446397
importance,about,0.971650427867657
importance,works,0.9713280918321028
importance,projects,0.9709522185765946
importance,automated,0.9700781845218098
importance,speci,0.9694887048112562
importance,project,0.9692866335031264
importance,provide,0.9690009893496718
importance,however,0.968618943724425
importance,rich,0.9680672404502302
making,it,0.9733976964328359
making,have,0.9728917826781287
making,that,0.9725372695285494
making,be,0.9721436817112921
making,up,0.9717934107574231
making,all,0.9713883594259645
making,than,0.9712506960814853
making,each,0.9711638358792785
making,used,0.9710837470174869
making,their,0.9709783216639867
males,country,0.9952872392142169
males,italy,0.9854546479044299
males,male,0.9854538963966424
males,andrea,0.9848607011751436
males,germany,0.9833575288356378
males,spain,0.9817141278898048
males,countries,0.9795841123901803
males,usually,0.9772706343254878
males,females,0.9729324031536063
males,instance,0.9669391600970014
ning,to,0.9647514657262644
ning,ing,0.9557242029757831
ning,s,0.9544028800005235
ning,g,0.9535717703287783
ning,n,0.9526248923313261
ning,in,0.952065409539629
ning,ed,0.9519162545132402
ning,al,0.9515322640580567
ning,are,0.9513488264024135
ning,e,0.9502302949589523
lpc,cepstrum,0.9971512646845642
lpc,spectral,0.9887977074785226
lpc,coefficients,0.9858660795375956
lpc,signals,0.9829157880492867
lpc,cepstra,0.974644970455544
lpc,series,0.9738842045409168
lpc,recognition,0.971823678385631
lpc,signal,0.9687166199503846
lpc,euclidean,0.966801745659705
lpc,compact,0.9584550368129443
openbsd,netbsd,0.9944668791450203
openbsd,freebsd,0.9943768183205298
openbsd,variant,0.9609766706257157
openbsd,referenced,0.9600363252008319
openbsd,logs,0.9557325451895525
openbsd,variants,0.9546259859096166
openbsd,src,0.9494713673488451
openbsd,onto,0.9461559526786985
openbsd,os,0.9445455624697303
openbsd,closer,0.9429260747888422
running,sions,0.9691773902243824
running,updated,0.9628760686357642
running,ver,0.958709562954545
running,updating,0.9584207920277339
running,dynamic,0.9567753229889969
running,characterize,0.9567012511963024
running,safe,0.9553953567219515
running,over,0.9545078113385639
running,vsftpd,0.9531637771810194
running,show,0.9530109709937223
struct,union,0.9875576341403752
struct,enums,0.9758879730388341
struct,typedef,0.9676048763075454
struct,trees,0.9600104915266834
struct,declarations,0.9595454772252625
struct,additions,0.959288267782622
struct,typedefs,0.9522678688777434
struct,char,0.9452653570530971
struct,tree,0.9445829212050756
struct,deletions,0.9443219716911426
defects,six,0.9720681880029023
defects,reduce,0.9720393866696102
defects,place,0.9682990318197623
defects,opportunities,0.9650877747906135
defects,processes,0.9606210709757552
defects,management,0.9593795594477843
defects,opportunity,0.9589588820374517
defects,measurement,0.9576936269798643
defects,widely,0.9571873489226614
defects,dmaic,0.9566398303049433
snapshot,unit,0.9741125628895686
snapshot,submission,0.9702547356622897
snapshot,tests,0.9665316027747166
snapshot,test,0.9648707679054579
snapshot,snapshots,0.9633964249824278
snapshot,written,0.9569691643518781
snapshot,allows,0.9553534300479971
snapshot,lines,0.9547788781928255
snapshot,warnings,0.9545348051078915
snapshot,students,0.9541842037104985
core,certain,0.967971627439107
core,propose,0.9667821534077502
core,often,0.965884892652352
core,they,0.9646113137782557
core,least,0.9640553765946078
core,design,0.9638096186227488
core,many,0.9635991020027816
core,reveal,0.9635086407504019
core,because,0.9634251068136509
core,work,0.9630638317638559
documents,terms,0.9725626728630231
documents,document,0.9724716373232082
documents,pre,0.9654809921910276
documents,extracted,0.9643547237219884
documents,etc,0.9639842483943242
documents,method,0.9624724045455257
documents,section,0.9623745809699453
documents,technique,0.9614812048119338
documents,since,0.9610993545224547
documents,like,0.9607949974755352
co,developer,0.9708581505486595
co,among,0.9704741939873167
co,small,0.9703032843209691
co,developers,0.9699651744916892
co,although,0.9677585795207742
co,projects,0.9663311917118469
co,few,0.9652774601887298
co,only,0.9639102040799395
co,project,0.9635685309578262
co,group,0.9630121075842649
oss,networks,0.9812918670890514
oss,social,0.9686848480824778
oss,graphmania,0.9671231838554628
oss,filtering,0.9636554976849412
oss,members,0.960799666393392
oss,collaborative,0.9601992292785171
oss,ltering,0.9577936029175157
oss,naist,0.9534124090850699
oss,solving,0.9515978169004806
oss,sharing,0.9491710374532512
tracing,trace,0.973497409145436
tracing,precision,0.9725123439340617
tracing,senior,0.9712866561723033
tracing,recall,0.9710569275642877
tracing,candidate,0.965545240113439
tracing,generated,0.9634304190472018
tracing,analysts,0.9626707788068006
tracing,requirements,0.961040463511477
tracing,analyst,0.9590644207489152
tracing,pilot,0.9568624919677093
consistently,clone,0.985639443548631
consistently,consistent,0.9831777784130264
consistently,clones,0.9830466585373574
consistently,programmers,0.9795863580678033
consistently,snippets,0.9784546490571081
consistently,cloning,0.9775896844788003
consistently,genealogy,0.9771420259630321
consistently,maintaining,0.9725034988928335
consistently,impose,0.9701294608883938
consistently,nealogy,0.9673276883996798
correlation,space,0.970294848055475
correlation,test,0.9673964506469265
correlation,was,0.966177445756748
correlation,unit,0.9645967658987264
correlation,features,0.9641772059900108
correlation,dent,0.9637004395781859
correlation,written,0.963513779739134
correlation,did,0.9624818582319233
correlation,lines,0.9623424384539212
correlation,out,0.9623248322692801
site,web,0.978368388670265
site,projects,0.9703600755868087
site,collected,0.9698111991862299
site,project,0.9693415845485078
site,users,0.9692891255519782
site,provide,0.9685045464179698
site,researchers,0.9658636981379418
site,designed,0.9634015447616542
site,communities,0.9626727664402517
site,rich,0.9622670837550817
tree,ast,0.9746010308060471
tree,variables,0.9607098470796824
tree,global,0.9589309595044858
tree,additions,0.9565284801242286
tree,versions,0.9551166904511283
tree,asts,0.9551078136230281
tree,partial,0.954395283870122
tree,reported,0.9539177368829752
tree,matching,0.95371572540128
tree,typedefs,0.953220945055816
55,34,0.9556268471896473
55,45,0.9447526697681305
55,33,0.9404408812956752
55,37,0.9375010463208395
55,44,0.9351467280879662
55,shows,0.9330879688636149
55,x,0.9274009067206705
55,sizes,0.9273524587754863
55,average,0.9272997789823172
55,2,0.9272147973535438
bsd,variants,0.9871389379181172
bsd,logs,0.9605430199794911
bsd,onto,0.9571270989277599
bsd,arti,0.9570453868131781
bsd,products,0.9537934691490275
bsd,structure,0.9496627584816905
bsd,representative,0.9492457121658269
bsd,netbsd,0.9491980603236276
bsd,indicating,0.9468956711708356
bsd,variant,0.9465793861038738
edges,edge,0.9796090658667811
edges,nodes,0.9644166370579204
edges,attributes,0.9640639807599966
edges,graph,0.9611889565365288
edges,you,0.9546784324591687
edges,correspond,0.9528624833920906
edges,co,0.951594770137381
edges,network,0.9511912958571594
edges,requests,0.9507849859956199
edges,node,0.9507336638185718
followed,do,0.9619589347903634
followed,well,0.9618004969112801
followed,lines,0.9617744451461112
followed,only,0.9608700943193265
followed,were,0.960456792160832
followed,very,0.95983843550774
followed,did,0.9595103961103453
followed,written,0.9594564897601425
followed,particular,0.9592873622322053
followed,contain,0.9592384660179778
principles,ieee,0.9657761194302392
principles,2nd,0.963623799162473
principles,design,0.961820661819417
principles,an,0.9616317768260589
principles,i,0.9612103973213393
principles,implementation,0.9607468867472994
principles,supported,0.9603087220073221
principles,icsm,0.9598899709090917
principles,science,0.9598657403726045
principles,september,0.9593126682648037
record,database,0.9736703013159338
record,records,0.973514212054131
record,stored,0.9721374100755544
record,store,0.9716576547751952
record,commit,0.9707530331123282
record,multiple,0.9703665078019252
record,repository,0.969695689460004
record,rather,0.9674758140997248
record,made,0.9665442576514875
record,history,0.9649329233447601
too,key,0.9768332821501071
too,identi,0.9724925157951914
too,language,0.9695327258299875
too,ers,0.9688233100668255
too,very,0.9683435651211159
too,etc,0.967752701256025
too,technique,0.967458580762308
too,section,0.9668422647537611
too,like,0.9667813721241478
too,pre,0.9663753730672215
xed,later,0.9732982781515527
xed,con,0.9705118146343596
xed,link,0.9703118627287262
xed,x,0.9694815977935043
xed,contains,0.9660101637197458
xed,thus,0.9618628093435329
xed,fix,0.9617953263003933
xed,bug,0.9614715146017525
xed,following,0.960370851695751
xed,been,0.9603300030238309
along,extracted,0.9774208241631135
along,what,0.9771580198614913
along,results,0.9771094271863101
along,work,0.976664280874785
along,however,0.9762200044220326
along,their,0.9758093335453166
along,by,0.9757914119392426
along,being,0.9752064055984836
along,very,0.9749207281004721
along,it,0.9748475653905282
communities,rich,0.9686746474081178
communities,develop,0.9683402177053992
communities,collected,0.9675118071109094
communities,people,0.966749675277716
communities,users,0.9650537281711868
communities,collaborative,0.9642990210242675
communities,site,0.9626727664402517
communities,researchers,0.9624847197367572
communities,social,0.9609971579909846
communities,projects,0.9609203495317487
internal,parts,0.9809066074883169
internal,patterns,0.9737695368364956
internal,within,0.9719965458228415
internal,together,0.971453061915834
internal,change,0.9705779753061214
internal,introduced,0.9701644710678435
internal,often,0.9701007011094354
internal,when,0.9694790205152043
internal,apply,0.9690822682052225
internal,identify,0.9683055557767366
remove,programmers,0.9756976299472702
remove,refactoring,0.971582716196713
remove,programmer,0.9690818551189824
remove,consistently,0.9634141794597358
remove,automatically,0.9609581502697343
remove,abstraction,0.960141773619571
remove,editing,0.9599667066704652
remove,clone,0.9591039772082279
remove,consistent,0.9568185643637561
remove,decisions,0.9563094972599412
conclusion,projects,0.9769505530540643
conclusion,work,0.9769396475816732
conclusion,about,0.9765766255812016
conclusion,large,0.9759528821020661
conclusion,also,0.9755195108342394
conclusion,their,0.9753060155379605
conclusion,however,0.9751467063010464
conclusion,such,0.9746950205558551
conclusion,project,0.9744560379833196
conclusion,use,0.9742335878223647
details,rather,0.9742947475195836
details,database,0.974275716878724
details,made,0.9709113487170118
details,these,0.9684697647219235
details,repository,0.9679760887638462
details,use,0.9674909722681859
details,about,0.967123375219402
details,date,0.9666861368151503
details,part,0.9664636315515147
details,their,0.9660494497820578
erence,e,0.9488947295446708
erence,n,0.9483151262007904
erence,ing,0.9482270652853766
erence,tions,0.946773764789422
erence,on,0.9453484811900688
erence,al,0.9448941058385356
erence,in,0.9440262399946882
erence,g,0.9438989342078787
erence,l,0.9425712207011977
erence,ning,0.941961669160434
having,than,0.9792690635082348
having,could,0.9774103083996826
having,all,0.9772805684980294
having,we,0.9767388576619583
having,used,0.9760931992596728
having,that,0.9759709480766553
having,it,0.9759665163807312
having,more,0.9755250279628875
having,are,0.97547137253962
having,has,0.9753593789023308
interest,general,0.9720619065778215
interest,required,0.9694506701060548
interest,research,0.967018613528354
interest,practical,0.9627608510043579
interest,projects,0.961802596061157
interest,about,0.9614280134129276
interest,will,0.9611416254635308
interest,known,0.9610887649544824
interest,so,0.9608927276071224
interest,techniques,0.9598572822390103
models,model,0.9775456915808778
models,time,0.9755458580043757
models,first,0.9730459312454546
models,approaches,0.9721753664600954
models,from,0.9711427138478606
models,proposed,0.9703738557769611
models,applied,0.9702614731684504
models,it,0.9702204611847188
models,ability,0.9698538615476008
models,large,0.9698108401906644
records,commit,0.9770480397874893
records,they,0.9762014455726367
records,these,0.9741718934559503
records,identify,0.9741020478715512
records,repository,0.9740050819520838
records,into,0.9737933816479067
records,provides,0.9736614250102895
records,multiple,0.9735209678664093
records,record,0.973514212054131
records,how,0.9729253890991051
reveal,et,0.9797432128538097
reveal,several,0.9775447210186452
reveal,often,0.9775073492448261
reveal,they,0.9772068722105673
reveal,related,0.9765157905510444
reveal,how,0.9751218428353758
reveal,identify,0.9751138120528569
reveal,propose,0.9746096372718569
reveal,history,0.9744232283685628
reveal,work,0.974287893436066
bad,refactoring,0.9776921126553441
bad,fowler,0.9695439525289136
bad,apply,0.9679183925246053
bad,design,0.9638111158627829
bad,consider,0.9629410863045317
bad,detecting,0.9624757516016593
bad,parts,0.962468678361482
bad,enables,0.9621328507503264
bad,often,0.9614391900047499
bad,ective,0.960598266160965
computed,threshold,0.9664782441437203
computed,representation,0.9615784018324631
computed,quite,0.9568148252937095
computed,application,0.9552942364026513
computed,similar,0.9551103142725064
computed,similarity,0.9536564229591964
computed,size,0.9517294399125276
computed,far,0.9507072208939102
computed,clear,0.9500542220829449
computed,series,0.9498132270245968
eight,kinds,0.9690287319638153
eight,kind,0.9684530157467872
eight,observed,0.9676202477502813
eight,common,0.9674620684053048
eight,function,0.9644457500669164
eight,change,0.9643584566493923
eight,indicates,0.9624231730440969
eight,patterns,0.9620060839667459
eight,determine,0.9596795240133911
eight,addition,0.9596657065271571
experiment,machine,0.9599834948487795
experiment,key,0.959223684114074
experiment,around,0.9561522431184379
experiment,produced,0.9560525268631552
experiment,preliminary,0.9560211211790575
experiment,human,0.9557350740273506
experiment,precision,0.953317408289067
experiment,recall,0.9529675197385516
experiment,hypothesis,0.9520076129279889
experiment,too,0.9519385271893329
external,within,0.9755165859749094
external,easily,0.9738040591265861
external,work,0.9730132728328691
external,these,0.9728414240413947
external,during,0.9723178188865076
external,parts,0.9722619990875837
external,were,0.972169800628558
external,into,0.971853070453719
external,such,0.9716566286978509
external,they,0.9714307027070417
infrastructure,computer,0.969675845867163
infrastructure,science,0.9687957761063166
infrastructure,supported,0.967691402787308
infrastructure,database,0.9633401127642178
infrastructure,work,0.9627134550249611
infrastructure,help,0.9622159506887351
infrastructure,part,0.9617210118609282
infrastructure,activities,0.9616760096242287
infrastructure,about,0.9615910895434711
infrastructure,web,0.9613123768858779
just,many,0.975597990332054
just,also,0.9754374494048061
just,some,0.9751406910421652
just,use,0.9750425829316862
just,developers,0.9747414040705331
just,can,0.9744007701707942
just,projects,0.9733334207684234
just,even,0.9732648986094035
just,through,0.9732000373946841
just,part,0.9731685864549123
take,but,0.9744139320317649
take,both,0.9738807235382572
take,there,0.9735071290643853
take,not,0.9723808182284341
take,it,0.9721110019569891
take,also,0.9720182967198324
take,their,0.9719130871049755
take,that,0.9714186648929855
take,be,0.9710819018376666
take,by,0.969917101514029
against,elements,0.9726424146223926
against,see,0.9644768298109585
against,order,0.9638987986319838
against,there,0.9637383351258453
against,we,0.9637064230900434
against,it,0.9633266008960784
against,or,0.9631912115502883
against,has,0.9631809882312667
against,that,0.9631239281623307
against,are,0.9630609570749618
built,programmers,0.9692331989054109
built,decisions,0.9657723812531478
built,best,0.9647604991555574
built,extracts,0.9641263614403968
built,maintain,0.9636417873438985
built,because,0.9619170534939754
built,create,0.9610116503670589
built,formally,0.9609018212647449
built,many,0.9607479824763274
built,extractor,0.9602923342756209
ce,5,0.9347287197924474
ce,2004,0.9279890521062215
ce,engineering,0.9273810082488128
ce,on,0.9249539396240365
ce,in,0.9214378024513774
ce,software,0.9205815992113326
ce,conference,0.9200321607233003
ce,of,0.9186908616161429
ce,n,0.9185433414635514
ce,es,0.9146251775777912
domain,time,0.9723995021413
domain,it,0.9697415573110464
domain,by,0.9685883628059138
domain,possible,0.9683556955202749
domain,can,0.9682004616228963
domain,from,0.9676879846092923
domain,therefore,0.9676439548889741
domain,however,0.967327708877513
domain,represent,0.9670282028710575
domain,its,0.9669770392204131
evaluation,testing,0.9697040107218784
evaluation,computer,0.9677826376709586
evaluation,science,0.967200775926964
evaluation,questions,0.965973163360077
evaluation,about,0.9659614002792405
evaluation,help,0.9657654116498356
evaluation,speci,0.9654637045579765
evaluation,by,0.9654044915968971
evaluation,work,0.9652873777263629
evaluation,tools,0.9651123388296714
examine,out,0.978108246224901
examine,than,0.9769251604785836
examine,were,0.9751335726741843
examine,we,0.9750515334644149
examine,particular,0.974690821937278
examine,these,0.974588811748949
examine,not,0.9741185396359328
examine,well,0.9738789583328081
examine,that,0.9737692436847092
examine,work,0.9737133811767393
helps,two,0.9676777629961916
helps,local,0.9642292349539832
helps,if,0.9631624285417852
helps,where,0.9611664160181975
helps,then,0.9606918239210229
helps,more,0.9595781874046806
helps,same,0.959331359893774
helps,we,0.9589979066026948
helps,types,0.9583608301701527
helps,uses,0.9569791119501054
lintern,extraction,0.9556656343302337
lintern,maintenance,0.948568062879211
lintern,working,0.9481809687022367
lintern,control,0.9460738373948997
lintern,reverse,0.941806990392164
lintern,support,0.9330568111632094
lintern,99,0.9206662143515518
lintern,knowledge,0.9200940356236289
lintern,11th,0.9003011909018414
lintern,version,0.8760788872443362
necessary,need,0.9745301041640568
necessary,such,0.9736294795250326
necessary,its,0.9733190807062697
necessary,etc,0.9730746038748443
necessary,can,0.9729981403490034
necessary,examples,0.971704300686392
necessary,what,0.9716276281865383
necessary,be,0.9713479420061071
necessary,most,0.9711930093626042
necessary,these,0.9710279079406035
own,projects,0.9730844937284718
own,project,0.9719492095879637
own,rich,0.9684228921192664
own,collected,0.9680906403046615
own,developer,0.9666641251528294
own,team,0.9665365930814693
own,however,0.9656373579939509
own,developers,0.9654306795574135
own,who,0.9647108652991705
own,web,0.9642214555897566
taxonomy,kinds,0.9744241029484385
taxonomy,kind,0.9675471995106859
taxonomy,addition,0.9671866325382348
taxonomy,observed,0.9671205034091008
taxonomy,signatures,0.9655219257504908
taxonomy,signature,0.9628566889352751
taxonomy,common,0.9627258828078857
taxonomy,change,0.9618803563923088
taxonomy,define,0.9618610756353764
taxonomy,changed,0.9611404579345759
120,granularity,0.9648108653643741
120,here,0.9645555228223066
120,questions,0.9627031286151945
120,further,0.9622699771822095
120,section,0.9613134805070449
120,question,0.9609900161107441
120,description,0.9602363822378981
120,examples,0.9602164625936201
120,addressed,0.9598588805777348
120,differencing,0.9598173948375154
covered,srs,0.9815043458265962
covered,sr1,0.9809495641294483
covered,agile,0.9777195509987613
covered,recurrent,0.970890528378242
covered,293,0.9671152533048151
covered,sr3,0.9663920222327386
covered,ndings,0.9646217643647148
covered,sr2,0.963186300521302
covered,practitioners,0.9605549028472707
covered,sr,0.9593347244940873
matches,linking,0.9666002663870892
matches,iden,0.9651971917076068
matches,heuristics,0.9633871372487544
matches,person,0.9596545211481811
matches,mail,0.9594569164794577
matches,veri,0.9593865485878571
matches,identities,0.9591426548079462
matches,persons,0.9581191144505405
matches,actor,0.9578406562702243
matches,address,0.9499808841311802
series,cepstrum,0.9765134003153457
series,lpc,0.9738842045409168
series,signal,0.9727986557178838
series,cepstra,0.9701090296480339
series,recognition,0.9697256797557163
series,signals,0.9653925068074305
series,spectral,0.9632103609897675
series,euclidean,0.9602742700046878
series,distance,0.9601464008968594
series,coefficients,0.958993775388421
semantics,syntactic,0.9667967006572118
semantics,types,0.9646315955841112
semantics,syntax,0.9622092870620313
semantics,variables,0.9608760903574833
semantics,versions,0.959070363623794
semantics,changed,0.9567067333755231
semantics,reported,0.9561952656794701
semantics,programs,0.953788486921464
semantics,preserving,0.9536382950640909
semantics,statement,0.9523047044196941
similarities,similarity,0.9728103482676929
similarities,among,0.9684982526750036
similarities,graphs,0.9611447507000326
similarities,technologies,0.959556852054263
similarities,similar,0.9577931326622646
similarities,distance,0.9570934652927894
similarities,obtain,0.948216422398401
similarities,comparing,0.9475812302319424
similarities,starting,0.9473706804900357
similarities,applying,0.946653599210293
connected,create,0.9584641335166961
connected,modi,0.9574259483983754
connected,graph,0.956908815869748
connected,set,0.9546472247772242
connected,next,0.9545735591574771
connected,files,0.954260842818609
connected,then,0.9537688330893164
connected,relationships,0.9530996771534945
connected,created,0.9530450951874233
connected,di,0.9525629113980794
nitions,plots,0.9583314197614666
nitions,total,0.9579323580035717
nitions,far,0.9577880816358072
nitions,variables,0.9575101923201095
nitions,frequent,0.9572697893237351
nitions,axis,0.9572218429490429
nitions,deleted,0.956533554776048
nitions,rarely,0.9554230995748986
nitions,vary,0.9549034496852781
nitions,programs,0.9533528760808665
transaction,transactions,0.9687557152916035
transaction,log,0.9654316404146661
transaction,message,0.9635837734180028
transaction,following,0.9583126455687236
transaction,x,0.957647120713059
transaction,les,0.9575213722769489
transaction,later,0.9565990491047238
transaction,link,0.9561888914522961
transaction,con,0.9556843905633938
transaction,were,0.9514320103380627
places,todo,0.9779399289868201
places,labelled,0.9767608633710383
places,comment,0.9733134569473332
places,please,0.971670943570402
places,pam,0.9709608733833679
places,tag,0.9676551912046546
places,joan,0.9664641048659379
places,request,0.9662844722132915
places,eclipse,0.965421178706735
places,ecr,0.9641588297613872
september,ieee,0.9836003494133021
september,284,0.9764677187317432
september,03,0.9754011281022309
september,populating,0.9721974363146639
september,german,0.9709842967340805
september,1997,0.9709417057731509
september,march,0.9665553607368933
september,icsm,0.9650676565100318
september,gall,0.9644972229494947
september,computer,0.9632746302777544
schema,corresponding,0.960628653027105
schema,linking,0.9601918663005042
schema,always,0.9600441695377877
schema,access,0.9586987677026229
schema,cases,0.9585199395811898
schema,directly,0.9578753566052787
schema,any,0.9565830003253907
schema,iden,0.9537191422739744
schema,those,0.9517340584454379
schema,assigned,0.9501358078092925
03,ieee,0.9798379251853697
03,september,0.9754011281022309
03,l,0.9681389036296559
03,german,0.9681251051239177
03,computer,0.9680526781729675
03,k,0.967873408745855
03,to,0.9673716583569867
03,science,0.9671461337528938
03,institute,0.9664602638181157
03,volume,0.9653318968097386
answers,questions,0.9785646532154264
answers,what,0.9730314742671562
answers,help,0.969834015233851
answers,question,0.9689664758399694
answers,however,0.9686144170113797
answers,quality,0.9672902636266061
answers,answer,0.9668523365671851
answers,goal,0.9658042586872398
answers,related,0.9644840125285038
answers,lack,0.9639722415408343
exist,after,0.9706243805342375
exist,if,0.9621700556444432
exist,pattern,0.9591820730877751
exist,function,0.9572596392595387
exist,last,0.9570283691582249
exist,where,0.9569663334615737
exist,determine,0.9553009468846396
exist,two,0.9552526104866073
exist,return,0.954791401151796
exist,count,0.9537298034035803
request,comment,0.9728041683024296
request,task,0.9718148936935476
request,places,0.9662844722132915
request,tags,0.9662804813852555
request,communication,0.9660766948867531
request,eclipse,0.9637854024485768
request,labelled,0.9616689046801314
request,mechanism,0.9566103569953535
request,joan,0.956410351285043
request,todo,0.956012024493673
server,repository,0.9683544330966518
server,projects,0.9648330260184605
server,project,0.9630585005262133
server,it,0.9625878644597119
server,used,0.9625662090937648
server,all,0.962483986601892
server,large,0.9623921901682473
server,these,0.9622477972362721
server,both,0.9621097223247805
server,such,0.962033568918577
successive,diff,0.9694115095091804
successive,versions,0.9670935164027226
successive,per,0.9658919801551242
successive,nding,0.9645105257822657
successive,two,0.9618863820025476
successive,between,0.9610952804691784
successive,report,0.9610225715828996
successive,figure,0.960184254971602
successive,lines,0.9597271075638528
successive,instead,0.9595655058010064
years,structure,0.9719601633358939
years,resulting,0.9685674601204992
years,over,0.9670409413810228
years,change,0.9651046411309289
years,contrast,0.9645382342300683
years,different,0.9618380198319645
years,impact,0.9615926128287249
years,between,0.9614463394978812
years,linux,0.9613532206462475
years,release,0.9601913317194721
habits,student,0.984223878763621
habits,students,0.9831278653848656
habits,assignments,0.9745941004114383
habits,features,0.96014947096864
habits,assignment,0.9586078972048715
habits,submit,0.9585406096019906
habits,normalized,0.9584594632675386
habits,predictors,0.951492093868454
habits,bottom,0.9507024390955379
habits,166,0.9505571998791675
individual,database,0.9705966971510253
individual,test,0.9687756410605028
individual,it,0.9687256399073361
individual,time,0.9678818036258735
individual,known,0.9677637494689201
individual,also,0.9676933132368373
individual,their,0.9676619813391973
individual,way,0.9670956767707777
individual,both,0.966940631284595
individual,these,0.9668518133724919
measurements,metrics,0.965091980333071
measurements,measurement,0.9620283532807822
measurements,management,0.9597326553918827
measurements,experience,0.9585214980444627
measurements,understanding,0.9580562330125874
measurements,terms,0.9564186947781123
measurements,place,0.9557512560431026
measurements,introduction,0.9555177615755525
measurements,strongly,0.9550386533660676
measurements,six,0.9549523912038103
overall,three,0.9735208395633579
overall,results,0.9728029984529536
overall,small,0.9695052482890403
overall,there,0.9693789599947021
overall,amount,0.9692659749818062
overall,related,0.9690656456511011
overall,large,0.9690265791852768
overall,i,0.9688651427488094
overall,out,0.96878079360177
overall,about,0.9686448382111226
coding,study,0.9516825124725417
coding,predictive,0.9493325827030589
coding,applied,0.9489226041893919
coding,b,0.9485329699401122
coding,v,0.9481434524122695
coding,representation,0.9480987846172475
coding,k,0.9477852106571496
coding,application,0.9475590829660574
coding,characteristics,0.9461151725387318
coding,processing,0.9459486944683799
end,each,0.9681728141568462
end,into,0.9678105096471136
end,implemented,0.9673416229121927
end,have,0.9662552517646666
end,been,0.9658945363368702
end,thus,0.9657176202466902
end,from,0.9657029539114823
end,are,0.9655090263531806
end,we,0.9654702900238878
end,it,0.9653944150200902
enough,those,0.9651947704265861
enough,much,0.963670973986706
enough,course,0.9614843678332115
enough,third,0.9582580795811475
enough,although,0.9581469785834407
enough,accurately,0.9551906782828361
enough,however,0.953889110045525
enough,any,0.9537843678870104
enough,key,0.9537726061208283
enough,very,0.9531543254587937
exists,exist,0.9511118586032801
exists,author,0.9472001242745222
exists,revision,0.9466901170937629
exists,last,0.9453056778329285
exists,nds,0.9425533217982777
exists,if,0.9423123672005643
exists,after,0.941913992362732
exists,count,0.9409673188210659
exists,file,0.9404356865220782
exists,modi,0.938180085563525
recognition,signal,0.9811187506118333
recognition,cepstrum,0.9801536217368276
recognition,representations,0.9729830494062661
recognition,lpc,0.971823678385631
recognition,spectral,0.9715466203504382
recognition,series,0.9697256797557163
recognition,distortion,0.9650697078471985
recognition,evolving,0.9640974251974168
recognition,signals,0.962733049267449
recognition,coefficients,0.9570689751265913
textual,etc,0.9726559556809284
textual,need,0.9690126460676902
textual,such,0.9689374731738314
textual,following,0.9684582647733289
textual,section,0.9683355134914342
textual,provides,0.9676792773670041
textual,present,0.9675014769584589
textual,be,0.9673086680159548
textual,particular,0.9671355581339298
textual,are,0.9665817415886291
42,2001,0.9539426804380029
42,35,0.9523710721719632
42,32,0.9510184830442394
42,distribution,0.9497732746617744
42,100,0.9492289362741907
42,computing,0.9490448717259312
42,i,0.9488317957895946
42,g,0.9487482322806557
42,across,0.9460714592951052
42,methodology,0.9459730485783664
abstraction,programmers,0.9740196517633146
abstraction,decisions,0.9705032673750427
abstraction,refactoring,0.9650989750423836
abstraction,consistently,0.9639706864792548
abstraction,clone,0.9637408105522709
abstraction,principle,0.9635479404248917
abstraction,programmer,0.9610473329998798
abstraction,result,0.9608353148090754
abstraction,best,0.9603754254788174
abstraction,remove,0.960141773619571
consists,around,0.9703292503365157
consists,small,0.9690918792321006
consists,although,0.9684724021601316
consists,however,0.9657843846352068
consists,above,0.9649802065180344
consists,identi,0.9641269241119506
consists,method,0.9637607899580474
consists,works,0.9635378939949738
consists,from,0.9628627824257656
consists,com,0.962735128309713
correlate,they,0.9683545048730064
correlate,well,0.96827202172469
correlate,work,0.9677725061516647
correlate,were,0.9662406432533197
correlate,these,0.966206384875018
correlate,out,0.965580797080378
correlate,likely,0.9649564563397198
correlate,rst,0.9646305852838424
correlate,that,0.964562209016897
correlate,such,0.9645314727593335
gcc,keywords,0.9619184579410753
gcc,since,0.9581690296741157
gcc,ram,0.9563640439032582
gcc,technique,0.9559684769505157
gcc,terms,0.9558773767126701
gcc,section,0.9547331583909825
gcc,pre,0.9543864851704729
gcc,concept,0.9542812695205817
gcc,like,0.9538308485537883
gcc,experience,0.9520706027973296
granularity,modification,0.9676536544026524
granularity,entity,0.9674723705150513
granularity,120,0.9648108653643741
granularity,differencing,0.9594059959661032
granularity,modified,0.9591875133430389
granularity,underlying,0.9586112791383745
granularity,expressed,0.9585567374355566
granularity,defined,0.9579586884718576
granularity,approaches,0.9574460860931945
granularity,market,0.9574401636995782
interface,example,0.9650801008056864
interface,where,0.9647591479815429
interface,if,0.9621737739841769
interface,only,0.9618118535083834
interface,we,0.9616663096329082
interface,section,0.961513151074693
interface,thus,0.9609668883086115
interface,that,0.9603812963177148
interface,or,0.9601916902558907
interface,are,0.9601364860771366
looking,insight,0.9538486140778843
looking,pattern,0.9518752853053121
looking,produced,0.9511532642493608
looking,did,0.9507157691643596
looking,after,0.9499487867957597
looking,generated,0.9492909702283208
looking,must,0.9490016389038737
looking,us,0.9488811501710273
looking,note,0.9485808076144371
looking,error,0.9481954974527509
occur,pre,0.9629119826648028
occur,gives,0.9627100032208664
occur,grouping,0.9602748978876263
occur,identi,0.960012697779649
occur,concept,0.9600059679804127
occur,section,0.9565095155046582
occur,since,0.9559594289234584
occur,table,0.9557060374263233
occur,ers,0.9556712008086601
occur,very,0.9552894629333928
selection,researchers,0.9630802813707335
selection,solve,0.9562191837501204
selection,throughout,0.9550988230000044
selection,studies,0.9547638944405445
selection,communities,0.9500549101188052
selection,comprehensive,0.9497501861078852
selection,focused,0.9493417435871238
selection,evidence,0.948099313129142
selection,researcher,0.9472602006340266
selection,answers,0.9471457392571108
technology,institute,0.9768399457223439
technology,science,0.9720854417345519
technology,supported,0.969944673308905
technology,computer,0.9692806531841139
technology,develop,0.9676821783841623
technology,works,0.9667269963606363
technology,research,0.9645162692970142
technology,large,0.9645083045170378
technology,through,0.9642257759395062
technology,july,0.9635149202221621
wide,such,0.976388725345654
wide,be,0.9755902832880322
wide,we,0.9753254527712832
wide,need,0.9746158891721785
wide,can,0.9742692846252784
wide,particular,0.9741583208439311
wide,these,0.9737662514143391
wide,used,0.9736260036441999
wide,identify,0.9735455576004404
wide,that,0.9735106332088675
classi,good,0.961615943347186
classi,questions,0.9606177474154397
classi,mean,0.959579134147898
classi,method,0.9593347257212548
classi,trying,0.9581053365107391
classi,quality,0.9578909741808957
classi,speci,0.9575760852088366
classi,low,0.9573561542939586
classi,documentation,0.9572269075688222
classi,ones,0.9568873576094972
cover,ndings,0.9685964291495137
cover,solve,0.9583232283092868
cover,evidence,0.9577359925213689
cover,questions,0.9565384273276758
cover,ones,0.9563207620556242
cover,srs,0.9559286529503979
cover,below,0.9551702632505361
cover,focused,0.9545670104598121
cover,classi,0.9524981721831525
cover,trying,0.9515597835126782
early,were,0.9764969950414052
early,had,0.9684806964554014
early,do,0.9674710478523143
early,out,0.9664020867911063
early,could,0.9658814714284969
early,their,0.9658572985071301
early,that,0.9654722868649847
early,not,0.9654299400009728
early,than,0.9652800164982609
early,has,0.9652607232390997
ect,relatively,0.9694983885639157
ect,few,0.969471752184506
ect,developers,0.9660467226580002
ect,project,0.9641286524928994
ect,represents,0.9626868117575793
ect,more,0.9623876143374552
ect,com,0.9620244037285506
ect,di,0.9608432893355539
ect,such,0.9607957677130763
ect,are,0.960360125334958
extracts,extractor,0.9763377718730508
extracts,assist,0.9725018609926094
extracts,programmers,0.971326525896234
extracts,tory,0.9692407890322656
extracts,automatically,0.966384715501117
extracts,built,0.9641263614403968
extracts,consider,0.9636566761491411
extracts,best,0.9630618917454339
extracts,how,0.9626028090093552
extracts,decisions,0.9621205700167996
hence,can,0.9748485530294513
hence,more,0.9742269380795908
hence,results,0.9739552314063802
hence,we,0.973475203302701
hence,such,0.9733901179640887
hence,from,0.973203809648336
hence,well,0.9727373119256055
hence,are,0.9726118692071213
hence,used,0.9723094442724523
hence,see,0.9722804455948009
major,project,0.971694376923359
major,developers,0.9714000607255202
major,large,0.9712469316383306
major,projects,0.9700902445289539
major,these,0.9670516339796327
major,work,0.9663178012674967
major,such,0.965951590893279
major,use,0.965768598855852
major,through,0.9655760425514788
major,useful,0.9651173294964268
partial,matching,0.9739340249328277
partial,output,0.9647947699118714
partial,adding,0.9627436750885938
partial,variables,0.9619241056141199
partial,two,0.9618911070252445
partial,cient,0.961269113845467
partial,determine,0.9609063373341609
partial,nding,0.9607376008776913
partial,versions,0.9605751928359887
partial,same,0.9596784110824976
requests,developers,0.9786256986784359
requests,developer,0.9780375540337821
requests,project,0.9746321535240043
requests,projects,0.9724548035051812
requests,can,0.9706870458222652
requests,such,0.9705889870038137
requests,few,0.9703424972920862
requests,only,0.9700729636300722
requests,main,0.9698155224152443
requests,relationships,0.9694784974687762
sion,to,0.9494536793243249
sion,on,0.9383450246144377
sion,ing,0.9381158604318032
sion,s,0.9374055170005839
sion,l,0.9370245727296003
sion,n,0.9360433227231862
sion,g,0.9356315225486482
sion,changes,0.9338797527247673
sion,al,0.9338506095014485
sion,ed,0.9337589731478454
suggests,keywords,0.970924058597868
suggests,term,0.9706601774624122
suggests,quite,0.9674504614139663
suggests,key,0.9663934259908681
suggests,selected,0.9648547578247677
suggests,algorithms,0.9643353024350214
suggests,around,0.9638222982077223
suggests,experience,0.962740617540115
suggests,identi,0.9627014114840975
suggests,since,0.961536990392373
trans,were,0.9627932923518079
trans,average,0.9619065710646411
trans,reported,0.9613893380831209
trans,figure,0.9594500997120876
trans,report,0.9593330551603304
trans,had,0.9588528943621526
trans,change,0.9580531861358408
trans,if,0.9578895267101905
trans,between,0.9577514102084563
trans,i,0.9575816679715679
until,times,0.9617354035326211
until,perform,0.9612657233395723
until,contains,0.9611178402417069
until,shown,0.9607498262041475
until,up,0.9605851255902447
until,had,0.9600466992564682
until,only,0.9590809053122891
until,if,0.9585261785332619
until,were,0.9579728183233178
until,than,0.9575382772513943
activity,focus,0.9755491270191976
activity,potential,0.9748849933032422
activity,such,0.9744524145781317
activity,need,0.9739441164794864
activity,can,0.9738664152333819
activity,tools,0.9735499706605298
activity,help,0.9735154544085048
activity,activities,0.973254339402783
activity,important,0.9724798485384841
activity,during,0.9716358016038713
area,can,0.9762361129530628
area,need,0.9762330909547059
area,such,0.9758265102321466
area,what,0.9749947123176683
area,related,0.9743026989646202
area,be,0.9742109759408029
area,these,0.9741718518729008
area,also,0.9739998079273744
area,how,0.9739426253996197
area,some,0.9738227048947109
asts,ast,0.9769499043005343
asts,bodies,0.9768044125561886
asts,traverse,0.9664566107948532
asts,additions,0.964802596601378
asts,global,0.9641951342366614
asts,matching,0.9621510258797865
asts,bijection,0.9619562865117195
asts,parallel,0.9610518421000716
asts,mappings,0.9605605552151755
asts,maps,0.9604691413906129
building,research,0.97772183724044
building,techniques,0.9754740776208244
building,about,0.9706592985535176
building,proposed,0.9697703634956749
building,provide,0.9693686018666136
building,through,0.9684294640235496
building,focus,0.9682742069032152
building,different,0.9681453229512333
building,designed,0.9671090085954553
building,soft,0.9666151330062378
documentation,questions,0.9781353561642284
documentation,tools,0.9775535935662765
documentation,speci,0.9771016330534764
documentation,help,0.9765202960690034
documentation,related,0.9763243453839175
documentation,methods,0.9746724024059792
documentation,method,0.9742214413298127
documentation,however,0.9728485360232624
documentation,about,0.972839061878873
documentation,what,0.9721321899043378
due,apache,0.9763729013824951
due,when,0.9688577288624596
due,two,0.9682857641495338
due,change,0.9680665884487614
due,has,0.9678126573110113
due,problem,0.967793237138831
due,we,0.9673340098054721
due,if,0.9671127307400351
due,cause,0.9670086596335724
due,versions,0.9666391125612555
graphs,among,0.9740891079904328
graphs,graph,0.9721001737115428
graphs,similar,0.9654729362579835
graphs,nodes,0.9642522143867281
graphs,few,0.9640824243072592
graphs,between,0.9632417301494336
graphs,more,0.9625466568361002
graphs,then,0.9624397437416106
graphs,three,0.9617720416435359
graphs,results,0.961498908289312
hope,interested,0.9771589002252625
hope,research,0.9715419650067975
hope,provide,0.9702842138415371
hope,about,0.9684494537311132
hope,variety,0.9683648983211395
hope,projects,0.9674226940146415
hope,designed,0.9674049093440472
hope,should,0.9664386604356766
hope,general,0.9662457258616459
hope,their,0.9660448048830221
little,various,0.9639697783773085
little,pro,0.9635621328326394
little,work,0.961030499030444
little,ways,0.9602204991310285
little,written,0.9601039194310192
little,understand,0.9594062155773038
little,very,0.9593225905482777
little,lines,0.9589933361602536
little,so,0.9587148915638359
little,well,0.9586459690671176
mation,infor,0.9951070267371869
mation,contain,0.9737704362368771
mation,described,0.9683280967407822
mation,some,0.96799901403404
mation,work,0.9665642370778238
mation,second,0.9662644862999883
mation,however,0.9660599464762459
mation,from,0.9656706028015982
mation,cation,0.9654226555932085
mation,they,0.9651926620839326
predict,particular,0.9702444861803067
predict,between,0.9702158690803204
predict,were,0.969779659629064
predict,each,0.9696889870740701
predict,out,0.9693492112064296
predict,work,0.9692284083665141
predict,written,0.9691819937358304
predict,we,0.9690611742439301
predict,these,0.9684013126553098
predict,used,0.9682594050253515
relative,over,0.9627528560703998
relative,similar,0.9585448410125622
relative,long,0.9585245286282985
relative,100,0.9581285980004024
relative,between,0.9571939629713582
relative,more,0.9568332044331797
relative,or,0.9561604727958068
relative,are,0.9550541090049092
relative,relatively,0.9550307095157
relative,each,0.9542922932019307
seen,about,0.9757654316980118
seen,also,0.9745865329672934
seen,however,0.9739812829056603
seen,methods,0.9733814393533767
seen,large,0.9732052383769665
seen,related,0.972757202579876
seen,there,0.9714769988297829
seen,should,0.9712943979054721
seen,amount,0.9705000610220705
seen,teams,0.9701130303221646
separate,contain,0.9725870042118567
separate,view,0.9697077735055646
separate,intended,0.9635693766311417
separate,describing,0.9626777753855587
separate,rather,0.9625040102860594
separate,through,0.9621012416635266
separate,than,0.9615802401869075
separate,into,0.9613780021600469
separate,communication,0.9613657614612686
separate,such,0.960800296051387
starting,similar,0.9762320050215518
starting,applied,0.9698030895876244
starting,time,0.9694624268403207
starting,respect,0.9686470072407485
starting,application,0.9678881684606353
starting,results,0.9662754736985835
starting,first,0.9660388790838469
starting,obtain,0.9645245573754977
starting,measure,0.9641672182144928
starting,different,0.9640237693082845
step,first,0.9720997237686841
step,time,0.9691883155488461
step,different,0.9679135951164088
step,similar,0.9663932572420507
step,both,0.9652812192624902
step,it,0.9651716116460864
step,also,0.9646326162499284
step,possible,0.9646325717820241
step,from,0.963718498550091
step,allow,0.9634682320717409
th,5,0.947413006092571
th,2004,0.9420137031635598
th,conference,0.9287967885633648
th,on,0.9263169118702043
th,572,0.9237582119335623
th,may,0.9231511055155736
th,563,0.9227090277336735
th,engineering,0.9225649810400001
th,ceedings,0.9220790820750979
th,ng,0.9214114610022535
trying,speci,0.9738393639314338
trying,help,0.9733332940240522
trying,questions,0.9719255979550333
trying,evidence,0.9718982168753193
trying,tools,0.9708885023129316
trying,documentation,0.9694699906670752
trying,related,0.9682221888438808
trying,question,0.9681876849870255
trying,methods,0.9675720045770173
trying,however,0.9672590340977387
typical,effort,0.9650234433062232
typical,research,0.9637673034566292
typical,processes,0.9636221684507857
typical,general,0.9627332700758671
typical,designed,0.9610476590951023
typical,provide,0.9600847436347348
typical,metrics,0.9597128595632552
typical,large,0.9595783384069224
typical,will,0.9586603742655861
typical,first,0.958523964577318
unfortunately,research,0.9813581458256153
unfortunately,about,0.9790643544800595
unfortunately,there,0.9771812945973184
unfortunately,so,0.9766845949671962
unfortunately,their,0.9765479561557302
unfortunately,also,0.9760676362018481
unfortunately,provide,0.975632652919207
unfortunately,both,0.9753547819962416
unfortunately,speci,0.975257805739612
unfortunately,not,0.9746890924585345
yet,use,0.9765056463468704
yet,about,0.9751397291821495
yet,not,0.9745220346120147
yet,part,0.9743970051355557
yet,research,0.9742541449772105
yet,useful,0.9738117793476944
yet,their,0.973675883612424
yet,provide,0.9732765993549193
yet,so,0.9730565184292093
yet,that,0.9726954491607172
you,your,0.9828298295901559
you,among,0.9671450374888986
you,who,0.9625466589367135
you,co,0.9618740438740369
you,few,0.961236394735199
you,above,0.960157399900724
you,projects,0.9594413059360913
you,developers,0.9593656463396097
you,spend,0.9590196121558846
you,developer,0.9588895145057859
mrs,mr,0.9874674845958943
mrs,author,0.9676063017086878
mrs,authors,0.963706832749613
mrs,subset,0.9588448136614383
mrs,proportion,0.9499902480088818
mrs,element,0.9467826466725779
mrs,query,0.9454336508412445
mrs,ter,0.9412492575370359
mrs,vertices,0.9382094997463145
mrs,revision,0.9366389465489001
freebsd,openbsd,0.9943768183205298
freebsd,netbsd,0.9914313796661645
freebsd,variants,0.9574948586047118
freebsd,referenced,0.9572393942256572
freebsd,logs,0.9571971325736325
freebsd,src,0.9543899360917198
freebsd,variant,0.9522441993794558
freebsd,onto,0.9458169001187993
freebsd,os,0.944249860402331
freebsd,closer,0.9405426478209555
actor,person,0.9894128534932605
actor,actors,0.9883612113981597
actor,identity,0.9855984818601944
actor,identities,0.985121734381371
actor,username,0.9774405310763126
actor,mail,0.9706713174350388
actor,privacy,0.9690370055209302
actor,persons,0.961841237719858
actor,matches,0.9578406562702243
actor,veri,0.9560272386174999
analysts,pilot,0.9946744852773612
analysts,recall,0.9865715510792024
analysts,precision,0.9850340582414778
analysts,analyst,0.9823100527461708
analysts,traces,0.9814765451588674
analysts,trace,0.9796166535274338
analysts,senior,0.972703933638706
analysts,candidate,0.9677784425773042
analysts,ir,0.9626772276867983
analysts,tracing,0.9626707788068006
defect,reports,0.9758802261892798
defect,been,0.9702509936517971
defect,database,0.9695342512861274
defect,bugzilla,0.9693138854639294
defect,taken,0.968168655285857
defect,consider,0.9681207024825769
defect,be,0.9678004748549758
defect,several,0.9677548012518593
defect,these,0.967389740820808
defect,identify,0.9673126306509052
usage,instances,0.9776147281880602
usage,invoked,0.9664233156879511
usage,specifically,0.9640808882371388
usage,called,0.9630169550395458
usage,pattern,0.9611121452877925
usage,patterns,0.9598178779396978
usage,calls,0.9569858011743495
usage,functionality,0.9514439580202532
usage,proximity,0.9503110540509071
usage,sites,0.9492792293538468
candidate,recall,0.9756208253770767
candidate,precision,0.9739889565125389
candidate,trace,0.970440472331241
candidate,analysts,0.9677784425773042
candidate,tracing,0.965545240113439
candidate,pilot,0.9649895990861448
candidate,traces,0.9629116880034881
candidate,senior,0.9626517638410376
candidate,generated,0.9523446840199519
candidate,analyst,0.951198147664572
snippets,clones,0.9902857874554327
snippets,cloning,0.9875781956786688
snippets,clone,0.9874482245342038
snippets,nealogy,0.9812551617833531
snippets,copied,0.9791149393058406
snippets,paste,0.9788086490303523
snippets,genealogy,0.9786991698315957
snippets,consistently,0.9784546490571081
snippets,maintaining,0.9780253141616859
snippets,snippet,0.9746493937702887
38,out,0.9678941343520822
38,related,0.965649078751955
38,i,0.9656185768970336
38,b,0.964527786330138
38,how,0.9634849541657025
38,not,0.9630309770558563
38,by,0.9629314360975383
38,using,0.9625193645134911
38,most,0.962411768884976
38,that,0.9622747403118487
messages,email,0.9735805505141308
messages,archives,0.9594631010699812
messages,archive,0.9583347519229446
messages,bugzilla,0.9569944552981838
messages,defect,0.9534968902529042
messages,reports,0.9524051733485726
messages,today,0.9508962576094943
messages,been,0.9495427597288331
messages,database,0.9494847336733061
messages,become,0.9486817616308272
points,over,0.9586092630937215
points,size,0.9579347410004493
points,almost,0.9566612701365207
points,total,0.9546989283806004
points,time,0.9536650167763674
points,their,0.9520487829673463
points,far,0.9518983627108897
points,each,0.9517271487986705
points,avoid,0.9517041234684741
points,it,0.951563782591883
commit,records,0.9770480397874893
commit,they,0.9741241336427241
commit,made,0.973954668843126
commit,repository,0.9718421602402669
commit,these,0.970773037084005
commit,record,0.9707530331123282
commit,into,0.9703249412220822
commit,commits,0.9702028383441347
commit,history,0.9700351717611555
commit,been,0.9697113007359821
concepts,concept,0.981338238210288
concepts,keywords,0.9786681148225695
concepts,mine,0.9730353267642289
concepts,ers,0.9720129874671126
concepts,term,0.9707295613281637
concepts,pre,0.968510288366059
concepts,keyword,0.9676700469899084
concepts,document,0.9656545879393512
concepts,around,0.9652992655609711
concepts,sec,0.9631761263860767
modification,modified,0.9696261976580841
modification,granularity,0.9676536544026524
modification,addressed,0.9670852256693059
modification,entity,0.966179521433314
modification,nature,0.9658597236699893
modification,annotations,0.9625527215568996
modification,addition,0.9620589130147724
modification,hidden,0.9608162529566506
modification,change,0.9596240246385306
modification,differencing,0.9580589832179064
string,found,0.9639440974107119
string,set,0.9611741956743374
string,only,0.9597011898046195
string,example,0.9595669332583755
string,modi,0.9594831173919414
string,after,0.9591787984633839
string,if,0.958724506884337
string,table,0.9578486309013594
string,into,0.9570689713555665
string,shown,0.9569106856582459
archives,communication,0.9620568548628526
archives,messages,0.9594631010699812
archives,archive,0.9591694191670133
archives,eclipse,0.956933295719155
archives,bugzilla,0.9551801278573439
archives,details,0.952098876095333
archives,contains,0.9511343080224262
archives,contain,0.9501935695690575
archives,describe,0.9492517742644309
archives,describing,0.9480321096793904
dataset,requirements,0.9679071332862241
dataset,came,0.9562647536744904
dataset,researchers,0.9560282638596185
dataset,goal,0.9548576393204566
dataset,discovery,0.9540978337720948
dataset,under,0.9539043632027835
dataset,retrieval,0.9534514718359579
dataset,possible,0.9525094278517094
dataset,ensure,0.9524578155569603
dataset,however,0.9524353105810397
effects,features,0.9724564471175778
effects,mea,0.9609713585704882
effects,estimate,0.9598665758918989
effects,performance,0.9590874253870052
effects,versus,0.9590046146765403
effects,predictive,0.9548890377563302
effects,behaviour,0.9538829545922154
effects,third,0.9535527204328742
effects,bottom,0.9531392101434712
effects,student,0.9489335885321739
extract,classes,0.9755218524321483
extract,within,0.9716121895439714
extract,additionally,0.9696912780935762
extract,implemented,0.9688679082388457
extract,history,0.9686974829382548
extract,change,0.96868680746543
extract,logical,0.9678342344220837
extract,identify,0.9676310289671779
extract,et,0.9665357032343745
extract,couplings,0.9664201366465544
find,patterns,0.973165361264015
find,identify,0.9696103640679898
find,used,0.9689388437117912
find,has,0.9682447297749052
find,more,0.9681582297892719
find,be,0.9678465957399074
find,we,0.9676971282920767
find,determine,0.9675234316411032
find,must,0.9672980395520043
find,future,0.9670691535852056
mockus,holt,0.9746892158330303
mockus,german,0.9712455264060564
mockus,measurement,0.9665044608437048
mockus,july,0.9641767146264406
mockus,ieee,0.9641066850053395
mockus,journal,0.963906793038859
mockus,graves,0.9625220422380281
mockus,hassan,0.9620433758016889
mockus,computer,0.9602909065091945
mockus,september,0.9592793046158559
others,projects,0.9803198570044355
others,should,0.979625085782384
others,will,0.9791565710666394
others,project,0.9789720786436089
others,provide,0.9788608998719119
others,also,0.9782260244027472
others,can,0.9768612640087568
others,about,0.976827007449519
others,however,0.9761421419363234
others,their,0.9757935896162062
retrieval,requirements,0.9599377235094495
retrieval,under,0.9569118771151495
retrieval,processing,0.9565503439301286
retrieval,dataset,0.9534514718359579
retrieval,human,0.9531424673136544
retrieval,computer,0.9521203535653612
retrieval,goal,0.9504068620990771
retrieval,discovery,0.9500909440915875
retrieval,towards,0.9491784448202621
retrieval,scale,0.9447451877412962
union,struct,0.9875576341403752
union,enums,0.981596504166929
union,declarations,0.9612965253398323
union,additions,0.9604794568755677
union,trees,0.953997458525514
union,typedef,0.9523198135099256
union,nitions,0.9496597043624873
union,elds,0.9475834537962577
union,deleted,0.9467081013128137
union,deletions,0.9460379634110196
accurate,however,0.9784296036287699
accurate,should,0.9749743671570992
accurate,but,0.9747425633373212
accurate,some,0.9743838322699587
accurate,many,0.9731672117372232
accurate,also,0.9727392018605932
accurate,even,0.972449382333463
accurate,their,0.9724357837394983
accurate,cases,0.9718471348498638
accurate,can,0.9718461503599456
allowing,should,0.9762908662373075
allowing,provide,0.9756352868781355
allowing,about,0.975499684241026
allowing,research,0.9751723606174104
allowing,possible,0.9738972824940496
allowing,also,0.9735774443254794
allowing,can,0.9722873142159993
allowing,these,0.9722338409010616
allowing,will,0.9721624345281501
allowing,their,0.9721502649470167
automatic,used,0.9699802346352385
automatic,including,0.968721924843312
automatic,time,0.9669217877175351
automatic,every,0.9666999950633777
automatic,from,0.9659441251894489
automatic,allows,0.9658658865376881
automatic,we,0.9657140254440377
automatic,therefore,0.9654603403368438
automatic,same,0.965027841957129
automatic,has,0.9650225715611449
compare,application,0.9713269935083972
compare,time,0.9681954973386186
compare,applied,0.9663544961863042
compare,allows,0.9662486047348607
compare,scale,0.965683734298221
compare,processing,0.9647611560094128
compare,similar,0.9647286608753687
compare,different,0.964689214910843
compare,results,0.964271678696561
compare,from,0.9634384617419904
compute,similar,0.9696419858262479
compute,between,0.9673023349624248
compute,same,0.9657897309066343
compute,time,0.964930756567645
compute,then,0.963841063567596
compute,order,0.9632515588766706
compute,we,0.962953396690474
compute,used,0.9626817106771104
compute,two,0.9621997607420083
compute,more,0.9620709580735123
date,been,0.9743235897181295
date,database,0.9739171906649531
date,these,0.9725658365102384
date,their,0.9725168102523041
date,repository,0.9722726866684293
date,they,0.972244272578835
date,not,0.9721835664570873
date,it,0.9716285074068628
date,has,0.9715157029353878
date,be,0.9714809338275647
ef,term,0.9552728349357672
ef,keywords,0.9540176229406707
ef,processed,0.9503779043922793
ef,ers,0.9490298096765533
ef,keyword,0.9475638990295487
ef,concept,0.9452583078779306
ef,around,0.9431448723318357
ef,helpful,0.9423148434068261
ef,idf,0.9422838739306953
ef,dirent,0.9414496667151759
expressed,entities,0.9781737331795894
expressed,entity,0.9710076338084752
expressed,granularity,0.9585567374355566
expressed,query,0.9540068930286043
expressed,basis,0.9539317618489433
expressed,queries,0.9530730292296301
expressed,file,0.9524903447774733
expressed,necessary,0.9495539192232344
expressed,modification,0.9488972607775226
expressed,description,0.9486527073104808
give,projects,0.976759929217976
give,provide,0.9767492468545923
give,about,0.9751002763676582
give,research,0.9750616729147434
give,large,0.9730826509081083
give,project,0.9729073255247785
give,develop,0.9708763676942771
give,three,0.9708029930552462
give,also,0.9706723042792287
give,different,0.9690781258834922
introduce,changed,0.965634906593831
introduce,common,0.9635022710236273
introduce,type,0.9634414422467468
introduce,versions,0.9632493684206465
introduce,function,0.9621744356009504
introduce,old,0.9612438791917448
introduce,change,0.9609350224443032
introduce,body,0.9595491946912941
introduce,identifying,0.9581524990853997
introduce,types,0.9580373150277904
look,specific,0.9697023849604887
look,up,0.9695547617735041
look,has,0.9671421124377555
look,when,0.9671086501078876
look,patterns,0.9666056316334161
look,we,0.9665089577227323
look,call,0.9663931240013452
look,more,0.9663398702631371
look,be,0.9662395006842003
look,future,0.9661669455180224
nature,modification,0.9658597236699893
nature,discussed,0.965795551177786
nature,what,0.9615256189923567
nature,answer,0.9609011308636335
nature,now,0.9608846955089905
nature,such,0.959540097431369
nature,necessary,0.9593047123343361
nature,need,0.9587800126807458
nature,conclusions,0.9587494343178726
nature,are,0.9585357511587738
overview,gives,0.9620997722778345
overview,pre,0.9586919098110778
overview,section,0.9574641710513194
overview,algorithm,0.9535546731592277
overview,implementation,0.9516775895886851
overview,see,0.9513881866988632
overview,figure,0.9504693044974888
overview,category,0.9501735360715905
overview,table,0.950134182674793
overview,two,0.9491097516864575
resulting,four,0.9727988175858988
resulting,general,0.9712161090574644
resulting,years,0.9685674601204992
resulting,over,0.9670659777906746
resulting,see,0.9659722056960256
resulting,are,0.9659004123103991
resulting,first,0.9646427322984272
resulting,their,0.9641273390840843
resulting,more,0.9640823765737196
resulting,report,0.9639547656682093
short,thus,0.9732048517288872
short,con,0.9716545156392664
short,were,0.9708203425666887
short,not,0.970008199200319
short,when,0.9698682752901836
short,less,0.9696727484016017
short,we,0.9696180488221497
short,found,0.9695577661076049
short,that,0.9693061479927936
short,following,0.9685582349080598
statements,statement,0.9717865454020336
statements,if,0.9612719964280427
statements,function,0.9558446353361405
statements,add,0.9554338395086823
statements,times,0.9552691235949642
statements,two,0.9541240537471529
statements,syntactic,0.9537154673571362
statements,until,0.9534981494867968
statements,example,0.9529666105298857
statements,types,0.9516540321219119
syn,syntactic,0.9552364397653867
syn,reported,0.9474438035527872
syn,presents,0.9458019261404333
syn,against,0.9431611086852076
syn,trees,0.942923758568187
syn,x,0.9420413150259923
syn,if,0.9415680786814773
syn,later,0.9415310467020667
syn,times,0.9410370640371581
syn,form,0.9406931975583022
ver,sions,0.9794188669691118
ver,size,0.9614865997502615
ver,running,0.958709562954545
ver,over,0.9573235391706522
ver,dec,0.9568933004405917
ver,oct,0.9564049649270536
ver,show,0.9562498872586457
ver,kernel,0.9561983777035515
ver,apache,0.9557598313089484
ver,versions,0.9552978536428578
additionally,change,0.9710391521855717
additionally,classes,0.9707666990344254
additionally,extract,0.9696912780935762
additionally,later,0.9690631142835084
additionally,locate,0.9671145370443627
additionally,show,0.9669923889014109
additionally,x,0.9651702102163101
additionally,log,0.9645758286965019
additionally,archive,0.9641951237483473
additionally,identifying,0.9621042183939625
cally,out,0.9615535252124211
cally,low,0.9607777076768472
cally,any,0.960672362734021
cally,however,0.9593638826513717
cally,means,0.9592154622679134
cally,speci,0.9585490356550028
cally,evidence,0.958216794780879
cally,second,0.9580448321659234
cally,much,0.957606128500917
cally,mean,0.9568690225084879
compared,over,0.9806325131372099
compared,these,0.9772941618177854
compared,well,0.9772130766334421
compared,their,0.9764225792608352
compared,about,0.9758349276887253
compared,be,0.9757459877602772
compared,how,0.9755765760070021
compared,from,0.9755058107216328
compared,between,0.9750842233123133
compared,work,0.9750157497678592
descriptors,subject,0.9870306867161822
descriptors,introduction,0.9747684027582848
descriptors,management,0.9696115270407858
descriptors,metrics,0.9693846829702268
descriptors,categories,0.9682665175958229
descriptors,department,0.964090364983444
descriptors,measurement,0.963294786364036
descriptors,abstract,0.9626335389248138
descriptors,enhancement,0.9618527245839571
descriptors,general,0.9601536208290355
detecting,design,0.9750229554929032
detecting,history,0.9724605669015552
detecting,apply,0.9702500129389982
detecting,fowler,0.9690384128661275
detecting,detection,0.9686121605398192
detecting,refactoring,0.9671780145688877
detecting,demeyer,0.9644262955079617
detecting,consider,0.9639949285780063
detecting,gall,0.9637765578762926
detecting,et,0.963745157809583
especially,because,0.9816717906681025
especially,would,0.9790200440720331
especially,not,0.9789498568667532
especially,often,0.9785475478952534
especially,many,0.9777323731569028
especially,that,0.9774767582573862
especially,but,0.9767430356538883
especially,have,0.9765482130675509
especially,their,0.9764531730250403
especially,than,0.9762830583100808
examined,were,0.9702238311293051
examined,written,0.9691641333844859
examined,checked,0.9688037770138693
examined,out,0.9673196970619549
examined,than,0.9661137472322546
examined,examine,0.9655591586794812
examined,lines,0.964322813817523
examined,contain,0.9640772546960839
examined,was,0.9632911654119096
examined,particular,0.9623727723341999
initial,automatically,0.9725826957470911
initial,changing,0.9708094306413406
initial,would,0.9699935982291195
initial,because,0.9691764314796508
initial,over,0.9684275594298557
initial,versions,0.9682742625869446
initial,history,0.9681331342686862
initial,consider,0.9679857961655132
initial,does,0.9670806991539711
initial,two,0.9667877209957633
ion,5,0.9002045179372415
ion,on,0.8992915521928094
ion,2004,0.8981329376421812
ion,engineering,0.8913800155556921
ion,software,0.8911762132293494
ion,n,0.8904758095032489
ion,in,0.8904275680044627
ion,of,0.8892411105295814
ion,may,0.8891309046178982
ion,ions,0.886933105825706
lead,change,0.9687556865001068
lead,show,0.9638430455874514
lead,identify,0.9617473429741865
lead,when,0.9616225772251901
lead,cause,0.9615803212834254
lead,where,0.9613481277165579
lead,x,0.9599583098599471
lead,later,0.9595103498876241
lead,been,0.9581969767226193
lead,has,0.9572879238487527
learn,projects,0.9779073546940584
learn,project,0.9755483116723627
learn,research,0.9751119773582559
learn,develop,0.9725097309015195
learn,provide,0.9722282618863907
learn,about,0.970768357895786
learn,will,0.9705717921496682
learn,sources,0.9703257728066662
learn,groups,0.9693947825866018
learn,across,0.9692758306562228
never,set,0.9660818816456346
never,before,0.9657222234034923
never,each,0.9646582499611044
never,order,0.964557891718705
never,us,0.9644777208252762
never,previous,0.9639558840655557
never,we,0.9634894955230888
never,have,0.9634724563014287
never,les,0.9632682309283808
never,has,0.9632369149019857
popular,programs,0.9718158761820361
popular,syntax,0.971440421960623
popular,versions,0.9682820490557457
popular,inform,0.9666836730759885
popular,abstract,0.9661337471699057
popular,quickly,0.965270232299565
popular,stable,0.9625408214473852
popular,consider,0.9619688646873896
popular,types,0.9590816968966671
popular,implementation,0.9577223657505072
previously,report,0.9637093443261326
previously,reported,0.9620942373374164
previously,problem,0.9610161332999205
previously,reasons,0.9604028381849722
previously,partial,0.9596381357606331
previously,having,0.9585916243269104
previously,when,0.9582290094679086
previously,adding,0.9582077989125296
previously,detect,0.9581358903118975
previously,change,0.9569034504543676
ries,es,0.9261610550499708
ries,in,0.9247041263116215
ries,on,0.9195723755859411
ries,software,0.9176583538602563
ries,ware,0.9167358863961177
ries,to,0.9161574234202077
ries,n,0.9157394338370594
ries,er,0.9153052537642137
ries,may,0.9132463756526226
ries,and,0.9125616174626321
sions,ver,0.9794188669691118
sions,running,0.9691773902243824
sions,size,0.9647811234427024
sions,over,0.9595005400138994
sions,oct,0.9585949378123517
sions,long,0.9574146420991768
sions,show,0.9552348058085736
sions,dec,0.9550846923052965
sions,period,0.9534490194206193
sions,characterize,0.9514038272670691
stable,would,0.970516962649024
stable,changing,0.9688377399283801
stable,versions,0.9687904835695302
stable,over,0.9675896088943918
stable,di,0.9664034316392773
stable,two,0.9658038258973398
stable,because,0.9651709863311078
stable,frequent,0.9648639894491489
stable,change,0.9641964803469374
stable,when,0.9640947202777882
tween,report,0.9611698927546033
tween,later,0.9556952314747917
tween,reported,0.9555047040292588
tween,successive,0.954007345772045
tween,static,0.951342563408562
tween,were,0.9505516953065702
tween,x,0.9499539121611559
tween,check,0.9492217100484124
tween,present,0.9490945360569912
tween,output,0.9489745901043474
versus,features,0.9726792817933343
versus,bottom,0.9605714576701556
versus,space,0.9605006946341874
versus,performance,0.9590935371023772
versus,effects,0.9590046146765403
versus,third,0.9579035239450954
versus,written,0.9567261421862447
versus,students,0.9525744913762564
versus,complete,0.9519950479502263
versus,student,0.951874243548732
words166,wodsdtotal,0.9986504367094576
words166,words30,0.9941776085932947
words166,279coverage,0.9856424167927674
words166,words,0.961712231481465
words166,coverage,0.9507009307935665
words166,57,0.949180536279737
words166,accuracy,0.9434807045348812
words166,129,0.938650072145356
words166,cccccgggggaaaaavvvvvresults,0.9343368483135328
words166,prefixresults,0.9176170328177891
tests,submission,0.9800942818401479
tests,marmoset,0.9720775329766981
tests,snapshot,0.9665316027747166
tests,failed,0.9621485674083308
tests,unit,0.9614720072283833
tests,run,0.961177895115922
tests,warnings,0.9584048428948291
tests,findbugs,0.9580664484517782
tests,grading,0.9571285398779148
tests,submit,0.952227985468298
scs,scss,0.970117749712506
scs,query,0.9641811635413069
scs,temporal,0.9582689686883971
scs,authors,0.9484997353091287
scs,mr,0.946373473767069
scs,queries,0.9444922411365533
scs,entities,0.9410908398119414
scs,operate,0.9410074482056773
scs,author,0.9395087961505522
scs,scql,0.9394507901054281
sigma,continuous,0.9847324655574317
sigma,sei,0.9824747470010442
sigma,dmaic,0.9799812995761764
sigma,manufacturing,0.9790954784788618
sigma,opportunities,0.9778344843499829
sigma,six,0.9760520641291348
sigma,gqm,0.9759808190155205
sigma,cmmi,0.9728241927857743
sigma,customer,0.9585707807933723
sigma,affecting,0.9571918876003418
false,positives,0.9806515572439785
false,set,0.9589198575614502
false,table,0.9574767348233533
false,before,0.9536276092665106
false,manually,0.95205232107359
false,did,0.9515511364048825
false,if,0.9514066078304898
false,cation,0.9510812513920299
false,found,0.9507953080743284
false,true,0.9506866857702252
renamings,mismatch,0.9773422473056474
renamings,stop,0.9759461665813447
renamings,maps,0.97593580522353
renamings,bijection,0.9753776436876885
renamings,break,0.9686762237683662
renamings,renamed,0.9667316071439542
renamings,typedefs,0.9620613617081724
renamings,bodies,0.95859647989013
renamings,renam,0.9552673291487447
renamings,miss,0.9507085548076956
subset,author,0.962460618627764
subset,element,0.9623465848100046
subset,mr,0.9613238290002223
subset,mrs,0.9588448136614383
subset,authors,0.9585599242860303
subset,revision,0.9488598196440905
subset,set,0.9469132539748341
subset,file,0.9466796277813784
subset,entities,0.9466622268885214
subset,represented,0.9462646329577864
sequence,common,0.9629000092950599
sequence,changing,0.9572481002023998
sequence,changed,0.9535631768817778
sequence,add,0.951776372940872
sequence,identical,0.9514513568818413
sequence,fine,0.9509812863916887
sequence,versions,0.9501866623319787
sequence,change,0.9498816743751703
sequence,syntactically,0.9492310295732342
sequence,if,0.9491112651887992
foo,last,0.9545769988351765
foo,exist,0.9532905094870656
foo,bar,0.944516265194377
foo,times,0.9419989869505085
foo,function,0.941618486278638
foo,old,0.9409210326097652
foo,if,0.9407227311220597
foo,reported,0.9394102450762181
foo,count,0.9379189757161441
foo,after,0.9372242468516088
maps,break,0.9765937529379789
maps,renamings,0.97593580522353
maps,bodies,0.9746760167958082
maps,stop,0.9656802697830711
maps,encounter,0.9637524577491399
maps,asts,0.9604691413906129
maps,mismatch,0.959810037969305
maps,bijection,0.9575617151569698
maps,late,0.9519162424167023
maps,ast,0.9504511620922811
signatures,signature,0.992076110652603
signatures,grain,0.9764072515513569
signatures,ordering,0.9709857630179171
signatures,kinds,0.9680591079401111
signatures,fine,0.9668855971967054
signatures,taxonomy,0.9655219257504908
signatures,parameter,0.9630932363941496
signatures,observed,0.9629427189607248
signatures,deletion,0.9601942713869898
signatures,eight,0.9588127922506666
public,up,0.9539755291108358
public,con,0.9532595502474586
public,contains,0.9527231331219579
public,many,0.9510319215678577
public,only,0.9497087557781883
public,check,0.9496935358185465
public,additional,0.9496369890410608
public,but,0.9495646906427266
public,have,0.9493190529640321
public,some,0.9492811322158008
37,32,0.9618387028042719
37,35,0.959033385728864
37,34,0.9536314862927098
37,38,0.948284216297266
37,39,0.9477111282554647
37,42,0.94525031103372
37,41,0.9445039284044516
37,distribution,0.9430914444481119
37,presents,0.9417172203692898
37,means,0.9414073053704268
meta,challenges,0.9583424222548165
meta,task,0.9467062029672537
meta,team,0.9455179324981495
meta,discuss,0.9454263156139502
meta,contain,0.9425151038838012
meta,range,0.942049140103315
meta,com,0.9420477892690853
meta,studied,0.9413953194420195
meta,needs,0.9408430732554887
meta,section,0.9406226014619036
updating,dynamic,0.9690904205427088
updating,characterize,0.9690012976559463
updating,design,0.9638192648594086
updating,evolves,0.9614783469078405
updating,programs,0.9586810637019612
updating,running,0.9584207920277339
updating,popular,0.955981111235807
updating,vsftpd,0.9551773432348577
updating,kernel,0.9535027825309427
updating,implementation,0.952770483092781
loc,releases,0.9669902343667975
loc,size,0.9575316215680718
loc,kernel,0.957246202023067
loc,linux,0.9553594510029542
loc,over,0.9546229134312594
loc,modules,0.9544578429895301
loc,similar,0.9541784412363354
loc,respect,0.9520591578620285
loc,module,0.9505769802936636
loc,show,0.9500021789045838
mismatch,renamings,0.9773422473056474
mismatch,stop,0.9715295569790199
mismatch,renamed,0.9679982725917902
mismatch,bijection,0.9663060374797763
mismatch,renam,0.9599693769455637
mismatch,maps,0.959810037969305
mismatch,miss,0.9585587487743285
mismatch,ast,0.9582202676762719
mismatch,body,0.955033448830374
mismatch,asts,0.9517176750468848
primary,real,0.9652208670324134
primary,sometimes,0.9592844078483593
primary,address,0.956965053610496
primary,cases,0.9565653303231435
primary,same,0.9517845509698788
primary,erent,0.9512857867374811
primary,many,0.9485622080016457
primary,even,0.9485534423338676
primary,built,0.9483418578500119
primary,appear,0.946560472828725
assignments,habits,0.9745941004114383
assignments,students,0.9652907180508625
assignments,student,0.9637994266056907
assignments,assignment,0.955814424224134
assignments,third,0.9554912758215246
assignments,normalized,0.9547253936026037
assignments,bottom,0.9518236242259293
assignments,features,0.9497622322126179
assignments,drawn,0.9484087507689376
assignments,166,0.9461667262244375
icsm,ieee,0.9696556503618939
icsm,sept,0.9683952779593346
icsm,wcre,0.9651162807830561
icsm,september,0.9650676565100318
icsm,populating,0.963958682967204
icsm,gall,0.9639200315506945
icsm,computer,0.9606200069042727
icsm,history,0.9603352889990984
icsm,principles,0.9598899709090917
icsm,notes,0.9594906126671088
lifetime,openssh,0.9794184124286255
lifetime,vsftpd,0.9775713668174368
lifetime,apache,0.9565960754667888
lifetime,deletions,0.9542144382467105
lifetime,dsu,0.9527294390551748
lifetime,ver,0.9518028758242866
lifetime,additions,0.951695480575093
lifetime,size,0.9502682306374521
lifetime,dead,0.95011728609176
lifetime,versions,0.9497127948875731
practitioners,srs,0.973531204248296
practitioners,agile,0.9715973335882169
practitioners,focused,0.965585289710814
practitioners,review,0.9655200948649079
practitioners,solve,0.9607078328280485
practitioners,covered,0.9605549028472707
practitioners,ndings,0.9591131411774629
practitioners,se,0.9552652122406422
practitioners,websites,0.9549882923552607
practitioners,recurrent,0.9540115638096944
procedure,match,0.9497607045933306
procedure,two,0.9468941190909046
procedure,then,0.9460758515836594
procedure,nding,0.9459619516252606
procedure,cient,0.945536257822072
procedure,global,0.9439464256349238
procedure,figure,0.9425362255844014
procedure,local,0.9424499239875849
procedure,per,0.9424444536468366
procedure,matching,0.9418021389637447
according,rich,0.9637030058751606
according,projects,0.9636255064552921
according,studies,0.9632114850983937
according,provide,0.9619407458164759
according,project,0.9605274141776827
according,means,0.9602517703108231
according,developers,0.96004897822797
according,general,0.959171537721031
according,will,0.9589172913162908
according,there,0.9587076123236351
eld,reason,0.968530429620945
eld,same,0.968347000542499
eld,would,0.9676580146096334
eld,when,0.9667485651335422
eld,even,0.9665350444709564
eld,result,0.9665020807917528
eld,problem,0.9663606995478364
eld,them,0.9657765564944869
eld,many,0.9656901785885048
eld,not,0.9656534148312678
modified,modification,0.9696261976580841
modified,differencing,0.9689921005617825
modified,file,0.9636237986744209
modified,change,0.9623687452983333
modified,entity,0.9615964428155369
modified,addition,0.9610551721470346
modified,120,0.9592231755026261
modified,granularity,0.9591875133430389
modified,observed,0.9591621492060436
modified,via,0.9591317682280691
signal,recognition,0.9811187506118333
signal,cepstrum,0.9777662525696724
signal,series,0.9727986557178838
signal,lpc,0.9687166199503846
signal,spectral,0.9643479613862175
signal,coefficients,0.9626343139560063
signal,representations,0.9573049356333029
signal,signals,0.956055370871858
signal,distortion,0.954984734219481
signal,evolving,0.9534337465423168
sites,patterns,0.9598659873400593
sites,called,0.9589622004636948
sites,pattern,0.9575660364411339
sites,more,0.9543803551201719
sites,involved,0.9538520076965631
sites,call,0.9517707500790853
sites,relatively,0.9510754242469659
sites,need,0.9508938192884867
sites,useful,0.9507116166506193
sites,specifically,0.9506027847016698
strings,below,0.9494842164828384
strings,website,0.9488306633972283
strings,ones,0.9457044073042356
strings,classi,0.9454926178446483
strings,cover,0.9437006846258822
strings,focused,0.9435605710034175
strings,questions,0.9421981497487322
strings,description,0.9421660834448125
strings,speci,0.9416030056383085
strings,table,0.9412661847538158
achieve,quality,0.9665938077816549
achieve,good,0.9637880715501672
achieve,opportunity,0.9610941401436324
achieve,six,0.95994231270831
achieve,processes,0.956009784301799
achieve,experience,0.9550643219736334
achieve,steps,0.9549663603357326
achieve,reducing,0.954603933762321
achieve,widely,0.9541761263870974
achieve,mean,0.9540351637612313
erences,programs,0.9725634721190317
erences,implementation,0.9688185369323628
erences,identifying,0.963246191222948
erences,194,0.9593405146842835
erences,between,0.9592729571153021
erences,versions,0.9590112671420924
erences,two,0.9587861849213359
erences,contrast,0.9585093801091176
erences,types,0.9579415036288309
erences,variety,0.9572141737855246
extracting,etc,0.9758088995778642
extracting,extracted,0.9692050684860787
extracting,some,0.9665198436937016
extracting,those,0.9662002013705878
extracting,from,0.9658541068657379
extracting,can,0.9658026491902674
extracting,identi,0.9656416481750307
extracting,cation,0.965461161307193
extracting,need,0.9654582080957776
extracting,being,0.9654553864819864
parsing,per,0.9522629206487288
parsing,form,0.949884267602515
parsing,versions,0.9495902189849568
parsing,were,0.9481250599797287
parsing,than,0.9473060733603069
parsing,two,0.9472761447586302
parsing,figure,0.9472458147316676
parsing,simple,0.9464971525647085
parsing,total,0.9464820146965319
parsing,provides,0.9459519821097453
respectively,considered,0.9645733790338766
respectively,section,0.9611506020197984
respectively,ex,0.9608362950386692
respectively,since,0.9606631893635867
respectively,mentioned,0.9603744626204649
respectively,selected,0.9596411731602027
respectively,pre,0.9588124186858559
respectively,very,0.958673424292332
respectively,ap,0.9583208770713494
respectively,like,0.9582913806111972
46,36,0.9817562357436771
46,47,0.9712262737963235
46,66,0.9616785657233083
46,51,0.9614408327882923
46,79,0.9560550776977583
46,72,0.9534401562108447
46,61,0.9524428989176261
46,71,0.9522500592358432
46,54,0.9516208586316981
46,63,0.9478433187433626
basis,stored,0.969267226791706
basis,repository,0.9664974658003344
basis,entities,0.965759203428852
basis,how,0.9656987180398189
basis,track,0.9655910887347681
basis,such,0.9654855888189493
basis,these,0.9651903596626218
basis,identify,0.9649219263019351
basis,set,0.964249674736229
basis,into,0.9639620768607681
clear,key,0.9698482960549064
clear,terms,0.9682033296441337
clear,characteristics,0.9675260413265886
clear,experience,0.96679479478033
clear,selected,0.9652501426902649
clear,better,0.964348872557018
clear,time,0.9642881935984645
clear,quite,0.9642051406658767
clear,very,0.963579760271279
clear,results,0.9633661658901109
focused,testing,0.9725405046988087
focused,questions,0.9715934122515048
focused,evidence,0.97139887278674
focused,practitioners,0.965585289710814
focused,trying,0.9624376109110555
focused,ones,0.9610437679520212
focused,below,0.9606743663482996
focused,speci,0.960394100353282
focused,ndings,0.9600712560039566
focused,quality,0.9595112288165075
grouping,term,0.972187631331781
grouping,keywords,0.9683889394852856
grouping,pre,0.9683249920233609
grouping,around,0.9676588043475622
grouping,concept,0.9672504276520211
grouping,keyword,0.964158982668301
grouping,word,0.9623960007262145
grouping,root,0.9621140079094668
grouping,occur,0.9602748978876263
grouping,ers,0.9598210894642221
idea,technique,0.967248612970036
idea,pre,0.967067767436791
idea,method,0.9662001331470055
idea,section,0.9661245909846574
idea,understanding,0.9649183660172658
idea,experience,0.9623804811034544
idea,like,0.9619594632579642
idea,key,0.9618237447033539
idea,thus,0.9616507402770587
idea,terms,0.9609081789313094
informa,tion,0.9673048526615955
informa,some,0.9650883659710651
informa,many,0.9648424585624413
informa,use,0.964418532857703
informa,several,0.9641451359908845
informa,can,0.9627990705106874
informa,tracking,0.9626897625921449
informa,performing,0.962660668089089
informa,cation,0.9624343763336908
informa,often,0.9618191764206694
measured,out,0.9540387373086316
measured,result,0.9497738987576598
measured,space,0.9490661719806606
measured,features,0.946526296799532
measured,fact,0.9462965853331367
measured,results,0.9460945634121488
measured,were,0.9458247696350777
measured,complete,0.9452761800945951
measured,do,0.9452118656664343
measured,did,0.943961930196284
organized,proposed,0.97091516251995
organized,techniques,0.970388466351634
organized,during,0.9680560119951098
organized,about,0.9679043189771401
organized,need,0.9678024151451035
organized,can,0.9669513837620322
organized,such,0.9667657836652201
organized,these,0.9667387674295211
organized,et,0.9667114710166513
organized,use,0.966630215526413
os,logs,0.9588205233256599
os,linux,0.9551347260385981
os,structure,0.954793040758691
os,sub,0.9545352666482483
os,netbsd,0.9519798061967915
os,derived,0.9509545343272391
os,onto,0.9495016487609703
os,shows,0.9481323109399036
os,variants,0.9475852356168928
os,depicted,0.947172504884313
phase,first,0.9709932584934765
phase,time,0.9685802176787426
phase,could,0.9684557499338671
phase,are,0.9660343728100984
phase,applied,0.9658937809570919
phase,be,0.9654169660324974
phase,over,0.9653993953623365
phase,has,0.9652527736223289
phase,identify,0.9648566467987405
phase,it,0.9646243656942836
removed,indicates,0.9662797020497292
removed,add,0.9636502007306045
removed,when,0.9606655120493335
removed,indicate,0.9604020838204024
removed,programmers,0.959628631340403
removed,would,0.9594395376286637
removed,if,0.9592508146586738
removed,change,0.9592410336408637
removed,least,0.9589141126021572
removed,automatically,0.9586097162728093
statistical,features,0.9658424550191125
statistical,course,0.9657304145685079
statistical,performance,0.9643291080728766
statistical,quantitative,0.9612030260815088
statistical,goals,0.9605860650922968
statistical,about,0.955802530544644
statistical,repository,0.9554960776027968
statistical,outlines,0.9545393724973612
statistical,any,0.9542650530292478
statistical,who,0.9542282108925808
typically,such,0.9729006071476959
typically,during,0.9725514533576081
typically,work,0.9725471756406954
typically,these,0.9722658369945871
typically,computer,0.9722068285883754
typically,can,0.9720297937314473
typically,from,0.9720038479188191
typically,use,0.9715118934979426
typically,part,0.9714911853129544
typically,database,0.9713578557271827
updated,over,0.9676377837059925
updated,running,0.9628760686357642
updated,show,0.9617312786871719
updated,general,0.9612281124512094
updated,currently,0.9609681260176035
updated,current,0.9607509064213139
updated,how,0.9605714737489126
updated,these,0.9601867486244324
updated,has,0.9595684422477573
updated,future,0.9590353333922059
write,written,0.9671225936243996
write,writing,0.9627875110117788
write,necessarily,0.9608153513472828
write,out,0.9600663706339136
write,do,0.9588828695008706
write,total,0.9568940668328583
write,not,0.9560426164975637
write,lines,0.9559761278272656
write,value,0.9557595068496261
write,shown,0.9557426925604169
004,5,0.76274996535489
004,ay,0.7330884485967625
004,4,0.7183440649002402
004,2004,0.7154604307910603
004,at,0.7151694786196494
004,ng,0.710543026422858
004,th,0.7082808436127802
004,es,0.7051500230463486
004,28,0.7045863208875812
004,ss,0.7038495621396215
675,1977,0.9993517595766435
675,664,0.9976618684288422
675,tu,0.9943243281899934
675,godfrey,0.9869051374042025
675,integrated,0.9782985760156718
675,studying,0.9651408223388971
675,architectural,0.9641937356786594
675,intl,0.946948306894984
675,q,0.9411698430466973
675,comprehension,0.9267044624102576
attempts,known,0.9733173604413625
attempts,about,0.9716001400645353
attempts,large,0.9706703699971561
attempts,repository,0.9705634823956486
attempts,amount,0.9703121464513428
attempts,it,0.97004966945616
attempts,their,0.9694398194757793
attempts,these,0.9686610055276106
attempts,such,0.9686093963069786
attempts,from,0.9683694631766591
bind,vsftpd,0.9592477858257351
bind,openssh,0.952048904549695
bind,kernel,0.9486112154338286
bind,apache,0.940735000521314
bind,updating,0.9392858037507763
bind,programs,0.9367462550394835
bind,dec,0.9366650288648326
bind,versions,0.935548314137803
bind,lifetime,0.9349716498290376
bind,popular,0.9348965497387505
cial,artifacts,0.974445995761193
cial,history,0.973762252380235
cial,techniques,0.9701096710071024
cial,different,0.9700811759863766
cial,proposed,0.9689157010417792
cial,et,0.9686928515053403
cial,database,0.9685401708988026
cial,about,0.9672629346475557
cial,through,0.96708117829319
cial,release,0.9667997576273188
decreasing,between,0.97450087519743
decreasing,figure,0.9694407963631074
decreasing,shows,0.9684299308759048
decreasing,change,0.9682741868320557
decreasing,indicates,0.9673876627143458
decreasing,were,0.9673051392516354
decreasing,see,0.9669108807352172
decreasing,each,0.9668391127229499
decreasing,times,0.9657873375001789
decreasing,average,0.9655204721879502
dependency,history,0.9739459747252545
dependency,dependencies,0.9691373939211707
dependency,et,0.9678135649117683
dependency,change,0.9665256774995992
dependency,releases,0.9659069737713925
dependency,release,0.9658499953472288
dependency,respect,0.9655110133405743
dependency,detection,0.9633274955081337
dependency,cial,0.9622257878925488
dependency,proposed,0.9614182042962486
ective,design,0.9739019566053666
ective,refactoring,0.9738970639627935
ective,enables,0.964815250497292
ective,apply,0.9646048532971936
ective,consider,0.9636879379144143
ective,programmers,0.9627461730580432
ective,bad,0.960598266160965
ective,reveal,0.9579211203997561
ective,often,0.957253536823806
ective,history,0.9572335275646566
ensure,true,0.958083140221111
ensure,any,0.9540431221984949
ensure,generated,0.9532072807549896
ensure,dataset,0.9524578155569603
ensure,requirements,0.9493676163906795
ensure,possible,0.948373180562602
ensure,must,0.9478177509649782
ensure,sets,0.9477395869314227
ensure,produced,0.9466555887516972
ensure,trace,0.9465137841215002
evaluate,projects,0.9694828646870097
evaluate,large,0.9680465272657062
evaluate,users,0.9678841314907457
evaluate,provide,0.9673615813601363
evaluate,model,0.9660526174615316
evaluate,project,0.9659347257090555
evaluate,rich,0.9651069638084571
evaluate,help,0.9648308282260224
evaluate,developers,0.9646697588053343
evaluate,through,0.9638488753457894
evolved,design,0.9728876328685736
evolved,consider,0.9690894809735514
evolved,history,0.9687036883046097
evolved,during,0.9657960249003823
evolved,decisions,0.9634399362513308
evolved,long,0.9632017980967198
evolved,how,0.9624689758454736
evolved,past,0.962208413528381
evolved,several,0.9615269343941697
evolved,releases,0.9610800072921766
gineering,ineering,0.915841994342177
gineering,2004,0.9148695170799512
gineering,may,0.9143335779639876
gineering,on,0.9024500945608176
gineering,5,0.9001275198861459
gineering,software,0.8956465531426536
gineering,ng,0.8950414016322388
gineering,n,0.8913474438213986
gineering,ware,0.8912725122615129
gineering,563,0.8897724426612483
ide,aggregate,0.9302384651143155
ide,sity,0.9276284118702853
ide,header,0.9248847516769367
ide,elds,0.9226827485566291
ide,linux,0.9214048640406163
ide,branches,0.9206787164244616
ide,report,0.919210672943801
ide,dec,0.9180291977910275
ide,den,0.9179164191640176
ide,versions,0.9178575426847169
infor,mation,0.9951070267371869
infor,contain,0.9712763273149231
infor,described,0.9653693195586763
infor,some,0.9634147087627996
infor,second,0.9627974512306643
infor,contains,0.9621456402727964
infor,cation,0.9611047313731163
infor,however,0.9610458460365078
infor,many,0.960816451225186
infor,various,0.9606588361748941
ltering,networks,0.969963765841171
ltering,social,0.9669090244241869
ltering,few,0.9629034422875116
ltering,oss,0.9577936029175157
ltering,members,0.9576200771253374
ltering,among,0.9565227887896885
ltering,developers,0.953911695241316
ltering,rich,0.9537283285609726
ltering,relationship,0.9534498555033868
ltering,filtering,0.9532060394032611
manual,using,0.9740478133042683
manual,we,0.9733867149314903
manual,not,0.9732011064268591
manual,that,0.972904658042574
manual,how,0.9728659249338765
manual,report,0.9723215575538107
manual,from,0.9717467527846901
manual,are,0.9715151482080354
manual,be,0.9714489725074154
manual,has,0.9709302418224852
note,produced,0.963857108234764
note,very,0.9632340086055351
note,along,0.9578569894933626
note,us,0.957533870952913
note,generated,0.9559683350341861
note,space,0.9554774097079737
note,true,0.9549596270378742
note,key,0.9548446541476605
note,shown,0.9545670219028696
note,too,0.954545290950341
recorded,different,0.9777155408128668
recorded,from,0.973189257839407
recorded,time,0.9730790014728941
recorded,particular,0.9727285081645757
recorded,it,0.9720333938897661
recorded,such,0.9719968726808877
recorded,be,0.9719519490517599
recorded,can,0.9717975802160053
recorded,these,0.9716814182130222
recorded,into,0.9714088362363686
similarly,if,0.9659174342103912
similarly,two,0.9618763843796223
similarly,local,0.9571007630568913
similarly,when,0.9561161916575838
similarly,where,0.955900763710696
similarly,often,0.9558578082402269
similarly,would,0.9558064878960766
similarly,uses,0.9556905119954369
similarly,does,0.9556706868137168
similarly,up,0.9552172978074607
solve,practitioners,0.9607078328280485
solve,ndings,0.9603753269554876
solve,majority,0.959997241996456
solve,focused,0.9585799593921291
solve,cover,0.9583232283092868
solve,selection,0.9562191837501204
solve,assessing,0.9558429340176775
solve,posted,0.9552996658944455
solve,srs,0.9545087698287112
solve,extent,0.9539346030108452
st,00,0.9582557330406939
st,k,0.9506106206703012
st,requires,0.9472570802637281
st,lists,0.9456503975502002
st,prior,0.9455869313897416
st,123,0.9451980122849202
st,copyright,0.9447712750263201
st,0005,0.9445788993028115
st,59593,0.9441098374336091
st,page,0.9438955370764317
taken,log,0.9727153526235447
taken,been,0.9722702783758388
taken,following,0.9717235332709924
taken,be,0.970592794974475
taken,it,0.9698000926106998
taken,can,0.9697987217822663
taken,applied,0.9697947270002147
taken,into,0.9696335062667422
taken,con,0.9696296745893778
taken,such,0.9696163702263817
widely,processes,0.9759787080342456
widely,through,0.9700144333141569
widely,project,0.969366903650787
widely,about,0.9690825979007431
widely,provide,0.9689049885783008
widely,projects,0.9656187850936535
widely,part,0.9654695370904165
widely,measurement,0.9651827773726305
widely,research,0.9648148561863522
widely,use,0.9645814135867815
zero,experiments,0.954497363199811
zero,did,0.9520328055932658
zero,was,0.9510621199361656
zero,space,0.9510214539389084
zero,third,0.9507659930656595
zero,cally,0.9483116048594213
zero,were,0.9481729843092678
zero,low,0.9475095175212724
zero,class,0.94718806443112
zero,b,0.9471250855799365
awb,joan,0.9749490493767814
awb,categorization,0.9683644230084325
awb,tags,0.9651067057943552
awb,sue,0.965005496989219
awb,pam,0.9600363544345463
awb,todo,0.9598070520664049
awb,please,0.9530900586638242
awb,tag,0.9529737508815297
awb,codebase,0.9490450970194586
awb,comment,0.9449372004757426
dence,fixed,0.9742739824177925
dence,resolved,0.9640324935044928
dence,assign,0.9606324244088761
dence,link,0.9536328789604747
dence,conditions,0.9520318157416342
dence,closed,0.9440638374580193
dence,ta,0.9385227631392413
dence,message,0.9358388687073214
dence,links,0.9338150520465074
dence,xed,0.9333080224721916
axis,nitions,0.9572218429490429
axis,far,0.9524064668276244
axis,plots,0.9521896028102322
axis,size,0.9472805633850943
axis,relative,0.9439212592688431
axis,programs,0.9427188632908403
axis,deleted,0.9426365175697902
axis,over,0.9416928664868391
axis,openssh,0.9409218880064532
axis,similar,0.9401214857678469
dirent,idf,0.977259032364667
dirent,udos,0.9758632711634787
dirent,tf,0.9749376245591597
dirent,fat12,0.9734083995051863
dirent,concept,0.9719663001007703
dirent,cktf,0.968480506532766
dirent,keyword,0.966673138481629
dirent,viewer,0.9629553111404141
dirent,keywords,0.9594056987274322
dirent,lan,0.9550907019074555
roles,role,0.9672399138876366
roles,users,0.9629359732267848
roles,developers,0.9628442357348794
roles,devel,0.9607355514905711
roles,peripheral,0.9605444402016181
roles,knowing,0.9587099969217452
roles,proprietary,0.9569849652156561
roles,ye,0.9558739276466525
roles,kishida,0.9558739276466525
roles,developer,0.9540418838009287
warnings,run,0.9674689160204498
warnings,unit,0.9638545436365675
warnings,test,0.9631237024618742
warnings,snapshots,0.9596035681693258
warnings,findbugs,0.9594319588441939
warnings,tests,0.9584048428948291
warnings,submission,0.9565502592360311
warnings,exceptions,0.9557643093604522
warnings,snapshot,0.9545348051078915
warnings,failed,0.9534719208449731
labelled,pam,0.9836101079716806
labelled,sue,0.9792731613109473
labelled,places,0.9767608633710383
labelled,joan,0.9747358333165015
labelled,hack,0.9735010039926024
labelled,ecr,0.9722261838545503
labelled,todo,0.9702322556621363
labelled,comment,0.9688679255604273
labelled,eclipse,0.9619322763213207
labelled,please,0.9618856403666562
ii,sr,0.9322938304498358
ii,se,0.9223969900030535
ii,cover,0.9122882633968626
ii,293,0.9110727318468023
ii,srs,0.9097471636048742
ii,exchange,0.9069181815772893
ii,45,0.9050259997806198
ii,classi,0.9034009648592591
ii,ndings,0.9032182077023233
ii,strings,0.9031816177804457
smell,evolvability,0.9766481093133846
smell,smells,0.9766324388920458
smell,couplings,0.9734296879621622
smell,refactorings,0.9701467334377902
smell,engineer,0.9653383776743829
smell,viewing,0.964048686241382
smell,interfaces,0.9629211011536141
smell,spot,0.959769138388423
smell,situation,0.9580247207055694
smell,move,0.9574605916343013
u,an,0.956676345087619
u,i,0.9564517494355869
u,o,0.9545732721370501
u,e,0.953973765951078
u,figure,0.9535440145810534
u,out,0.952666704437163
u,per,0.9522213603919591
u,g,0.9521817513870625
u,lines,0.9519242260279362
u,ing,0.951721066595625
peripheral,kishida,0.9793243485341863
peripheral,ye,0.9793243485341863
peripheral,legitimate,0.9757684595181926
peripheral,participation,0.971929027205999
peripheral,lpp,0.9660571439382196
peripheral,role,0.9649364092610498
peripheral,network,0.9605636669625923
peripheral,roles,0.9605444402016181
peripheral,social,0.9585195611198934
peripheral,devel,0.9566363242507745
calculated,combined,0.9556340974332898
calculated,co,0.9553552511850558
calculated,among,0.9532366054457122
calculated,those,0.9501047352564851
calculated,attributes,0.9487010365060216
calculated,access,0.9475197951158636
calculated,implies,0.947411716968293
calculated,same,0.9469332857619316
calculated,small,0.9461925291727975
calculated,will,0.9461741713021661
consistent,consistently,0.9831777784130264
consistent,clone,0.9805908314871512
consistent,genealogy,0.9774796171133824
consistent,clones,0.9767238384657688
consistent,cloning,0.971964896593652
consistent,programmers,0.9698935694494618
consistent,lineage,0.9668570183464129
consistent,genealogies,0.9664657809622206
consistent,snippets,0.9655422756945898
consistent,impose,0.9629401587369643
whole,from,0.9717070999329747
whole,than,0.9709705968171083
whole,it,0.9702741824430643
whole,all,0.9697647252041537
whole,very,0.9689551052004213
whole,results,0.9686881507286325
whole,we,0.9685774440200059
whole,have,0.9684057438101189
whole,are,0.9682280661112872
whole,also,0.9681900732021982
500,two,0.9612451855902067
500,versions,0.958159491476195
500,implementation,0.9580743670220961
500,changed,0.9573870210220249
500,detected,0.9573597661447836
500,classes,0.957080706021987
500,200,0.9562227400351945
500,change,0.9558218781012882
500,between,0.9555163757381073
500,over,0.9552441004316423
addresses,address,0.965806558315655
addresses,mail,0.9586222702694956
addresses,cases,0.9581126744033299
addresses,list,0.9576669906390345
addresses,tracking,0.9574252256804621
addresses,assigned,0.9540230056207708
addresses,mailing,0.9525250011735942
addresses,sometimes,0.9522126008441616
addresses,those,0.9503106322927942
addresses,extracting,0.9483955028692033
architecture,gall,0.9662395832222442
architecture,march,0.9647738320286188
architecture,history,0.9639431305097195
architecture,large,0.9634665306058234
architecture,through,0.9630947558152056
architecture,al,0.9628392474664398
architecture,work,0.9627565225484744
architecture,analyzing,0.9621375012420985
architecture,pinzger,0.9621027662597424
architecture,et,0.9619243730705023
market,approaches,0.9729703107973053
market,basket,0.965010145569974
market,answer,0.9610327806545289
market,defined,0.9595799737811792
market,addressed,0.9584267424192185
market,granularity,0.9574401636995782
market,need,0.9563799136018526
market,modification,0.9563604918370535
market,underlying,0.9562527831867624
market,terms,0.9557905098557058
52,32,0.948663829969832
52,48,0.945931032539209
52,34,0.9414418802030899
52,37,0.9376960022476757
52,47,0.9346396626374742
52,46,0.9306938108539431
52,41,0.9293879587119923
52,45,0.9260057603606365
52,2,0.924468199849779
52,36,0.9237919228099865
79,36,0.970358837114923
79,71,0.969817134002656
79,66,0.9615633990792954
79,47,0.9611962392515797
79,63,0.9590779220772874
79,61,0.9573723340071163
79,54,0.9567696992151811
79,72,0.9560934417399256
79,46,0.9560550776977583
79,77,0.9544334084351109
differencing,modified,0.9689921005617825
differencing,prevalence,0.9671238133321411
differencing,semantic,0.9667394686231465
differencing,entity,0.966546339633533
differencing,collard,0.9663533586125438
differencing,raghavan,0.9626752024724676
differencing,syntactic,0.9613047307584794
differencing,120,0.9598173948375154
differencing,annotations,0.9595022597419691
differencing,granularity,0.9594059959661032
difficult,distributions,0.9724588327881736
difficult,difficulties,0.9612997577804403
difficult,sampling,0.9572092914740182
difficult,collection,0.9545446303359767
difficult,floss,0.9533934489424273
difficult,practical,0.9527247896600388
difficult,analyses,0.9521857953740265
difficult,datasets,0.9483808155469039
difficult,designed,0.9471979586208907
difficult,researcher,0.9457094318615624
implications,question,0.9667009994341818
implications,methods,0.9639716095552521
implications,quality,0.9639675320495904
implications,what,0.9634917012875968
implications,beyond,0.9633089842973273
implications,answer,0.9620424174579689
implications,related,0.9618747886098745
implications,questions,0.9611721600228894
implications,requirements,0.960730482753219
implications,low,0.9603394518220119
interactions,interaction,0.9689067292356984
interactions,project,0.9640153898590659
interactions,projects,0.9628199020659797
interactions,provide,0.9614510735679145
interactions,through,0.9582407877234802
interactions,repository,0.9576547926927782
interactions,develop,0.9574120675189519
interactions,about,0.9573808913756623
interactions,groups,0.9559676216890826
interactions,importance,0.9556226470448248
limitations,because,0.9638145382252037
limitations,often,0.9606479366173124
limitations,many,0.9606182944171311
limitations,not,0.9587203252863066
limitations,but,0.9572884423018382
limitations,would,0.9570205985351269
limitations,avoid,0.9557951258985931
limitations,least,0.9554189771503447
limitations,believe,0.9551685568743467
limitations,design,0.955086152152773
nition,implies,0.9614038883173004
nition,same,0.9552809917308076
nition,ned,0.9506859857052399
nition,appear,0.9497763554155525
nition,gives,0.9484490023781509
nition,then,0.9475841479021654
nition,follows,0.9472994652403848
nition,does,0.9471159443511364
nition,them,0.9468875882541701
nition,identi,0.9466284844667073
platform,different,0.9633108714319033
platform,operating,0.9620669969499596
platform,cial,0.9611449425288956
platform,techniques,0.959544542555864
platform,proposed,0.9593599275889355
platform,through,0.9584305266587113
platform,structure,0.9579792076692009
platform,from,0.9577155370719597
platform,et,0.957418145064614
platform,building,0.9572635710347541
products,evolutionary,0.9670255832855732
products,building,0.9615354509349026
products,views,0.9543098417038361
products,bsd,0.9537934691490275
products,variants,0.9525667097091561
products,release,0.9516735025295621
products,representative,0.9505780592557148
products,platform,0.9504115663384176
products,research,0.9496388083654654
products,cial,0.949232509974457
views,evolutionary,0.9632282137385679
views,techniques,0.9610924921389363
views,through,0.9603925913439406
views,different,0.9591458599965821
views,single,0.9585777692258768
views,tion,0.9585093336422168
views,cial,0.9571044015263503
views,history,0.9567784376737964
views,artifacts,0.9564437452474074
views,about,0.9559757084093983
assigned,cases,0.9628721929619504
assigned,cation,0.9613677278845705
assigned,corresponding,0.9602466995870645
assigned,described,0.9590422657687475
assigned,heuristics,0.9587245027840404
assigned,some,0.9582234909927043
assigned,already,0.9568047602212422
assigned,every,0.9566904534127678
assigned,sometimes,0.9559895248771576
assigned,following,0.9554169208180437
assumption,109,0.9552063070438979
assumption,changed,0.9549644126660899
assumption,if,0.9537538570806672
assumption,changing,0.9515731827992708
assumption,versions,0.951572471182307
assumption,old,0.9489143286905986
assumption,two,0.9485592998338361
assumption,reported,0.9470601525288052
assumption,indicates,0.9465237695960632
assumption,would,0.9464834730944993
codebase,task,0.9517454921183233
codebase,comment,0.9515120014408815
codebase,awb,0.9490450970194586
codebase,informal,0.9489396256010221
codebase,eclipse,0.9475087437005854
codebase,request,0.9471925244413572
codebase,challenges,0.9421473486704279
codebase,tags,0.9421389991015185
codebase,contain,0.9411959956120595
codebase,reside,0.9411515683576417
comparable,ossmole,0.98822025186026
comparable,reproducible,0.9821437808730565
comparable,floss,0.9800181125081218
comparable,academic,0.9795688249339161
comparable,collection,0.9787546243652804
comparable,analyses,0.9772496579715735
comparable,compatibility,0.9762149198205429
comparable,scripts,0.9718782800531419
comparable,free,0.9644430720870327
comparable,traceable,0.964196031852713
complexity,time,0.9701402899905114
complexity,most,0.967918285546219
complexity,well,0.9677132118845257
complexity,very,0.965637449044513
complexity,from,0.9654823846910329
complexity,way,0.9654090702672948
complexity,terms,0.965273083334868
complexity,results,0.9651695141914047
complexity,also,0.9645425768504073
complexity,applied,0.9640294145983157
errors,that,0.9623981377468547
errors,has,0.9621742104531963
errors,we,0.9615966864468599
errors,have,0.9615853870173103
errors,not,0.961382202043493
errors,be,0.9613317933354144
errors,been,0.9608428378509168
errors,when,0.9606439415876125
errors,cause,0.9604942150201798
errors,do,0.960412176741511
fischer,gall,0.9895605713901565
fischer,pinzger,0.9867915123400315
fischer,populating,0.973359031025341
fischer,history,0.9679656357854975
fischer,european,0.9677563758140451
fischer,release,0.9657940649851342
fischer,visualizing,0.9637740549986787
fischer,historical,0.9596400634944302
fischer,visualization,0.9581158423588558
fischer,murphy,0.9580930961426151
intent,managers,0.9607250903588658
intent,activities,0.9598962190665277
intent,tools,0.9579913250168158
intent,focus,0.9578617489204203
intent,rationale,0.9569917661612422
intent,sources,0.9564698691228211
intent,main,0.9562388408454621
intent,help,0.9551411429572072
intent,users,0.9522825781289209
intent,potential,0.9516268674497789
interaction,interactions,0.9689067292356984
interaction,who,0.9649362897262389
interaction,through,0.9638443101127339
interaction,provide,0.9633153289016085
interaction,schneider,0.9633118800664335
interaction,certain,0.9627544140854291
interaction,help,0.9623098882875538
interaction,project,0.9619602601889548
interaction,user,0.9618583046196838
interaction,developer,0.961844875452623
murphy,cubrani,0.9823542568374746
murphy,pinzger,0.9739132048170771
murphy,bugzilla,0.9668355690234691
murphy,gall,0.96644071866354
murphy,bug,0.9631052709096662
murphy,transactions,0.9607689825871705
murphy,database,0.9600362850827104
murphy,reports,0.9599976137672595
murphy,fischer,0.9580930961426151
murphy,locating,0.9578949711230091
op,st,0.9315264424620511
op,f,0.9206251432672659
op,o,0.9172464376457137
op,z,0.913564443851376
op,ss,0.9127869269311635
op,g,0.9124773632032803
op,k,0.9115328571439938
op,1,0.9101137810950752
op,45,0.9085126341230838
op,nd,0.9077025016252391
rule,particular,0.9645256391201413
rule,each,0.9641860732656922
rule,it,0.9632937688167493
rule,that,0.9630519812550999
rule,examples,0.9628326617969736
rule,only,0.9626954091245455
rule,be,0.9623405502017959
rule,has,0.9622557812074425
rule,we,0.9621144834051953
rule,set,0.9620576723972016
sb,baz,0.9660445338019655
sb,parallel,0.962895175646563
sb,counter,0.9616049466579488
sb,sf,0.9605431539919931
sb,bodies,0.9539564323858062
sb,globalnamemap,0.9524246825429565
sb,localnamemap,0.9524246825429565
sb,encounter,0.9498248443562898
sb,bar,0.9492223483979938
sb,asts,0.9476535183361987
293,covered,0.9671152533048151
293,197,0.9657069156123326
293,sr1,0.964262059031985
293,ndings,0.9617870680610106
293,srs,0.9589160469647132
293,sr,0.9579811682154948
293,sr3,0.9578722693449484
293,sr2,0.9559769004411369
293,agile,0.95597297361874
293,focused,0.9533810259661823
appear,same,0.974934142465588
appear,them,0.9716028141481999
appear,all,0.9714613521010105
appear,have,0.9708764680095063
appear,many,0.9703627888343844
appear,found,0.9695722212946207
appear,even,0.9694358841069184
appear,does,0.9688719465638442
appear,from,0.9686841358962711
appear,some,0.968376685941857
appropriate,improve,0.9654447141943534
appropriate,reduce,0.963712325882991
appropriate,apply,0.9591120139234343
appropriate,behavior,0.9500303603019378
appropriate,place,0.948669394289607
appropriate,overhead,0.9484452600094719
appropriate,management,0.9481276487568866
appropriate,six,0.9470339295779369
appropriate,increase,0.9468378895980698
appropriate,component,0.9466463003072991
assume,error,0.9699789271622341
assume,before,0.9624024614734317
assume,after,0.9621088574267436
assume,if,0.9620614169156975
assume,where,0.9595098501873506
assume,call,0.9587363662230981
assume,set,0.9585502670631176
assume,us,0.9584768620627722
assume,example,0.9572308669715094
assume,being,0.9571783965374431
commits,commit,0.9702028383441347
commits,database,0.9698940034066752
commits,repository,0.9675435902819798
commits,records,0.9652560542337385
commits,record,0.962346679851213
commits,tracking,0.9616091241266365
commits,been,0.9613877100558382
commits,infrastructure,0.9612979152096102
commits,made,0.9612972472965597
commits,several,0.9610620273191534
computing,2001,0.9700345796675756
computing,supported,0.9628615355561645
computing,using,0.9628205544264986
computing,about,0.962302129936004
computing,projects,0.9619169837605052
computing,research,0.961887285646187
computing,general,0.9614650300034018
computing,science,0.9603736973415937
computing,large,0.9601168829158695
computing,project,0.9593672226929233
cost,effort,0.9616381820826909
cost,measure,0.9560493418908751
cost,effective,0.9553709985546212
cost,processes,0.9548485321397582
cost,six,0.9539353781968288
cost,organizational,0.9527844589643268
cost,metrics,0.951753198565594
cost,achieve,0.9470784315081271
cost,increase,0.9462452750878902
cost,measurement,0.9457282620388925
department,abstract,0.9757964892869337
department,michael,0.9755357017898212
department,introduction,0.974924615141495
department,subject,0.9686355151789401
department,umd,0.9672246646328793
department,maryland,0.9669199287382739
department,descriptors,0.964090364983444
department,science,0.9623437732079498
department,computer,0.958620947515706
department,answering,0.9583541981866597
evolutionary,generate,0.9679079076026025
evolutionary,products,0.9670255832855732
evolutionary,views,0.9632282137385679
evolutionary,history,0.9624647290123398
evolutionary,release,0.960304593189129
evolutionary,releases,0.9596278322897729
evolutionary,et,0.9594788019823962
evolutionary,proposed,0.9593995092648979
evolutionary,reveal,0.9586220962732829
evolutionary,structure,0.9547664079888116
evolving,distortion,0.9717449285489936
evolving,representations,0.9664828157023668
evolving,signals,0.9660611366221181
evolving,recognition,0.9640974251974168
evolving,cepstrum,0.9575238756325682
evolving,starting,0.9556229455348084
evolving,series,0.9543610693415907
evolving,signal,0.9534337465423168
evolving,lpc,0.9523791065318936
evolving,evolutions,0.950760886680818
facts,different,0.9687198767844001
facts,such,0.965829688330945
facts,these,0.9653225999266172
facts,general,0.9652670810500397
facts,are,0.9646709647457695
facts,from,0.9644792167859625
facts,its,0.9643504241989561
facts,particular,0.9641198075268256
facts,can,0.9641166181588554
facts,be,0.9641064822378572
improving,improve,0.9708187218912167
improving,methods,0.9659711717365693
improving,apply,0.9650945093334912
improving,computer,0.9645106581101036
improving,tion,0.9643864639250914
improving,bene,0.9642062722959881
improving,result,0.9636999666924595
improving,better,0.963612927290014
improving,related,0.9633187472625494
improving,work,0.9627216585254121
intended,communication,0.9643430687921497
intended,separate,0.9635693766311417
intended,developer,0.9619736324274302
intended,team,0.959829765927221
intended,task,0.9585711897043652
intended,contain,0.9578230891399494
intended,view,0.9538124889532774
intended,eclipse,0.9532258806146414
intended,developers,0.9527956276816694
intended,com,0.9525998083869722
journal,ieee,0.9747022297590469
journal,25th,0.965915468872542
journal,march,0.9640026140762785
journal,mockus,0.963906793038859
journal,september,0.9622241722791944
journal,german,0.9615887313544269
journal,03,0.9589201258531594
journal,2001,0.9567358762123074
journal,v,0.9567096111419249
journal,l,0.9564682371454034
makes,there,0.970738508190489
makes,also,0.9669506284175842
makes,but,0.9664267431384082
makes,will,0.9661449015368944
makes,have,0.9660340147813113
makes,it,0.965941799291431
makes,any,0.9659007867655317
makes,only,0.9649552647466226
makes,example,0.9641193710595609
makes,even,0.9640521268006526
missing,link,0.9521518544616374
missing,generated,0.9514557003888782
missing,had,0.9474303589273955
missing,links,0.9471545680334827
missing,manually,0.9450395464469346
missing,following,0.9443839530472622
missing,did,0.9436925828149426
missing,correct,0.9431169953593863
missing,check,0.942309343313684
missing,problem,0.9414644770658471
needed,who,0.972784282807019
needed,users,0.9719739314102485
needed,goal,0.9699440708391751
needed,focus,0.9699004432097245
needed,tools,0.9696970864964579
needed,however,0.9696293908877234
needed,help,0.9685363793864408
needed,project,0.9681546623300248
needed,main,0.9680397480213325
needed,requirements,0.9680154057722015
none,third,0.9603017557362915
none,was,0.9599518605267843
none,low,0.9587522801898909
none,written,0.9579287351795207
none,features,0.957926635676549
none,performance,0.9567329131760398
none,out,0.9566826328929288
none,total,0.956339303254552
none,were,0.9563012580169045
none,only,0.9559579871881949
performing,infer,0.9692253540213777
performing,cation,0.9670379949151782
performing,cases,0.9666124321157297
performing,some,0.9655730614034769
performing,tracking,0.9650097692291193
performing,com,0.9649828425452424
performing,although,0.9634074094475644
performing,described,0.962878734414136
performing,informa,0.962660668089089
performing,issues,0.9618150562106986
pinzger,gall,0.9891498737150796
pinzger,fischer,0.9867915123400315
pinzger,murphy,0.9739132048170771
pinzger,populating,0.9686034464071456
pinzger,cubrani,0.9661684613277417
pinzger,history,0.9641736508481724
pinzger,architecture,0.9621027662597424
pinzger,bugzilla,0.961509894500441
pinzger,release,0.9611543611807742
pinzger,visualizing,0.9601930840888386
place,defects,0.9682990318197623
place,management,0.9671595010654452
place,processes,0.9659175661888408
place,reduce,0.9653640933744927
place,improve,0.9604693756355018
place,recent,0.9598517900688501
place,six,0.9588187399305877
place,opportunities,0.9569955228687306
place,overhead,0.9562317376601969
place,focus,0.9561267954451002
sql,database,0.9669947255241309
sql,repository,0.9556268542860042
sql,queries,0.9544119685203123
sql,les,0.9542179947532915
sql,rationale,0.9539004703316001
sql,such,0.9536933569626104
sql,recorded,0.9535610002526148
sql,main,0.9534231489788324
sql,its,0.9527730683238762
sql,these,0.952204598862136
studied,because,0.9695530716270782
studied,such,0.9690474873446873
studied,these,0.969033348396583
studied,future,0.9684743604344603
studied,many,0.9676903888231427
studied,from,0.9675316019136959
studied,be,0.9673335194636732
studied,that,0.9665773745067974
studied,it,0.9665350555926804
studied,further,0.9664185417539585
success,fully,0.9618029236712182
success,world,0.9606793050148041
success,effort,0.9577095844313521
success,projects,0.9574514874421975
success,quantitative,0.957158926910316
success,seen,0.9566503826897007
success,measures,0.9561534241748988
success,research,0.9557178221854843
success,allow,0.9551774630516835
success,phenomenon,0.9550777713492132
technical,testing,0.9704232760147045
technical,ieee,0.9687024579589713
technical,computer,0.9657574603126045
technical,studies,0.9650278376319584
technical,science,0.9635777352703705
technical,quality,0.9614262661783095
technical,extent,0.9612028650029663
technical,aspects,0.9603537056596629
technical,questions,0.9601854279483037
technical,help,0.9588042469856719
update,frequent,0.9660046049470667
update,changed,0.9563768399483367
update,versions,0.9531450419639633
update,simple,0.9501359742009514
update,automatically,0.9500297407295346
update,changing,0.9498364169783196
update,over,0.9469601942615907
update,change,0.9465552283050762
update,initial,0.9460002261096706
update,programmers,0.9456164726794712
acknowledgments,supported,0.9767285917254587
acknowledgments,work,0.9736881294047608
acknowledgments,should,0.9731540444227833
acknowledgments,about,0.9706074455968476
acknowledgments,help,0.9695990233756984
acknowledgments,through,0.9693483757981256
acknowledgments,their,0.9691854411036396
acknowledgments,using,0.9691467458266535
acknowledgments,research,0.9686412389680972
acknowledgments,related,0.9684594288844721
actually,small,0.9642114859732764
actually,projects,0.9603782319533245
actually,although,0.9572898781954778
actually,developers,0.9566260798840085
actually,who,0.956364402602473
actually,others,0.9554588439912424
actually,however,0.9553872949853219
actually,project,0.9553784015484408
actually,developer,0.9551116433487061
actually,conclusion,0.9546208772109614
aim,time,0.9732536833053634
aim,different,0.9728706753887324
aim,applied,0.972106513289031
aim,from,0.9700095217595055
aim,well,0.969437567127283
aim,large,0.9691897367430056
aim,related,0.9690139595859739
aim,since,0.9686075893971011
aim,about,0.967896506778732
aim,similar,0.96787761271675
base,comment,0.9491643875788838
base,uses,0.9491244580239233
base,shown,0.9477615884139761
base,perform,0.9462659187774966
base,contains,0.9460104876764908
base,task,0.9457082586993921
base,con,0.9454538910925789
base,eclipse,0.9447108781412993
base,example,0.9442795908638779
base,than,0.9438613853722736
beyond,quality,0.9731487333716867
beyond,questions,0.9715542429665509
beyond,what,0.9704380621308363
beyond,how,0.9700763364025576
beyond,their,0.9698389257885391
beyond,they,0.9678101338203238
beyond,work,0.9674220537102889
beyond,however,0.9671597367380406
beyond,do,0.9666788827936144
beyond,not,0.9665456710483928
cantly,had,0.9645363518677152
cantly,output,0.9572076681116768
cantly,problem,0.9535051778781769
cantly,when,0.9524619111136594
cantly,continue,0.9518217558358626
cantly,ac,0.9513176906074847
cantly,reported,0.9510026328330192
cantly,if,0.9509076802475119
cantly,two,0.9505466546491141
cantly,figure,0.9490437430597876
checked,written,0.9729278381559032
checked,were,0.9715280086480159
checked,contains,0.9713040323923371
checked,contain,0.9699844866255624
checked,particular,0.9699812933446492
checked,examined,0.9688037770138693
checked,than,0.9673915493820675
checked,implemented,0.9671572064940848
checked,con,0.9671519960433089
checked,these,0.9670559508806795
discovery,research,0.9673481098895131
discovery,researchers,0.9650069151711863
discovery,under,0.9623961920583967
discovery,possible,0.9618313355192973
discovery,issue,0.961323726280169
discovery,allow,0.9609080513104513
discovery,important,0.9604377920006566
discovery,goal,0.9594442304507844
discovery,way,0.9592178925642327
discovery,applying,0.9587333084285732
ent,e,0.9377898396466819
ent,of,0.9371303557547632
ent,a,0.935136937881595
ent,the,0.9330737784987085
ent,n,0.9319345560534971
ent,y,0.9319316116908296
ent,and,0.9310985137450144
ent,an,0.9310081696424106
ent,in,0.9298232976926685
ent,ing,0.9296442029466562
expect,similar,0.963531372056974
expect,interesting,0.9629326815350898
expect,structure,0.9628833315728371
expect,three,0.9625501300689618
expect,different,0.9622634554654681
expect,linux,0.9617191445629408
expect,between,0.959375889956317
expect,impact,0.9593694130111843
expect,over,0.9592730256804611
expect,shows,0.9589715322911321
industrial,smells,0.9720467362863778
industrial,couplings,0.9681622925048632
industrial,reengineering,0.9679636765703314
industrial,months,0.9590311237984577
industrial,apply,0.958156316972647
industrial,improve,0.9574930879052218
industrial,viewing,0.9573837363439619
industrial,visualization,0.957034308067471
industrial,refactorings,0.9563206147297464
industrial,behavior,0.9559723420915436
ings,in,0.9230781898539706
ings,ing,0.9215697059498382
ings,n,0.9205456019302458
ings,erence,0.9186917954264651
ings,e,0.9168756100539548
ings,for,0.9147501510490033
ings,of,0.914431889850871
ings,ning,0.9139638407979033
ings,the,0.9136355499749356
ings,on,0.9103981006697228
instead,do,0.9682697358953744
instead,figure,0.9681982155134992
instead,we,0.9677996241594284
instead,two,0.9677792462814688
instead,us,0.9677016089909114
instead,see,0.9666433389338165
instead,than,0.9663364529448093
instead,if,0.9661650487018605
instead,more,0.9657002123365739
instead,very,0.9655254747157982
ity,study,0.9514702323653331
ity,i,0.9506781941794469
ity,an,0.9494498786872707
ity,suggest,0.9494030653825216
ity,work,0.9488745594410811
ity,al,0.9485400644294941
ity,g,0.9479658595477587
ity,should,0.9479032695288894
ity,better,0.9479011786046642
ity,but,0.9473351555834852
keep,common,0.9631213244237009
keep,change,0.9621640347396256
keep,includes,0.9612345998359584
keep,observed,0.9611132346898938
keep,introduced,0.9604165167216901
keep,function,0.9588048408007387
keep,changed,0.9585417703091468
keep,kinds,0.958449567502196
keep,does,0.9584201537201764
keep,two,0.9582483410634525
left,between,0.9696130969984799
left,i,0.9685222414654429
left,are,0.9661962099816046
left,we,0.9660836132631505
left,two,0.9658676510598048
left,figure,0.9655411928179142
left,results,0.9654333347046238
left,more,0.9649630869169017
left,each,0.9645048908827415
left,three,0.9644744224345464
limited,rather,0.9697870817600796
limited,does,0.9696098885819125
limited,be,0.9681769571092596
limited,such,0.9675893149731749
limited,like,0.9661105504650719
limited,it,0.9660416790425015
limited,both,0.9659721175083491
limited,report,0.9658865804004033
limited,into,0.9658856007349523
limited,are,0.9657104152096787
listed,analyzed,0.965894774124297
listed,these,0.9657567256090851
listed,are,0.9650808041095624
listed,such,0.9644353124529785
listed,that,0.9642193261977055
listed,future,0.9640593020980085
listed,their,0.9640106086565003
listed,than,0.9639689274274837
listed,each,0.963759833874303
listed,whether,0.9633598466010651
maintain,they,0.9725832775615935
maintain,how,0.9704096694612693
maintain,use,0.9699273669533155
maintain,not,0.9695826849656897
maintain,many,0.9694861714551896
maintain,their,0.968941589442356
maintain,that,0.968265376014135
maintain,because,0.9682615113336903
maintain,di,0.9679698553513535
maintain,them,0.9677699916494664
mechanism,eclipse,0.9652477464385814
mechanism,comment,0.9614314153665001
mechanism,task,0.9609555720707896
mechanism,places,0.9604396074359027
mechanism,request,0.9566103569953535
mechanism,current,0.9560703302191955
mechanism,labelled,0.9527584622864772
mechanism,contain,0.9526880726411469
mechanism,communication,0.9522087808175252
mechanism,uses,0.9482133612673631
natural,term,0.9686373365583216
natural,lan,0.9650503071256479
natural,machine,0.9625442090760896
natural,document,0.9604562393610165
natural,concept,0.9596023100298916
natural,mine,0.9592506164913179
natural,idf,0.9566083255304652
natural,keywords,0.9564471501242839
natural,algorithms,0.9558645397080582
natural,tf,0.95474278068717
neering,eering,0.9074390612578354
neering,2004,0.8861305148746513
neering,5,0.883350748879256
neering,may,0.8783186636465634
neering,ng,0.8764165676804412
neering,ngineering,0.8747066575650031
neering,on,0.8732228063831933
neering,n,0.8730620916891891
neering,gineering,0.8680416074676088
neering,572,0.8657280976931656
num,each,0.9683805491386186
num,two,0.9677547122374666
num,relatively,0.9677525281312437
num,see,0.9676822104022931
num,or,0.9675053005957682
num,more,0.9674866859431832
num,over,0.9673118512527317
num,total,0.9669599790956549
num,between,0.9665820546439812
num,are,0.9663936479574684
opportunity,quality,0.9668082357578882
opportunity,six,0.9664625003747631
opportunity,question,0.964584794057596
opportunity,steps,0.9622118426412449
opportunity,achieve,0.9610941401436324
opportunity,seen,0.9590272525432942
opportunity,questions,0.95900997740018
opportunity,defects,0.9589588820374517
opportunity,widely,0.9588058892443194
opportunity,methods,0.9586750784586926
plan,value,0.9582026140869624
plan,called,0.9559900629970202
plan,each,0.9526327349441839
plan,find,0.9512651605926481
plan,better,0.9512312845362192
plan,provide,0.9510513202779487
plan,measure,0.9509453010626292
plan,future,0.9509202002524677
plan,are,0.9506022839444203
plan,used,0.9500670857025157
pose,language,0.9608695227208098
pose,section,0.9542339522500489
pose,set,0.9542260330754706
pose,its,0.9523874578743613
pose,example,0.9504143806153171
pose,modi,0.9503826106574084
pose,only,0.9496281690587104
pose,all,0.949578945726036
pose,that,0.9494662482498031
pose,we,0.9494642715476953
refer,determine,0.9755859294787897
refer,we,0.9740016502421543
refer,has,0.9738874875189131
refer,used,0.9731272474216618
refer,such,0.9729634664922977
refer,di,0.97278534037726
refer,have,0.9725161138917277
refer,that,0.9722842186341871
refer,be,0.972243047570393
refer,can,0.971758276615747
relation,within,0.9737325472438437
relation,identify,0.9726897955586822
relation,parts,0.9698412661290108
relation,history,0.9685843666284674
relation,be,0.9680739367875151
relation,these,0.9679322029056844
relation,need,0.9678529586574365
relation,applied,0.9678208661465658
relation,how,0.9675716291332469
relation,can,0.9673972489689006
ring,5,0.8517670150608262
ring,2004,0.8443150822978414
ring,eering,0.8417930073360786
ring,neering,0.835061881826596
ring,ineering,0.8321063474126316
ring,may,0.8311492895061923
ring,ngineering,0.8268796377748746
ring,th,0.8250623421339276
ring,at,0.8248400322085333
ring,ng,0.8228587853250793
roughly,whose,0.9621199497904223
roughly,presents,0.9594412280927422
roughly,x,0.9581596827101819
roughly,programs,0.9578451999400245
roughly,openssh,0.9574732293893147
roughly,num,0.9562830583189915
roughly,apache,0.9560728606764848
roughly,implementation,0.9558994858314038
roughly,over,0.9550789913239273
roughly,versions,0.9549280314149484
spurious,percentage,0.9596062412275341
spurious,detect,0.9567855236065421
spurious,structurally,0.9556849426279158
spurious,body,0.9534550503551062
spurious,introduce,0.9532912790069206
spurious,adding,0.9512837832546194
spurious,type,0.9508696814063536
spurious,asts,0.9499412744590012
spurious,reported,0.9493549487576163
spurious,ast,0.9478830861539336
structures,relationships,0.9657323036917684
structures,kind,0.965327111676136
structures,more,0.9645627001675192
structures,di,0.9640732933701701
structures,even,0.9635146742591398
structures,erent,0.9628568243687818
structures,have,0.9626163810110417
structures,can,0.9616869223928567
structures,such,0.9616275673865906
structures,be,0.9613873317772477
sub,logs,0.9687389069209126
sub,different,0.9667108898464913
sub,modules,0.9648612613466683
sub,structure,0.9637376414419772
sub,shows,0.9620637114657764
sub,since,0.9620223015785725
sub,three,0.9610953757081468
sub,whole,0.9597988583393915
sub,represents,0.959204429129425
sub,detailed,0.9591276902015462
submit,student,0.974008296492245
submit,students,0.9723960800899287
submit,unit,0.9672908096071366
submit,features,0.9670272201780379
submit,pmd,0.9608310312914563
submit,written,0.9594611679114822
submit,habits,0.9585406096019906
submit,various,0.9573487998064469
submit,test,0.9571302863401998
submit,course,0.955712361424145
tem,sys,0.9698376332712947
tem,strong,0.9642547772852825
tem,man,0.9601529629577491
tem,easily,0.9553521527906266
tem,implemented,0.9549185743507118
tem,part,0.9526500231852425
tem,work,0.9520763631964627
tem,written,0.9510966904306976
tem,lines,0.9507877170076084
tem,are,0.9500367977060822
themselves,used,0.96288644069214
themselves,possible,0.9624486426674357
themselves,more,0.9619835649194719
themselves,each,0.9619738450383664
themselves,not,0.9616125101703167
themselves,but,0.9614729852055589
themselves,it,0.961458417119167
themselves,are,0.9612502050992986
themselves,both,0.9612020235826968
themselves,allows,0.9607455126748663
towards,research,0.9737836796886871
towards,computer,0.972630996006619
towards,tools,0.9713585954935258
towards,under,0.9692187681055642
towards,about,0.9687647740993011
towards,introduction,0.968044544458966
towards,large,0.9674955695352214
towards,goal,0.9673363468183427
towards,researchers,0.9657596307321183
towards,should,0.9644932619751104
visualize,nodes,0.9626275605733301
visualize,directory,0.956293426249905
visualize,few,0.9548478502379696
visualize,developers,0.9530516113628711
visualize,represents,0.9527701018658681
visualize,report,0.9519581846584466
visualize,among,0.9512428846914468
visualize,be,0.9494216365264285
visualize,more,0.9491408721229659
visualize,projects,0.9489711347653423
cepstra,euclidean,0.9777498099634048
cepstra,lpc,0.974644970455544
cepstra,series,0.9701090296480339
cepstra,cepstrum,0.9658306404641994
cepstra,deemed,0.9622108872772785
cepstra,signals,0.9535935118645193
cepstra,spectral,0.9533168061586308
cepstra,coefficients,0.9532277015648517
cepstra,distance,0.9399339095631623
cepstra,recognition,0.9370938433374049
websites,posted,0.9829190370591664
websites,stackexchange,0.9763231720816716
websites,srs,0.964741231143248
websites,practitioners,0.9549882923552607
websites,solve,0.9492318014637469
websites,se,0.9467362467140918
websites,tertiary,0.942726725529798
websites,review,0.9408729665464403
websites,website,0.9334382324080129
websites,ndings,0.9325722951947379
array,modifier,0.9813752554428298
array,parameter,0.9798991370892058
array,pointer,0.9755168496925563
array,primitive,0.9730659875790224
array,splitting,0.970942549583998
array,definition,0.9635231086563902
array,argument,0.9606755767398153
array,parameters,0.9596303712571019
array,deletion,0.9592700231240103
array,define,0.9466002829848535
todo,tag,0.9858549060996799
todo,please,0.9843918127247873
todo,pam,0.9812407689356436
todo,joan,0.9780362767733357
todo,places,0.9779399289868201
todo,sue,0.9722441554495087
todo,labelled,0.9702322556621363
todo,tags,0.9683936971838234
todo,ecr,0.9653326789212993
todo,comment,0.960242481135062
flow,function,0.9589082145621959
flow,signatures,0.9554591821143283
flow,signature,0.955304918782475
flow,pattern,0.9489338751950742
flow,patterns,0.948307998884147
flow,functions,0.9467836786166595
flow,calls,0.9429867101813294
flow,eight,0.9421441856656243
flow,ordering,0.9417900678679958
flow,kinds,0.941491767365698
pointer,array,0.9755168496925563
pointer,parameter,0.9718017377130701
pointer,modifier,0.9661543954164701
pointer,deletion,0.9550653253157328
pointer,definition,0.953483365342507
pointer,primitive,0.9531000065106157
pointer,argument,0.9513637091034195
pointer,splitting,0.9508041484892819
pointer,parameters,0.9497034091211229
pointer,addition,0.9494455947206389
identity,actor,0.9855984818601944
identity,person,0.9849253737795118
identity,identities,0.983131606420599
identity,actors,0.9765198901887773
identity,username,0.9722405159060662
identity,mail,0.9683129001728974
identity,privacy,0.9596985665490166
identity,veri,0.9581750791346729
identity,versioning,0.9501189057944381
identity,matches,0.9470696811670543
88,89,0.9361253387583726
88,66,0.932824744434908
88,33,0.9323781673305
88,34,0.9313004618466498
88,45,0.9308580943178636
88,44,0.9293783943225439
88,01,0.9279994789685015
88,55,0.922882853657583
88,46,0.9065647422621351
88,1,0.9046443690069603
z,u,0.9467213793294914
z,b,0.9396826252494417
z,i,0.938166412449857
z,figure,0.9370062528604416
z,lines,0.9333265517279974
z,o,0.9332414353298484
z,between,0.9328832244079245
z,per,0.9322533056753153
z,much,0.9314091678781097
z,f,0.9309700260498451
computation,detect,0.9576198429476814
computation,same,0.9532759279146873
computation,if,0.9527539220565207
computation,algorithm,0.951918456258053
computation,very,0.9518351276665056
computation,two,0.9509529917118476
computation,similar,0.9509378338052177
computation,cause,0.9507917325232627
computation,global,0.9504382063473787
computation,names,0.9500487812253334
length,figure,0.9559592446857488
length,lines,0.9552752334284439
length,class,0.9523606382787843
length,if,0.9523335698355765
length,between,0.9520848797353575
length,times,0.9512385978520557
length,where,0.9496028037938724
length,set,0.9484331192711384
length,two,0.9478208855393191
length,similar,0.947762049910249
merging,splitting,0.9615192969426487
merging,kinds,0.9564446105283406
merging,kind,0.9543075258999614
merging,addition,0.9533718684279789
merging,define,0.95034469778093
merging,observed,0.9502658089017297
merging,common,0.9490684805020515
merging,definition,0.948983219445686
merging,parameter,0.9485794537932908
merging,file,0.9465150918185912
pam,sue,0.9930720894956275
pam,joan,0.9853012262033919
pam,labelled,0.9836101079716806
pam,todo,0.9812407689356436
pam,hack,0.9743019562546501
pam,places,0.9709608733833679
pam,ecr,0.9659484300513168
pam,comment,0.9648514166250601
pam,please,0.9637573923476893
pam,tag,0.9629186264026222
representations,recognition,0.9729830494062661
representations,compact,0.9722294859704432
representations,evolving,0.9664828157023668
representations,representation,0.9661816587708595
representations,signals,0.9656131011026732
representations,cepstrum,0.9645204782763361
representations,distortion,0.960929260106143
representations,starting,0.959502380330868
representations,spectral,0.9587161653328788
representations,lpc,0.958327403757818
actors,identities,0.9883868252858303
actors,actor,0.9883612113981597
actors,person,0.9851159632924632
actors,identity,0.9765198901887773
actors,privacy,0.9738049410247452
actors,persons,0.9656351865955158
actors,mail,0.9584120999808103
actors,username,0.9566732451655879
actors,veri,0.952479275270737
actors,matches,0.9423958521704032
characteristic,attributes,0.9447038570203756
characteristic,gives,0.9399566826234403
characteristic,language,0.9351030060849606
characteristic,pre,0.9335962105492994
characteristic,becomes,0.931436799430899
characteristic,ers,0.9313637315141845
characteristic,correspond,0.93119001843764
characteristic,identi,0.9303193737968247
characteristic,graph,0.9286225737718024
characteristic,entry,0.9264756318304554
position,global,0.9594084940975021
position,gives,0.956941970497059
position,algorithm,0.9557756362724619
position,respectively,0.9490242717580519
position,last,0.9478557669303969
position,count,0.9471640953592091
position,variables,0.9469070538673656
position,match,0.9457123102970042
position,names,0.9443797704411334
position,local,0.9438753161487607
seconds,gcc,0.9464043718006978
seconds,respectively,0.9454519304633608
seconds,minutes,0.9418259088202174
seconds,time,0.9415696547804892
seconds,occur,0.940103521275137
seconds,size,0.9393598021415335
seconds,takes,0.9381011529488122
seconds,since,0.937454845268334
seconds,technique,0.937335657484951
seconds,pre,0.9372257154430472
cloning,snippets,0.9875781956786688
cloning,clone,0.9870783852378555
cloning,clones,0.9865427043401033
cloning,genealogy,0.9801314328470625
cloning,ccfinder,0.9785145022004399
cloning,consistently,0.9775896844788003
cloning,nealogy,0.9773015896437446
cloning,token,0.97459477928452
cloning,snippet,0.9733704229388205
cloning,maintaining,0.9727969971205429
detail,can,0.96659429106483
detail,some,0.9661530634249555
detail,have,0.9661120849938422
detail,even,0.965471474133986
detail,only,0.9653667222108439
detail,be,0.9648189290705325
detail,they,0.9641369753427651
detail,but,0.9639932375454676
detail,their,0.9638992128108872
detail,such,0.963860409721595
items,similar,0.9584665555389383
items,less,0.9578788776102014
items,we,0.9570005709806886
items,where,0.9567470326479328
items,result,0.9559444762155136
items,produce,0.9557665051361008
items,well,0.9557217590781657
items,thus,0.955411360097094
items,very,0.9548415670706316
items,figure,0.9545792552690155
pilot,analysts,0.9946744852773612
pilot,recall,0.9836310203051677
pilot,analyst,0.9822494008146843
pilot,precision,0.9816881843879639
pilot,traces,0.9798535207428887
pilot,trace,0.9718593048179964
pilot,candidate,0.9649895990861448
pilot,ir,0.9614261533080479
pilot,senior,0.9574993670565903
pilot,tracing,0.9568624919677093
play,role,0.9762020265790927
play,success,0.9531879907401941
play,devel,0.9482494652377252
play,developers,0.947850026483338
play,social,0.9475637320177523
play,learning,0.9465769742233442
play,peripheral,0.9461385643933131
play,few,0.9461119317810618
play,network,0.9449963104525831
play,among,0.9449806078864149
scripts,analyses,0.9780374255726777
scripts,collection,0.9770440834971614
scripts,ossmole,0.9736512511278235
scripts,comparable,0.9718782800531419
scripts,reproducible,0.9684327669620987
scripts,script,0.9673859179562911
scripts,extension,0.9642956561040277
scripts,floss,0.9622328296122615
scripts,academic,0.9593780621440313
scripts,publicly,0.9592631142394054
sec,keywords,0.9686265087503249
sec,000,0.9639977249816722
sec,around,0.9634285625028773
sec,concepts,0.9631761263860767
sec,identi,0.9629274475716123
sec,ers,0.9626823993607597
sec,concept,0.9620086713345541
sec,operating,0.9617594118265088
sec,technique,0.9609121779275275
sec,mine,0.9607669799216407
spots,hot,0.9943127855312219
spots,smells,0.9649003852197486
spots,couplings,0.962344368894591
spots,enables,0.9582057933618116
spots,industrial,0.9539310477083576
spots,releases,0.953757044463803
spots,coupling,0.9531743120960543
spots,engineer,0.9528206321449942
spots,fowler,0.9524849683435722
spots,release,0.9514669032532608
ss,4,0.9344529670371831
ss,d,0.9270863337506033
ss,7,0.9262161376996502
ss,5,0.9179797068555828
ss,op,0.9127869269311635
ss,st,0.9123180865042224
ss,10,0.911389229023674
ss,1,0.9085006978348303
ss,3,0.9024394987848812
ss,of,0.9009347098914002
temporal,scss,0.9656632995567389
temporal,query,0.9626008566946169
temporal,scs,0.9582689686883971
temporal,queries,0.9516388166363361
temporal,stored,0.9463870670069292
temporal,mature,0.9377921081142475
temporal,entities,0.9335719804426745
temporal,scql,0.9326741211065734
temporal,represent,0.930749525185792
temporal,logic,0.9306791737223914
02,g,0.951452282403012
02,l,0.9494991784012266
02,k,0.9490041359339536
02,n,0.9476914491604034
02,03,0.9459747337527491
02,in,0.9427309427593573
02,i,0.9424206950742673
02,2001,0.9419858978010676
02,principles,0.9416326217862092
02,ing,0.9416234621462272
artifact,artifacts,0.9637858278279658
artifact,activities,0.9499785828743444
artifact,effort,0.9471707445251634
artifact,organizational,0.9467749119666782
artifact,technologies,0.9458681272842215
artifact,past,0.9454258115283315
artifact,metrics,0.9452124308727274
artifact,approaches,0.9442007351838132
artifact,discovering,0.9440145757708706
artifact,aim,0.9437166187626117
conducted,cover,0.9499049409665401
conducted,sensible,0.9494166353657748
conducted,low,0.9470733972969323
conducted,dataset,0.9464748952329948
conducted,assess,0.9463049953895968
conducted,coding,0.9447980551207535
conducted,classi,0.9445955817545395
conducted,researchers,0.9442703647179977
conducted,quality,0.9406181937232849
conducted,comparative,0.9404928615498724
hypothesis,result,0.9636094642694453
hypothesis,key,0.9586220528366778
hypothesis,improves,0.9567303225015849
hypothesis,too,0.955904244079418
hypothesis,ex,0.9557184078700569
hypothesis,suggest,0.9546195596005957
hypothesis,ned,0.9544511015388162
hypothesis,very,0.9539158291215687
hypothesis,often,0.9529797273854288
hypothesis,experiment,0.9520076129279889
identical,nding,0.9524425894588573
identical,versions,0.9522591671297995
identical,sequence,0.9514513568818413
identical,two,0.9504383614412649
identical,ast,0.9501793519962709
identical,if,0.9488399973102817
identical,does,0.9475058920330424
identical,sim,0.9471038672054536
identical,local,0.9461672548641735
identical,algorithm,0.9461663932898846
layout,impact,0.9486246831173567
layout,pair,0.9451623751165257
layout,ones,0.9419460197935441
layout,ad,0.9401603887594698
layout,related,0.9382196833359148
layout,questions,0.9359716025544151
layout,here,0.9355606661595675
layout,constant,0.9350384410180297
layout,higher,0.934246749856285
layout,interesting,0.9341156100706515
ndings,cover,0.9685964291495137
ndings,covered,0.9646217643647148
ndings,srs,0.9630716612773413
ndings,293,0.9617870680610106
ndings,review,0.9612158222437379
ndings,solve,0.9603753269554876
ndings,focused,0.9600712560039566
ndings,practitioners,0.9591131411774629
ndings,questions,0.9557151430143731
ndings,topics,0.9550595743850798
paste,clones,0.9812106501191764
paste,snippets,0.9788086490303523
paste,clone,0.9778237486896921
paste,cloning,0.9715552218477032
paste,copied,0.9704082845381502
paste,nealogy,0.9690688400121119
paste,duplicated,0.9673514144630684
paste,consistently,0.9670638039440629
paste,genealogy,0.9667509606240077
paste,programmers,0.9604825629484366
practices,performed,0.967010374707743
practices,work,0.9669423526037929
practices,these,0.9646380256896866
practices,that,0.9643413728557806
practices,through,0.9643187206121875
practices,provides,0.9636612535782214
practices,also,0.9635634058059059
practices,it,0.9634187919408104
practices,they,0.9632182244512656
practices,not,0.9631741077033263
retrieved,database,0.9670474594820015
retrieved,activities,0.9642082417419167
retrieved,distinct,0.96382230729864
retrieved,tools,0.9637093505117237
retrieved,about,0.9634474229882288
retrieved,large,0.9629126953371198
retrieved,potential,0.962695458364496
retrieved,under,0.9623186600587723
retrieved,tracking,0.9622523470407219
retrieved,area,0.9620394554345203
sr,srs,0.9729550194073212
sr,sr2,0.9668007425909524
sr,sr1,0.9631676406821401
sr,sr3,0.9601072579449876
sr,covered,0.9593347244940873
sr,293,0.9579811682154948
sr,ndings,0.9528899357487015
sr,practitioners,0.9508765213000787
sr,sr4,0.9508007050357714
sr,review,0.9496000918322586
structurally,trees,0.9772896630993606
structurally,spurious,0.9556849426279158
structurally,additions,0.9537877386949909
structurally,diff,0.9529992722996977
structurally,programs,0.9514358409764836
structurally,introduce,0.948560774374092
structurally,functions,0.9476363049309561
structurally,versions,0.9463052763371727
structurally,match,0.9451379704826939
structurally,variables,0.9447513682957276
technologies,among,0.9622016201525798
technologies,similar,0.961904551606642
technologies,time,0.9601727384765207
technologies,effort,0.9601603995228145
technologies,several,0.9599654608025314
technologies,similarities,0.959556852054263
technologies,history,0.9592238355179568
technologies,proposed,0.9584889881693626
technologies,aim,0.9582841797415218
technologies,past,0.9580188998502628
tend,relationship,0.9701630454562207
tend,gure,0.9637405129821495
tend,third,0.9575656294617196
tend,much,0.9559023929596674
tend,features,0.9556544994552154
tend,written,0.9539344750003842
tend,who,0.9521096500401931
tend,few,0.9479321814124346
tend,only,0.9462036919464591
tend,small,0.9457675224767875
variant,netbsd,0.9668423457708996
variant,variants,0.9656305359347228
variant,logs,0.9626212201909028
variant,openbsd,0.9609766706257157
variant,freebsd,0.9522441993794558
variant,bsd,0.9465793861038738
variant,onto,0.9459203738827733
variant,sub,0.9459191718192366
variant,rhdb,0.94309407021071
variant,derived,0.9416428904594312
caused,later,0.9666983026173268
caused,x,0.9639809469892956
caused,show,0.9614230704455025
caused,when,0.9597256654535726
caused,cause,0.9594843936008113
caused,change,0.9594089493925524
caused,problem,0.9590387386758366
caused,would,0.9574362258774622
caused,introduced,0.9573207985122069
caused,report,0.9571570498254459
equal,additions,0.9658895965009253
equal,deletions,0.9648787446862326
equal,variables,0.9605516064715521
equal,vari,0.951570175539381
equal,global,0.9508337455806175
equal,functions,0.9484317748424238
equal,lifetime,0.9468134354941656
equal,openssh,0.9444557239676947
equal,function,0.9432912041650066
equal,dele,0.9415397585316598
institute,technology,0.9768399457223439
institute,03,0.9664602638181157
institute,science,0.9655682006253028
institute,ieee,0.9643984953143303
institute,computer,0.9612859628200291
institute,measurement,0.9609142404277652
institute,large,0.9600235509255389
institute,2001,0.9594131292280794
institute,metrics,0.9586424107901199
institute,mockus,0.9574144032451675
july,canada,0.9718819404695932
july,ieee,0.9660983547221789
july,german,0.9655124930811085
july,computer,0.9649213659732317
july,volume,0.9646943792531564
july,2001,0.9641776454131079
july,mockus,0.9641767146264406
july,technology,0.9635149202221621
july,2000,0.9634574274961576
july,ca,0.9603372109122866
march,ieee,0.9694683160232725
march,september,0.9665553607368933
march,architecture,0.9647738320286188
march,german,0.9644804821477975
march,journal,0.9640026140762785
march,2001,0.9615849803621692
march,computer,0.9609094113751054
march,management,0.9608249775214774
march,1997,0.960341561057999
march,03,0.9593938393104575
middle,man,0.9609049896062631
middle,classes,0.9600418712911194
middle,smell,0.9564173667081209
middle,couplings,0.9534000747467715
middle,class,0.9527415920172304
middle,strong,0.9523404813372026
middle,together,0.9523401899164587
middle,entire,0.9493367594802626
middle,implemented,0.9489377085722783
middle,extract,0.9470540708560259
months,couplings,0.9746608951736738
months,coupling,0.9648394869850826
months,period,0.9614056344151937
months,refactorings,0.9592586934289087
months,industrial,0.9590311237984577
months,smells,0.95844082210665
months,viewing,0.9579241131366703
months,module,0.9527141723371894
months,picture,0.9526470432489076
months,parts,0.9519231683881999
notion,similar,0.9694475277620136
notion,applied,0.9601685721922537
notion,between,0.9561326932172127
notion,starting,0.9560450392674658
notion,identify,0.9557869910699578
notion,similarity,0.9553962938365161
notion,must,0.9551580479265678
notion,find,0.954890709547036
notion,used,0.9544378780560222
notion,less,0.9542475092783667
onto,variants,0.973527251087376
onto,netbsd,0.9628765643237653
onto,bsd,0.9571270989277599
onto,structure,0.9553555831047718
onto,logs,0.9550407753573047
onto,depicted,0.9545517061345865
onto,module,0.9519079432609396
onto,sub,0.9499162586597361
onto,os,0.9495016487609703
onto,openbsd,0.9461559526786985
opportunities,sigma,0.9778344843499829
opportunities,six,0.9748733470584243
opportunities,dmaic,0.9684681744920148
opportunities,affecting,0.9673672315971303
opportunities,continuous,0.9672395398970122
opportunities,customer,0.9657770698523482
opportunities,manufacturing,0.9654852138351345
opportunities,defects,0.9650877747906135
opportunities,gqm,0.962547573747186
opportunities,place,0.9569955228687306
people,users,0.96692848339805
people,communities,0.966749675277716
people,projects,0.9663436092786064
people,project,0.9650142579197398
people,collected,0.9644044250023823
people,rich,0.9617620073997153
people,site,0.9613237190299053
people,provide,0.9612157848147165
people,focus,0.9607095647803412
people,developers,0.9601476162533831
put,very,0.9593883097921494
put,do,0.9591471432436409
put,us,0.9591421286370101
put,shown,0.9587877148264173
put,followed,0.9580465922941603
put,well,0.9567999362232376
put,than,0.9567624642492284
put,contain,0.9567513904376266
put,each,0.9565831543018424
put,were,0.9565025259487057
range,actual,0.970708706670663
range,also,0.9689379774816955
range,such,0.9688518313284165
range,point,0.9687601891171653
range,some,0.966725603206082
range,however,0.9664631474138825
range,it,0.9663975422437222
range,example,0.9663632076635515
range,can,0.9662960096986227
range,that,0.9661756315903529
recently,focus,0.9784836432055886
recently,processes,0.9719297380829675
recently,project,0.9693594762549894
recently,large,0.9682729692846141
recently,projects,0.9680872963578472
recently,provide,0.9676636810761545
recently,techniques,0.9652313747716417
recently,repository,0.9646713177836386
recently,main,0.9645163020868806
recently,management,0.9645045037540654
run,test,0.971121961989678
run,warnings,0.9674689160204498
run,static,0.96384967111415
run,tests,0.961177895115922
run,visible,0.9597627690982588
run,unit,0.958235202313098
run,findbugs,0.9570318435976337
run,submission,0.9551105376901629
run,snapshots,0.9545528395970371
run,failed,0.9533805261202988
taking,collected,0.9610307931316338
taking,projects,0.9600743797676392
taking,highly,0.9591057563786075
taking,rich,0.9544079599075157
taking,project,0.9529602786017711
taking,others,0.9515045473220464
taking,own,0.9509147728167321
taking,provide,0.9496971129464121
taking,few,0.9482114002112709
taking,developers,0.9479251242934097
token,ccfinder,0.9803490646359616
token,cloning,0.97459477928452
token,clone,0.973702915938543
token,detector,0.9703893490820578
token,snippets,0.9643972718348461
token,programmers,0.9641948114268806
token,clones,0.9625617608262107
token,consistently,0.9599491683213064
token,extractor,0.9597351666139904
token,consistent,0.9590987064540526
try,although,0.9654939457640457
try,those,0.9651589868726951
try,some,0.9639956676979331
try,however,0.9612429010307361
try,done,0.9597362307592554
try,just,0.9593340915434301
try,many,0.9586192020677442
try,one,0.9585966751027835
try,them,0.958591140494248
try,useful,0.9583851107694674
vertices,wise,0.9557554383746516
vertices,author,0.9478620321068623
vertices,edge,0.945523008084066
vertices,mr,0.9444688394583943
vertices,authors,0.9435729798590284
vertices,mrs,0.9382094997463145
vertices,directed,0.937922960199465
vertices,revision,0.9367429782607157
vertices,scs,0.9346278073458655
vertices,correspond,0.9303895064374706
35,37,0.959033385728864
35,42,0.9523710721719632
35,g,0.9521569948393865
35,39,0.9517996097636583
35,i,0.9502837108086204
35,32,0.9488073368583221
35,k,0.948037521529923
35,o,0.9470225164415269
35,three,0.9460861480730964
35,2001,0.9458153658777325
ample,local,0.9555102211576482
ample,global,0.9506689003691993
ample,names,0.9472141558461341
ample,ap,0.9454931037715237
ample,partial,0.9444639646566976
ample,ex,0.9444306667382669
ample,two,0.9433006921468299
ample,then,0.9416565729690897
ample,count,0.9413253641298513
ample,match,0.9411557393424902
annotations,modification,0.9625527215568996
annotations,differencing,0.9595022597419691
annotations,hidden,0.9556064384474927
annotations,annotation,0.9549613822214265
annotations,modified,0.9528275843262042
annotations,file,0.9526644386046769
annotations,entity,0.9493846969703781
annotations,semantic,0.9486548036896911
annotations,association,0.9453328059054829
annotations,add,0.9449663398435167
bijection,renamings,0.9753776436876885
bijection,bodies,0.9719738446275755
bijection,mismatch,0.9663060374797763
bijection,body,0.9635512182573253
bijection,asts,0.9619562865117195
bijection,additions,0.9607922077934254
bijection,renamed,0.9605166922576553
bijection,maps,0.9575617151569698
bijection,deletions,0.9573251205676889
bijection,ast,0.9561813511403587
ble,ta,0.9191921313876246
ble,x,0.9151885121152508
ble,le,0.9151408468847599
ble,e,0.9150407992193197
ble,later,0.9143470990344515
ble,presents,0.9066639813290887
ble,or,0.9061641398218694
ble,this,0.9058851534943941
ble,the,0.9050888938265793
ble,average,0.9045153585143374
challenges,embedded,0.9664916479509789
challenges,meta,0.9583424222548165
challenges,task,0.9576453933927157
challenges,team,0.9555158933931688
challenges,request,0.9460859450638481
challenges,context,0.9441011928327809
challenges,comment,0.9435936453845053
challenges,scope,0.9434419688538475
challenges,suggested,0.9432051818849578
challenges,codebase,0.9421473486704279
cient,did,0.9654218739066707
cient,partial,0.961269113845467
cient,very,0.9607936591836873
cient,us,0.958525986687082
cient,mentioned,0.95772208885504
cient,results,0.9576540875248749
cient,two,0.9571662371113829
cient,figure,0.9569101784562305
cient,we,0.9565340667332397
cient,problem,0.9564348942126604
cur,rent,0.980465244584483
cur,current,0.9627157407611762
cur,currently,0.9571827650863882
cur,over,0.9487739507857316
cur,di,0.9485385530567965
cur,up,0.948454751161919
cur,future,0.9479083211810015
cur,more,0.9463295709265176
cur,have,0.9462782941824535
cur,so,0.9462481462746891
dec,apache,0.9667320113161004
dec,oct,0.965841142003887
dec,kernel,0.9620515432267307
dec,linux,0.9600264809793448
dec,size,0.9570854737859602
dec,ver,0.9568933004405917
dec,sions,0.9550846923052965
dec,versions,0.9509598319161626
dec,report,0.9509067545779581
dec,over,0.9505966392001559
efforts,analyses,0.9761193388371532
efforts,researchers,0.9744437527732994
efforts,collection,0.9725522473326543
efforts,research,0.967923882185139
efforts,designed,0.9660630992178225
efforts,gather,0.9656920551592536
efforts,goals,0.9649676207594406
efforts,effort,0.9645911059756684
efforts,quantitative,0.9611380234038891
efforts,ongoing,0.9594400807622014
ering,2004,0.9060991328199063
ering,5,0.902471945416774
ering,ng,0.8900085581817347
ering,may,0.8869178648397353
ering,572,0.8853517309922121
ering,563,0.8841426636414547
ering,eering,0.8832743362281141
ering,th,0.8774380337265162
ering,04,0.8745434165868412
ering,engineering,0.8742001020292194
explore,describe,0.966369219874328
explore,developer,0.9614090735946885
explore,need,0.9613014032820797
explore,future,0.9611895489923721
explore,some,0.9595260992845597
explore,useful,0.9585091774269509
explore,describing,0.9582886998517776
explore,such,0.9578280722914267
explore,done,0.9573942432909075
explore,can,0.956692339843769
extractor,extracts,0.9763377718730508
extractor,programmers,0.9702815269993592
extractor,clone,0.9624253400284659
extractor,automatically,0.9620637499308127
extractor,built,0.9602923342756209
extractor,token,0.9597351666139904
extractor,programmer,0.9584791959382674
extractor,consistently,0.956847970394646
extractor,consistent,0.9563810228369309
extractor,snippets,0.9545386877891777
gram,concept,0.9649265650595906
gram,keywords,0.9545378525155385
gram,concepts,0.9522268669115534
gram,extractors,0.9508128713147264
gram,ers,0.9506027040824627
gram,key,0.9487176684002199
gram,pre,0.9476242137694075
gram,keyword,0.9471144025165964
gram,read,0.9470583739257554
gram,machine,0.9468690738169401
ies,es,0.9318958337317231
ies,may,0.917980374192737
ies,on,0.915559521739807
ies,563,0.9129454280386031
ies,572,0.9119609618260189
ies,international,0.9114830365353133
ies,software,0.9112032403698143
ies,proceedings,0.9106463663732018
ies,engineering,0.9103952621569409
ies,conference,0.9096050535810796
improved,activity,0.9681528842427112
improved,during,0.9650419362739181
improved,man,0.9599792721370308
improved,help,0.9584260033943122
improved,activities,0.9582497493138677
improved,can,0.9580225226781414
improved,certain,0.9576066724095381
improved,relevant,0.9574167732717147
improved,user,0.9567772844364455
improved,web,0.9566343282540516
increase,six,0.956126199093051
increase,management,0.9554834061424808
increase,origins,0.9554147292918741
increase,metrics,0.9549234710191016
increase,future,0.9540867056033746
increase,trends,0.9531724713070762
increase,improve,0.9524089968238242
increase,measure,0.9522910722482225
increase,categories,0.9514798502705331
increase,what,0.9513578067355544
increasing,decreasing,0.961740150903536
increasing,different,0.9595813328111034
increasing,three,0.957773845829556
increasing,impact,0.9576521555700901
increasing,between,0.9543278012295016
increasing,indicates,0.9514422973233734
increasing,figure,0.9513014467687747
increasing,over,0.9511196522135124
increasing,shows,0.9508729377474844
increasing,or,0.9507716053850712
insight,called,0.9613566983269145
insight,pattern,0.958196174905368
insight,after,0.9575825684408514
insight,involved,0.9570917023195842
insight,found,0.9561124703668228
insight,looking,0.9538486140778843
insight,each,0.9532051250679854
insight,more,0.9524894568563199
insight,error,0.9514769017131548
insight,have,0.9513340463458803
inspection,report,0.9572742282151588
inspection,are,0.9554381679850823
inspection,between,0.9552991839677889
inspection,value,0.9552606966448861
inspection,see,0.955195801729111
inspection,we,0.9550159312272887
inspection,change,0.9545836846566553
inspection,indicate,0.9538384615674678
inspection,contrast,0.9533349740016326
inspection,that,0.9533335389270869
light,analyze,0.9640148935430297
light,identify,0.9636495312967996
light,abstract,0.96351896843085
light,analyzing,0.9623977586600339
light,how,0.9606522781109301
light,propose,0.960509229227602
light,developed,0.9601603848017278
light,provides,0.959297109902147
light,categories,0.9587404277888814
light,et,0.958233184449897
manner,contribute,0.9693665850255728
manner,research,0.9669875298804553
manner,both,0.9643240512971761
manner,so,0.9624879497361906
manner,time,0.9623973039917874
manner,repository,0.961800860831707
manner,way,0.9611900390311109
manner,existing,0.9611816739932337
manner,provide,0.9609058498606478
manner,unfortunately,0.9606697476996658
mean,classi,0.959579134147898
mean,cally,0.9568690225084879
mean,good,0.9566784631751055
mean,features,0.9563966752022236
mean,along,0.9552245643349143
mean,performance,0.9549273646461478
mean,however,0.954278664239165
mean,achieve,0.9540351637612313
mean,lack,0.9534032285130579
mean,quality,0.9532640613798622
necessarily,suggest,0.9646838938016535
necessarily,write,0.9608153513472828
necessarily,often,0.9604037928632821
necessarily,many,0.959463212295232
necessarily,contain,0.9594583688911493
necessarily,written,0.9584993496891565
necessarily,however,0.9584923548955224
necessarily,complete,0.9584574088079444
necessarily,not,0.9584349145796651
necessarily,because,0.9581328520757444
ns,code,0.8938641040879104
ns,number,0.8879897906966938
ns,source,0.8871719744309319
ns,tool,0.881274896566006
ns,the,0.8792438329762731
ns,de,0.8789678138290569
ns,ions,0.8765909249888475
ns,ber,0.8750746315717782
ns,ons,0.8742339858523698
ns,type,0.8738056706794342
nt,of,0.9372942435189495
nt,n,0.9357526463044505
nt,and,0.9260283350092577
nt,5,0.925005578623417
nt,the,0.9242699556736782
nt,y,0.9200375521550155
nt,a,0.9198397012529755
nt,in,0.9194561227919344
nt,ty,0.9187475114974823
nt,on,0.9159384256495244
observe,changed,0.953431122254259
observe,change,0.9519387636108483
observe,classes,0.9515347636480719
observe,when,0.9495784730331289
observe,observed,0.946697952621415
observe,where,0.9458918549350702
observe,result,0.9458293199496344
observe,if,0.944835357229262
observe,common,0.9445060149555479
observe,kinds,0.9440063215648831
planning,however,0.9681501266595203
planning,issues,0.9667153088693654
planning,methods,0.9631620398102088
planning,what,0.9621708812850382
planning,complete,0.9617967608552067
planning,requirements,0.9617517271177981
planning,point,0.9607111128944552
planning,goal,0.9605434003387123
planning,should,0.9603447909091323
planning,also,0.9603398050973344
predicting,ieee,0.9679787225274656
predicting,stroulia,0.9672320276449575
predicting,computer,0.9652347068797567
predicting,liu,0.9626864846676115
predicting,2000,0.962076897980814
predicting,volume,0.9601697539703149
predicting,k,0.9597145734919131
predicting,science,0.9583883329390768
predicting,features,0.9571903368898822
predicting,i,0.9568867356199345
proach,programs,0.9631168398625709
proach,ap,0.9608480145565337
proach,change,0.9586087593448476
proach,abstract,0.9575154809360215
proach,versions,0.9572872391516496
proach,tion,0.9551520396119036
proach,contrast,0.9551019157573379
proach,structure,0.9548135448550612
proach,implementation,0.9545103873902224
proach,years,0.9539487005048933
rarely,cult,0.9633141571235113
rarely,over,0.9594349214426472
rarely,see,0.9580056266731772
rarely,more,0.9575434012203237
rarely,frequent,0.95720138803217
rarely,current,0.9567940555929015
rarely,tions,0.9567540719206202
rarely,than,0.9565189635900609
rarely,do,0.9561563803834328
rarely,or,0.9561074301498551
reasons,when,0.9663714297916774
reasons,would,0.9646110509324287
reasons,report,0.9646043166020108
reasons,because,0.964499937276735
reasons,has,0.9644760258830274
reasons,been,0.9641922317257827
reasons,problem,0.9633265176932349
reasons,that,0.9625586862404178
reasons,have,0.9619514591175868
reasons,be,0.9618468711597952
representing,time,0.971249461726777
representing,results,0.9676775503138471
representing,used,0.9666786787100528
representing,into,0.9664903220621024
representing,it,0.9663097446281266
representing,were,0.9660402393471557
representing,lines,0.9659432034023596
representing,from,0.9658328408658119
representing,each,0.9658063459153098
representing,we,0.9657025248171558
right,factors,0.966290417659888
right,produced,0.9590449792997535
right,affect,0.9569244551450591
right,expertise,0.9565464484337923
right,precision,0.9540165795993367
right,recall,0.953847741409158
right,analyst,0.952659063631067
right,tracing,0.9519912703830866
right,matter,0.9517051169595457
right,goal,0.950776182317256
sense,good,0.9695753179051448
sense,human,0.964102558653732
sense,method,0.9629208624111748
sense,however,0.959412569398094
sense,what,0.9580016862221605
sense,understanding,0.9578840041905312
sense,documentation,0.9578558236861797
sense,methods,0.9569742563317357
sense,key,0.9567026607977243
sense,goal,0.9566394728254868
share,collaborative,0.9695712659194085
share,analyses,0.9673801508944275
share,collection,0.96374393395026
share,free,0.9623809223022826
share,ossmole,0.961724749842115
share,gather,0.9614438687432014
share,publicly,0.9582634259508753
share,comparable,0.9560952070178784
share,efforts,0.9534112870985034
share,scripts,0.9521786284191063
sim,same,0.9573077373186978
sim,matching,0.9566944355830196
sim,two,0.9560277470962977
sim,names,0.9557628496202237
sim,nding,0.9535574658492693
sim,common,0.9528914781091635
sim,versions,0.9519099025492699
sim,local,0.9502984703857844
sim,figure,0.9502232732149625
sim,then,0.9492151098281523
standard,their,0.9740837459234125
standard,not,0.9736197094367967
standard,it,0.9735690241401752
standard,by,0.9732841916536454
standard,all,0.9732511153457963
standard,into,0.9731308509692455
standard,that,0.9729508135078984
standard,are,0.972603582921201
standard,about,0.9724117932163114
standard,from,0.9722181553233462
storage,does,0.96709996878307
storage,rather,0.9670202968036516
storage,provides,0.9640866328191042
storage,multiple,0.9639248919026431
storage,its,0.963548317063962
storage,into,0.9632323548532229
storage,are,0.9626849968634531
storage,be,0.9622976201029017
storage,has,0.9616127412552606
storage,been,0.9615625379322055
strongly,metrics,0.969014765107485
strongly,approaches,0.9687696495483162
strongly,large,0.9677340199893574
strongly,time,0.9642250385981347
strongly,first,0.9630762017438574
strongly,supports,0.9630558531907512
strongly,related,0.9630027021331132
strongly,terms,0.9627448273726613
strongly,applied,0.9620103941053069
strongly,management,0.9610757566532548
topological,community,0.918783659067432
topological,open,0.8930849123826945
topological,38th,0.878662641915518
topological,system,0.8692010241381023
topological,sciences,0.839801731299755
topological,development,0.8321446295332078
topological,2005,0.8295545436215039
topological,hicss,0.824614546808155
topological,proceedings,0.824088649710079
topological,hawaii,0.8181843931921267
genealogies,lineages,0.9959795923825527
genealogies,carol,0.9919409240814394
genealogies,dnsjava,0.9919409240814394
genealogies,lineage,0.9883148181786825
genealogies,locally,0.9827818069829326
genealogies,unfactorable,0.9827818069829326
genealogies,genealogy,0.9819600865235409
genealogies,clone,0.9680790153231834
genealogies,clones,0.9672658440974399
genealogies,consistent,0.9664657809622206
141,152,0.9567347572100293
141,133,0.9400097834723129
141,chosen,0.9212892094731973
141,55,0.9195280980611653
141,140,0.9172258668299212
141,211,0.9149970183127254
141,1,0.9133561553354015
141,32,0.9109346688941369
141,3,0.9102154953164512
141,41,0.9100054929590253
copied,snippets,0.9791149393058406
copied,clones,0.9760186711234943
copied,paste,0.9704082845381502
copied,clone,0.9703278106605318
copied,programmers,0.9664001814563459
copied,cloning,0.9656333715445766
copied,nealogy,0.965520215756472
copied,consistently,0.96498737403026
copied,genealogy,0.9595492649044858
copied,template,0.9583070343951012
subversion,paths,0.956733759012067
subversion,signature,0.9542558643315124
subversion,eight,0.9532825015518221
subversion,observed,0.9483695938018328
subversion,ordering,0.9482054321474049
subversion,signatures,0.946024824018532
subversion,kinds,0.9415032558179801
subversion,identifiable,0.9379130832246528
subversion,indicates,0.9362738887981648
subversion,addition,0.9359711574550542
recurrent,scrum,0.975471185167746
recurrent,agile,0.9754279717864153
recurrent,covered,0.970890528378242
recurrent,practitioners,0.9540115638096944
recurrent,srs,0.9507931137266872
recurrent,sr1,0.9480094835804769
recurrent,constant,0.9428840702051025
recurrent,iv,0.9423318279481798
recurrent,review,0.9409403610625189
recurrent,strategies,0.9383418331738739
scql,query,0.9503235259613374
scql,scss,0.9476683764469793
scql,mr,0.9429392725635424
scql,scs,0.9394507901054281
scql,mrs,0.9353511152096345
scql,temporal,0.9326741211065734
scql,queries,0.92390847891981
scql,operators,0.9230861260954406
scql,subsets,0.9200907610520459
scql,proportion,0.9184085367912564
joan,sue,0.99061431616567
joan,pam,0.9853012262033919
joan,please,0.9840201573634322
joan,todo,0.9780362767733357
joan,awb,0.9749490493767814
joan,labelled,0.9747358333165015
joan,hack,0.973344924979604
joan,places,0.9664641048659379
joan,tags,0.9623449430770469
joan,tag,0.9601599718834528
sue,pam,0.9930720894956275
sue,joan,0.99061431616567
sue,hack,0.985095572812364
sue,labelled,0.9792731613109473
sue,todo,0.9722441554495087
sue,please,0.9672572480264181
sue,awb,0.965005496989219
sue,places,0.96397676101118
sue,comment,0.959427232719134
sue,tags,0.9580900903279757
day,week,0.9823011654657556
day,inducing,0.9678516295553705
day,induce,0.9657546118099847
day,mozilla,0.9602925537046747
day,xes,0.9509420208280266
day,indicated,0.9376384905964776
day,later,0.9361194362792611
day,x,0.93276613996194
day,investigation,0.9300760496411287
day,archive,0.9256469408766843
gqm,cmmi,0.989823002022401
gqm,dmaic,0.988728224065086
gqm,sigma,0.9759808190155205
gqm,continuous,0.9732206150115572
gqm,business,0.9670537066994045
gqm,sei,0.963931875801874
gqm,opportunities,0.962547573747186
gqm,six,0.9591193344104707
gqm,theory,0.9538586666660742
gqm,measurements,0.9448962069278444
read,ers,0.9631158363586831
read,around,0.9619160928454461
read,concept,0.9614186356252159
read,key,0.9581086635295004
read,pre,0.9577358447459954
read,keywords,0.9574234999099863
read,word,0.9568970931924115
read,identi,0.9567042088592594
read,entry,0.9558696865831044
read,dirent,0.9550180148310982
1997,september,0.9709417057731509
1997,november,0.9690065783331987
1997,ieee,0.9674445870909509
1997,march,0.960341561057999
1997,03,0.9560634919845998
1997,inoue,0.954297477821963
1997,k,0.9522187533995301
1997,l,0.9513661926014405
1997,perry,0.9507269310066122
1997,journal,0.9493447756207021
branch,revision,0.9456661843662532
branch,logs,0.9377045735931111
branch,path,0.9361035543310611
branch,depicted,0.9321916336707436
branch,authors,0.9319497278123423
branch,derived,0.931936242765426
branch,les,0.9316334303423315
branch,netbsd,0.9296940750771402
branch,files,0.9285482371468404
branch,referenced,0.9284478727768241
detectors,detector,0.9500288691295864
detectors,automatically,0.9377916387581228
detectors,programmers,0.9375013235058899
detectors,remove,0.9355256760095315
detectors,programmer,0.9320174207376712
detectors,token,0.931793584740452
detectors,static,0.9302976836650095
detectors,check,0.9291432161446185
detectors,refactoring,0.9291169367890426
detectors,editing,0.9286813004180847
parameters,parameter,0.9738308882682574
parameters,splitting,0.9672177691708588
parameters,definition,0.9648863271503827
parameters,deletion,0.9604932139633084
parameters,array,0.9596303712571019
parameters,pointer,0.9497034091211229
parameters,modifier,0.9485369145223987
parameters,ordering,0.9484865537150436
parameters,signatures,0.9482474867485149
parameters,removal,0.9465636438693288
veri,identities,0.9780776567200975
veri,person,0.9656411519614091
veri,mail,0.9617567182778524
veri,matches,0.9593865485878571
veri,identity,0.9581750791346729
veri,actor,0.9560272386174999
veri,heuristics,0.9524854557206199
veri,actors,0.952479275270737
veri,persons,0.9481624440517101
veri,address,0.9418411860131863
111,55,0.9090509122631949
111,1,0.9088852163002616
111,2,0.907895374596112
111,e,0.9073758878819589
111,add,0.9008792640698475
111,88,0.9003804207347004
111,o,0.9001650260632156
111,i,0.8998596820831148
111,con,0.8997775785129367
111,3,0.8996670324856069
assess,sensible,0.95988172390275
assess,conducted,0.9463049953895968
assess,coding,0.9380072340046135
assess,effective,0.9312454051164613
assess,assessing,0.9283753033601603
assess,pair,0.9276575218302006
assess,series,0.9242568692812183
assess,recognition,0.9232641052312934
assess,application,0.9231191281138635
assess,deemed,0.9221071992970189
concern,task,0.9680624016660098
concern,point,0.9535232289546175
concern,done,0.9526452728025601
concern,tasks,0.9500542525550844
concern,comment,0.945373666481432
concern,perform,0.9439563772653463
concern,range,0.9439120200426301
concern,outlining,0.9425864464341216
concern,some,0.9424872986507529
concern,shown,0.9424532550283526
databases,database,0.9746993326408462
databases,artifacts,0.9597080705970322
databases,under,0.9580676288749648
databases,large,0.9574704524443844
databases,store,0.9566179726424109
databases,time,0.9565790835902414
databases,about,0.9562255188184097
databases,cial,0.9555248354761484
databases,scale,0.9544601284031624
databases,release,0.9542963303064813
distinct,database,0.9656180856348463
distinct,retrieved,0.96382230729864
distinct,artifacts,0.962705170036352
distinct,been,0.962305225788699
distinct,bug,0.9622519237484977
distinct,activities,0.9619575496343316
distinct,most,0.9617672116238475
distinct,several,0.9611239523703651
distinct,identify,0.960915031513367
distinct,need,0.9608855653354289
assessment,ieee,0.9569194053919097
assessment,areas,0.9512893924129644
assessment,studies,0.9479173528201598
assessment,science,0.9471578180245014
assessment,aspects,0.9457957982859749
assessment,technical,0.9457029496642766
assessment,evaluation,0.9447697357952087
assessment,computer,0.9433952506882328
assessment,research,0.9427785036912951
assessment,tools,0.942500987303017
correct,generated,0.9678081282609042
correct,output,0.9614307472298783
correct,produced,0.9604885545357882
correct,following,0.9594041031558478
correct,any,0.9576706678767659
correct,order,0.9573915855082425
correct,sets,0.9570826245544147
correct,its,0.9563606777246811
correct,have,0.9558454887703149
correct,it,0.9558101132117192
cubrani,murphy,0.9823542568374746
cubrani,bugzilla,0.9761970922707774
cubrani,pinzger,0.9661684613277417
cubrani,bug,0.9607581656537689
cubrani,database,0.9603031343164574
cubrani,link,0.9599867723957995
cubrani,reports,0.9591109993322176
cubrani,distinct,0.9556197588432538
cubrani,archive,0.9554483394581463
cubrani,gall,0.9554467314986901
degree,related,0.9644323674857095
degree,relevant,0.9643975282288146
degree,results,0.9643276043597754
degree,can,0.9640287383533284
degree,higher,0.9636443487926254
degree,from,0.9633523194713096
degree,such,0.9625471767289967
degree,certain,0.9621596597905956
degree,it,0.961953978159959
degree,few,0.9619300465660545
derived,os,0.9509545343272391
derived,logs,0.949631355080031
derived,here,0.9454939691658687
derived,sub,0.9445789127434612
derived,structure,0.9435683539552613
derived,onto,0.9434173153244101
derived,different,0.9419922767676743
derived,variant,0.9416428904594312
derived,shows,0.9414631993463014
derived,indicates,0.9407259982874745
dmaic,gqm,0.988728224065086
dmaic,cmmi,0.9869410512307032
dmaic,sigma,0.9799812995761764
dmaic,continuous,0.9799625620053637
dmaic,opportunities,0.9684681744920148
dmaic,sei,0.964186836543822
dmaic,six,0.9622972447428421
dmaic,business,0.9571511161928259
dmaic,defects,0.9566398303049433
dmaic,manufacturing,0.9489531578920557
face,researchers,0.9643413683200805
face,analyses,0.9619629217273489
face,web,0.9617946813540352
face,research,0.961172047669425
face,email,0.960453167989364
face,designed,0.9601983502595222
face,database,0.9572311815638685
face,know,0.9566079258274041
face,projects,0.9560195335479815
face,about,0.9546368215465264
logic,create,0.958417412066576
logic,set,0.9548452168677309
logic,previous,0.9512472431373382
logic,built,0.9483751828144491
logic,language,0.9479678933283617
logic,modi,0.9463825508079315
logic,before,0.9457268719782512
logic,second,0.9452014777674367
logic,might,0.9446233734273636
logic,after,0.944495436645551
searching,called,0.9652348490774392
searching,pattern,0.963389832852225
searching,call,0.9615716450104339
searching,patterns,0.9592541306341034
searching,functionality,0.9590679858229751
searching,error,0.9579821487820808
searching,after,0.9576128199995023
searching,calls,0.9573039957482118
searching,involved,0.9540790297827899
searching,instances,0.9538521236067664
week,day,0.9823011654657556
week,induce,0.969183375721111
week,mozilla,0.9640408377252556
week,inducing,0.9617703636886077
week,xes,0.9532364894287526
week,indicated,0.9432829957605661
week,later,0.9428992988765663
week,x,0.9417710170876933
week,49,0.936452701416657
week,ta,0.9328383383318111
183,194,0.9650489959907205
183,between,0.952197214949932
183,erences,0.9509622528714599
183,1994,0.9507058888236618
183,implementation,0.9497663296018491
183,common,0.949233247943051
183,similar,0.9492238390168145
183,impact,0.9472643304176797
183,two,0.9468144789181911
183,identifying,0.9468136832635585
active,developers,0.9671796794447709
active,social,0.9590789260803001
active,role,0.9585878178108735
active,projects,0.9579197419426113
active,network,0.9573634533763211
active,developer,0.9557616603079429
active,project,0.9545862703353237
active,members,0.9540362384568486
active,few,0.9536386308201992
active,devel,0.9518839160001198
again,where,0.9634433242314047
again,are,0.9614645975726439
again,well,0.9614533903627404
again,we,0.9613950844578458
again,be,0.9605972166983445
again,see,0.9605874211103178
again,when,0.9605158019599955
again,more,0.9604184177878567
again,such,0.9603129555953998
again,been,0.9602817324012642
candidates,architectures,0.9664312312461474
candidates,apply,0.9659094679114085
candidates,we,0.9645470219448165
candidates,ex,0.9638900824755676
candidates,investigate,0.9638120827263075
candidates,such,0.9637127840994539
candidates,from,0.9636730452271615
candidates,et,0.9633261099346735
candidates,are,0.9628501250212893
candidates,that,0.9628092715734852
chosen,very,0.9569888263671127
chosen,thus,0.9540219707041582
chosen,figure,0.9532127545046629
chosen,see,0.9523778980774364
chosen,gives,0.951536290516632
chosen,ex,0.9510664083490467
chosen,ned,0.9510115428179116
chosen,lines,0.9507429385344743
chosen,less,0.950332340809259
chosen,section,0.9498593923238479
classify,those,0.9589790463421259
classify,course,0.9557829569162382
classify,third,0.951603513032042
classify,some,0.9514981741811688
classify,any,0.9512194457966499
classify,various,0.9500001574054009
classify,given,0.9498880605720845
classify,into,0.949848968018389
classify,have,0.9487991265632292
classify,cation,0.9487781170838077
delete,deletes,0.9664041834984077
delete,dynamically,0.9587258355149082
delete,implementing,0.953051162966412
delete,dsu,0.9526642778158159
delete,openssh,0.9470633686494943
delete,vsftpd,0.9456467147274521
delete,dele,0.9454509446718005
delete,lifetime,0.9449596471287571
delete,deletion,0.9435979114790398
delete,deletions,0.9416513457772535
demonstrated,such,0.9678149002506907
demonstrated,these,0.9671808268606603
demonstrated,be,0.9662043414925754
demonstrated,there,0.9661289008862782
demonstrated,their,0.9660235435014946
demonstrated,repository,0.9658581506567736
demonstrated,can,0.9657900923391256
demonstrated,that,0.9651926700975415
demonstrated,it,0.9648220593795558
demonstrated,example,0.9646950927801459
dimensions,defined,0.9678925574059456
dimensions,dimension,0.9588432832323358
dimensions,approaches,0.9514368088266109
dimensions,necessary,0.9504132691686726
dimensions,finally,0.9453825672887143
dimensions,granularity,0.9450235893135182
dimensions,answer,0.9448846862086948
dimensions,most,0.9442164316053022
dimensions,first,0.9441241740280527
dimensions,market,0.9439970019501995
entry,ers,0.9576489837848643
entry,read,0.9558696865831044
entry,identi,0.953301692966859
entry,key,0.9520493971232384
entry,concept,0.9468856941884194
entry,pre,0.9460022116710962
entry,language,0.9450411325393997
entry,those,0.9450108486539734
entry,although,0.9431818740318119
entry,cation,0.942003657634606
implies,identi,0.9672985664969966
implies,ers,0.965282318112946
implies,nition,0.9614038883173004
implies,ned,0.9590862786258221
implies,around,0.9589704307652993
implies,gives,0.9588454664133839
implies,keywords,0.9583817466277575
implies,pre,0.9572363163615424
implies,follows,0.9566463009413564
implies,like,0.9563968006995909
indeed,first,0.9599461240122995
indeed,also,0.9597297606311129
indeed,there,0.9594747708112165
indeed,researchers,0.9574440486688751
indeed,about,0.9567833656846616
indeed,should,0.9565954115240771
indeed,research,0.9563853275732638
indeed,their,0.9559680905897422
indeed,better,0.9555439050910357
indeed,allow,0.9547124689712853
parallel,traverse,0.9809911530169859
parallel,baz,0.9741086376205383
parallel,mappings,0.9694897702590586
parallel,sb,0.962895175646563
parallel,asts,0.9610518421000716
parallel,bodies,0.9543812519342026
parallel,sf,0.9498031872712438
parallel,count,0.9405803905694294
parallel,counter,0.9404742282018455
parallel,bar,0.9382790041143554
rate,similar,0.9562743803433509
rate,compute,0.9543585812391573
rate,time,0.953339360204944
rate,compare,0.9529148553597091
rate,starting,0.9523866663744278
rate,application,0.9523125219545671
rate,results,0.9508307841601427
rate,allows,0.9501841507135227
rate,respect,0.9498452781317605
rate,applied,0.9493373199698343
rs,ss,0.9005859336727083
rs,op,0.8993211085694814
rs,1,0.8923759412250888
rs,st,0.8914670475104787
rs,10,0.8901776687511591
rs,4,0.8853654856597517
rs,2,0.8824569504067883
rs,ww,0.8804800219243337
rs,45,0.8793504367998943
rs,cd,0.8790543754119085
safe,implementing,0.9591708190891762
safe,running,0.9553953567219515
safe,updated,0.9546781426012502
safe,cult,0.9532565676418299
safe,dynamic,0.9510137339272892
safe,frequent,0.9507588317055331
safe,over,0.9502480212509345
safe,programs,0.9492373163239172
safe,updating,0.9490604756324559
safe,implementation,0.9488592334006287
begin,produce,0.9636480841276238
begin,figure,0.9502795514101534
begin,directly,0.9475909010515473
begin,do,0.9472602672037472
begin,illustrate,0.9467534831774863
begin,output,0.9459445296291485
begin,see,0.9457215572434157
begin,us,0.9451729635137549
begin,per,0.9448611210141435
begin,did,0.9438033891012917
calls,called,0.9757999774150488
calls,patterns,0.9750282091483076
calls,after,0.9709709532678299
calls,pattern,0.9708422362986784
calls,instances,0.9687794616846279
calls,functionality,0.9646658131826271
calls,two,0.9628909507641654
calls,function,0.9623552840956445
calls,where,0.9616683881904016
calls,call,0.9615142617361483
ccfinder,clone,0.9808610884046607
ccfinder,token,0.9803490646359616
ccfinder,cloning,0.9785145022004399
ccfinder,clones,0.9691419979613769
ccfinder,genealogy,0.9679099316541703
ccfinder,snippets,0.9661197588035273
ccfinder,detector,0.9636696039022872
ccfinder,consistently,0.9635290489512776
ccfinder,alternatives,0.960652490565295
ccfinder,impose,0.9595840506701894
cm,o,0.8963948330761344
cm,representation,0.8963042886775359
cm,computed,0.8947822944625593
cm,of,0.8947247420534679
cm,and,0.8942294843256451
cm,y,0.8938935585802723
cm,f,0.8891614444754918
cm,defined,0.8888595585107006
cm,the,0.8887340307254176
cm,e,0.8886437164223016
constraints,could,0.9539442309031287
constraints,problem,0.9531064694965871
constraints,when,0.9526732273923801
constraints,might,0.95071059865662
constraints,did,0.950040926869939
constraints,that,0.9498533968220222
constraints,not,0.9494574359341552
constraints,phase,0.9493647480674863
constraints,were,0.948954343362991
constraints,do,0.9486278512456066
depicted,module,0.9693168488371771
depicted,sys,0.9679502654436971
depicted,structure,0.966833188850364
depicted,coupling,0.9662714917416246
depicted,modules,0.9622056227950118
depicted,variants,0.956207933615034
depicted,logs,0.9560689900800419
depicted,dependencies,0.955328438988439
depicted,logical,0.9552494160676216
depicted,onto,0.9545517061345865
en,subject,0.9586801004212877
en,tion,0.9553698330545788
en,categories,0.9553101850556454
en,large,0.9546506314780938
en,relation,0.9542693849421238
en,parts,0.9540129010792132
en,use,0.9529391336082129
en,al,0.9526250665387336
en,introduction,0.9525822007373821
en,are,0.9522960009383401
entries,heuristics,0.9642885617964292
entries,identi,0.9514997968328146
entries,considered,0.9506336069728272
entries,same,0.9502199204314699
entries,matches,0.9480544601589774
entries,matching,0.9479606149617659
entries,cases,0.9464256727074415
entries,address,0.9457112338467519
entries,match,0.9456813911439892
entries,those,0.945416547693005
expected,us,0.9609112796636514
expected,will,0.9607195031368129
expected,its,0.9602827820840116
expected,used,0.9595966694674798
expected,more,0.9592082453670443
expected,are,0.959036576482306
expected,has,0.9588203194426379
expected,can,0.9584924282231138
expected,that,0.9584688063728444
expected,being,0.9582805609935685
her,is,0.9477482882428471
her,one,0.9447432887967068
her,for,0.9425001738400824
her,any,0.9357209216676872
her,various,0.9355584353583886
her,which,0.9348678989887026
her,always,0.933035550004068
her,easily,0.9328869775699344
her,both,0.9324969314871097
her,by,0.9322347348820994
ine,e,0.9148037251221774
ine,infrastructure,0.9132384462103935
ine,in,0.9127742113687993
ine,ware,0.9102503804451721
ine,ing,0.9073155780230044
ine,a,0.9057905273665501
ine,g,0.904824263506087
ine,creole,0.904785562725254
ine,n,0.9043546200068469
ine,al,0.9043530269838147
informal,communication,0.9667557380556142
informal,team,0.957954273978414
informal,task,0.9566399907956616
informal,request,0.9558656069674651
informal,developer,0.9543109932641571
informal,eclipse,0.9534385535757945
informal,suggested,0.9505639832419825
informal,intended,0.9503406560525027
informal,codebase,0.9489396256010221
informal,com,0.9482827711667918
national,nternational,0.9640646933248671
national,ational,0.962712372795609
national,tional,0.9622711111938396
national,rnational,0.9606386355642582
national,ternational,0.9595433951175054
national,ernational,0.9569710568371752
national,international,0.9560159915160114
national,may,0.9522475429928008
national,2004,0.9507877888844497
national,conference,0.9493280737139579
opment,ment,0.9555995998827509
opment,devel,0.9508711156964949
opment,develop,0.9501539126134265
opment,project,0.9480048797562994
opment,g,0.9477040573289057
opment,learning,0.9467342217995669
opment,science,0.94673412309965
opment,c,0.9461444296678354
opment,in,0.9456749729299803
opment,f,0.9455831700760537
predictive,effects,0.9548890377563302
predictive,coding,0.9493325827030589
predictive,features,0.941226471038725
predictive,recognition,0.9364940453922339
predictive,performance,0.9351053041099373
predictive,versus,0.935036184193284
predictive,third,0.9282945588485425
predictive,measures,0.9277459344366603
predictive,bottom,0.9262988957638095
predictive,representation,0.9259247346488924
publicly,analyses,0.9737630622162667
publicly,collection,0.9700494522098182
publicly,free,0.9640618323689938
publicly,raw,0.9628081452214422
publicly,comparable,0.9623948711618083
publicly,ossmole,0.9620947074407813
publicly,forges,0.9615797495958658
publicly,collected,0.9609107631835458
publicly,scripts,0.9592631142394054
publicly,share,0.9582634259508753
sum,whose,0.9620258600576846
sum,average,0.9570312858703145
sum,apache,0.9522888370394342
sum,versions,0.9505245729457654
sum,vari,0.9495766233728211
sum,addition,0.9485962455016308
sum,over,0.9477753128551446
sum,programs,0.9473311023983051
sum,tions,0.9471442430743975
sum,show,0.9470065810076554
takes,apache,0.962398206232242
takes,over,0.9553238405164088
takes,two,0.953739918305861
takes,shows,0.953252111146305
takes,more,0.9516548956263002
takes,each,0.9515572629986481
takes,between,0.9512323240347317
takes,due,0.950004384311629
takes,versions,0.9497235573286582
takes,has,0.9496429473817973
vari,versions,0.970632508602705
vari,programs,0.9634986883391966
vari,functions,0.9618766240684106
vari,variables,0.9590878166828813
vari,global,0.9581960766745685
vari,names,0.95651478177211
vari,additions,0.9536720481464935
vari,whose,0.9522721480198197
vari,function,0.9522154467830384
vari,tions,0.9520331511334728
2nd,principles,0.963623799162473
2nd,an,0.9598472096161478
2nd,four,0.9592212749649471
2nd,i,0.9591153938359873
2nd,al,0.9584011444946878
2nd,2000,0.9583970054372368
2nd,are,0.9581359132827143
2nd,over,0.9580997922577982
2nd,g,0.9579645531837814
2nd,further,0.9579187054439273
95,indicates,0.9521398798338458
95,changing,0.9451741776420758
95,over,0.9448939071247553
95,least,0.9443638955664881
95,includes,0.9439790453768705
95,found,0.9437781214665998
95,out,0.9429462607522037
95,might,0.9427903814679243
95,if,0.9427819623918936
95,would,0.9426942838927798
ability,interested,0.9743856956457682
ability,time,0.9716040090552347
ability,first,0.9710212442356063
ability,models,0.9698538615476008
ability,model,0.9685297370841612
ability,general,0.9657493020321495
ability,their,0.9655628619112555
ability,it,0.964395888449014
ability,can,0.9642614826463455
ability,be,0.964249664024825
appears,both,0.9700224082998956
appears,there,0.9683505001555921
appears,but,0.9640305835380909
appears,it,0.9638207579509588
appears,thus,0.9632143185650304
appears,have,0.9629774095564759
appears,only,0.9628489938522943
appears,not,0.9627972508853873
appears,all,0.9627338441837449
appears,also,0.9622582584283216
areas,tools,0.9674284783408285
areas,help,0.9634120588834665
areas,potential,0.9577818070479487
areas,goal,0.9572938652030986
areas,related,0.9566531953808424
areas,bene,0.9563136935563715
areas,user,0.9542415410430841
areas,understanding,0.9534604079942777
areas,relevant,0.9528466155917314
areas,what,0.9514316879527237
assist,extracts,0.9725018609926094
assist,tory,0.9643829433860762
assist,programmers,0.9642663511525735
assist,decisions,0.9588958845679029
assist,best,0.9577565731563848
assist,challenge,0.9571214070518249
assist,automatically,0.955183018609775
assist,several,0.9539904344548596
assist,history,0.9534013695361274
assist,consider,0.9532529320034404
authorship,cases,0.9585887023140035
authorship,address,0.955849349141066
authorship,tracking,0.9552702864684675
authorship,some,0.9526865042525247
authorship,list,0.9524052770728457
authorship,those,0.9505822811685909
authorship,etc,0.9493980765613848
authorship,given,0.9492437503628246
authorship,can,0.9483891447652564
authorship,use,0.9482284205430803
captured,contain,0.9673366188206366
captured,various,0.9564845709575487
captured,mation,0.9557672997990817
captured,practices,0.955477407950142
captured,separate,0.9553485721833139
captured,through,0.9539011273852649
captured,however,0.9533891259569869
captured,infor,0.9532021754001034
captured,communication,0.9528161241223726
captured,task,0.9522723646896591
characterize,dynamic,0.9718029436306964
characterize,updating,0.9690012976559463
characterize,running,0.9567012511963024
characterize,design,0.954682810397456
characterize,sions,0.9514038272670691
characterize,kernel,0.950861636282664
characterize,computing,0.9486881925513959
characterize,2001,0.948374381828004
characterize,evolves,0.9477623601566993
characterize,over,0.9477393116779151
cleaning,designed,0.9550670167198425
cleaning,collection,0.9548285492520474
cleaning,analyses,0.9502877778432015
cleaning,will,0.9461550592911929
cleaning,research,0.9452785947064553
cleaning,researchers,0.944442867033275
cleaning,fully,0.9439949108101143
cleaning,groups,0.9439586118400438
cleaning,gather,0.9439148855365281
cleaning,learn,0.9438896340512302
concerned,very,0.9644798251923274
concerned,including,0.9617055346019074
concerned,so,0.9607337347886793
concerned,results,0.960636584153473
concerned,large,0.959815892812713
concerned,most,0.9596941269968171
concerned,from,0.9592958467344994
concerned,work,0.9577841341918717
concerned,result,0.9567298870402284
concerned,we,0.9566438086619059
contribute,manner,0.9693665850255728
contribute,research,0.9635454694163768
contribute,designed,0.9593178556823818
contribute,researchers,0.9579292470991094
contribute,tools,0.9574618607757452
contribute,unfortunately,0.9560831702130643
contribute,important,0.9559243573672177
contribute,provide,0.9553093506656137
contribute,objective,0.954900893407761
contribute,supports,0.9541147294530407
difference,approaches,0.9621496627703086
difference,characteristics,0.9604980848191798
difference,different,0.9599835404420671
difference,defined,0.9565194408606074
difference,terms,0.9562525236561188
difference,four,0.955490153279588
difference,three,0.9548750078622853
difference,here,0.954773403035567
difference,collard,0.9546627591313935
difference,time,0.9546501370032583
discover,any,0.9618451830777709
discover,what,0.9617342863717924
discover,methods,0.961672304992061
discover,should,0.9607304126494134
discover,can,0.9606123966288055
discover,these,0.9605618629296968
discover,work,0.9604007574869151
discover,their,0.9597259048981988
discover,help,0.9596286506317739
discover,they,0.959466925870387
discovered,many,0.9732218929128472
discovered,often,0.9715158230848929
discovered,because,0.9709071751631391
discovered,when,0.9703307950496098
discovered,result,0.968823781958877
discovered,would,0.9686317143388252
discovered,not,0.9681080047459543
discovered,during,0.9676947705523653
discovered,that,0.9672792068123701
discovered,they,0.9667502840383213
eering,neering,0.9074390612578354
eering,ering,0.8832743362281141
eering,2004,0.882366302430213
eering,5,0.874958786317904
eering,eedings,0.8711133645157427
eering,may,0.8674017076487959
eering,ngineering,0.8671732891940542
eering,ineering,0.8656960611136346
eering,572,0.8621790808158678
eering,563,0.8611104746755986
effective,measure,0.9699606353426589
effective,application,0.9628960712785848
effective,approaches,0.9578514741779207
effective,processing,0.956065154421115
effective,applied,0.9559105747029424
effective,effort,0.9554224793566659
effective,cost,0.9553709985546212
effective,measures,0.9552884713892109
effective,time,0.952901536591695
effective,models,0.9527676990353589
enables,refactoring,0.973502110443376
enables,couplings,0.9728038954989977
enables,apply,0.9689652465780567
enables,smells,0.9670058887259103
enables,fowler,0.9664023037531286
enables,evo,0.9656857298865782
enables,ective,0.964815250497292
enables,history,0.9642079547351193
enables,lution,0.9635204491775446
enables,parts,0.9626178007985765
estimate,features,0.9677848883989119
estimate,effects,0.9598665758918989
estimate,third,0.9536373910027841
estimate,bottom,0.9476288320532091
estimate,was,0.9454002543597411
estimate,student,0.9450138017775738
estimate,entire,0.9444829221653492
estimate,students,0.9441440955362552
estimate,performance,0.9439558639690282
estimate,versus,0.9427163788866658
exchange,studies,0.9533800765633949
exchange,contributions,0.9484702900246604
exchange,means,0.948467256665122
exchange,speci,0.947450753437014
exchange,questions,0.9465803513835691
exchange,ones,0.9464017394043513
exchange,ment,0.9459648771377795
exchange,related,0.9455597470752162
exchange,according,0.9451615103049504
exchange,evidence,0.9443565637657764
exhibit,indicate,0.9604066551304798
exhibit,result,0.9581119206514439
exhibit,see,0.9576789293140122
exhibit,change,0.9570077242609273
exhibit,et,0.9566167457436761
exhibit,between,0.9557529416946036
exhibit,within,0.9555647904813662
exhibit,results,0.9554361749392478
exhibit,we,0.9552231987935343
exhibit,most,0.9549795195137372
explored,several,0.9681283639798783
explored,activities,0.9677751190888334
explored,introduction,0.9676386400665741
explored,about,0.9670352224830032
explored,past,0.9664365211679008
explored,problems,0.966431388252123
explored,artifacts,0.9662437598760629
explored,relevant,0.9660710545927499
explored,large,0.9657865200955971
explored,been,0.9655399995813979
extent,questions,0.9639082691474344
extent,studies,0.9621111287010624
extent,technical,0.9612028650029663
extent,researchers,0.9599026955554884
extent,testing,0.9590471072651241
extent,aspects,0.9587784460470975
extent,help,0.9575345126971448
extent,lack,0.956836202959376
extent,believe,0.9558581518522352
extent,teams,0.9558226863301353
focuses,over,0.9621823447295326
focuses,versions,0.9595289620998324
focuses,programs,0.9590024124816128
focuses,two,0.9589076796138059
focuses,apache,0.958742188281031
focuses,current,0.9578096326631371
focuses,general,0.9572316910917751
focuses,analyze,0.9564376044162323
focuses,would,0.9562171097068176
focuses,whose,0.9560250287381123
follow,various,0.9631316243923831
follow,these,0.9627855736053643
follow,used,0.9622289634530525
follow,repository,0.9619805901983036
follow,work,0.9605122764249092
follow,use,0.9600681877707011
follow,into,0.9599688725112262
follow,part,0.959754865223147
follow,ways,0.9594455716117914
follow,order,0.9589968128626918
formance,successive,0.9573443857418371
formance,per,0.9530650843832101
formance,simple,0.9458953673547936
formance,lines,0.9456299433308819
formance,written,0.9423698506820871
formance,were,0.9400487611797681
formance,features,0.9394285838249986
formance,stronger,0.9393512889187152
formance,performance,0.939318780623942
formance,parsing,0.9386492051780275
fowler,refactoring,0.9745704560531019
fowler,smells,0.9699203158412124
fowler,bad,0.9695439525289136
fowler,detecting,0.9690384128661275
fowler,enables,0.9664023037531286
fowler,demeyer,0.9571451527991124
fowler,couplings,0.9568244331444002
fowler,apply,0.9564918074185936
fowler,design,0.9553124333681553
fowler,ective,0.9552066755193545
getting,research,0.9621816023441427
getting,projects,0.957812699575736
getting,shared,0.9576381253437045
getting,develop,0.9566297739295144
getting,researchers,0.9565188894981951
getting,sources,0.9564560134256626
getting,tools,0.9562196210805345
getting,web,0.9554997414444348
getting,communities,0.9554857801613461
getting,collected,0.955277173344268
gh,ss,0.8740148086932882
gh,op,0.8655088258537647
gh,at,0.8626492546472025
gh,10,0.8486410782280875
gh,7,0.8483243755865288
gh,0,0.8481344475164978
gh,4,0.8479534538486238
gh,5,0.8446071083664011
gh,p,0.8442676567863666
gh,level,0.8412551384169974
greater,terms,0.9638841341060559
greater,total,0.9602833684528913
greater,very,0.9600564962578331
greater,than,0.9591157842818123
greater,experience,0.9579153172714617
greater,results,0.9576358764714928
greater,extracted,0.9575224507978295
greater,we,0.9574501752949687
greater,are,0.9570021297597278
greater,from,0.956764492750249
hidden,within,0.9616160903005916
hidden,dependencies,0.9614697923177363
hidden,modification,0.9608162529566506
hidden,logical,0.9588412384783629
hidden,et,0.9582644620537162
hidden,identify,0.958024221472507
hidden,via,0.9569716388465924
hidden,change,0.9558482718572374
hidden,particular,0.9558106739052865
hidden,annotations,0.9556064384474927
illustrate,produce,0.9546204435441792
illustrate,report,0.9531588201714025
illustrate,two,0.9530356537608149
illustrate,successive,0.9512981528692477
illustrate,figure,0.9508641021451827
illustrate,very,0.9506284122755884
illustrate,per,0.9497905413109584
illustrate,reported,0.9493507051510839
illustrate,presents,0.9488480992474886
illustrate,output,0.9488194712733384
ineering,gineering,0.915841994342177
ineering,2004,0.877699350473596
ineering,may,0.8697518589422308
ineering,ering,0.8671139238808645
ineering,eering,0.8656960611136346
ineering,5,0.8644655749908671
ineering,ngineering,0.8617651860189158
ineering,572,0.8604332005143048
ineering,563,0.8597265127191508
ineering,scotland,0.858080087038861
liu,stroulia,0.983364112091734
liu,predicting,0.9626864846676115
liu,ieee,0.9621062638161041
liu,computer,0.9619645502318968
liu,science,0.9611235726421083
liu,testing,0.9603470297474529
liu,german,0.9587594065558066
liu,july,0.9567026797304305
liu,volume,0.9562700665622654
liu,k,0.9553955225303595
maryland,science,0.9745823491589249
maryland,umd,0.9731008983648755
maryland,computer,0.9685685644168656
maryland,introduction,0.9672336184008522
maryland,department,0.9669199287382739
maryland,university,0.9659145993521585
maryland,abstract,0.9655375031800075
maryland,various,0.9599199432273471
maryland,large,0.9581161256870809
maryland,german,0.9577598912545827
matter,factors,0.9536726981117112
matter,right,0.9517051169595457
matter,who,0.9500014192751127
matter,complete,0.9476858952003602
matter,recall,0.9473452918628853
matter,low,0.9464433077316325
matter,nal,0.9461011172287865
matter,precision,0.9446809804446537
matter,considering,0.9445660879958294
matter,produced,0.9442533021830481
million,identify,0.9666941527846329
million,applied,0.966644911943028
million,find,0.9630244758291919
million,over,0.9622388102956243
million,similar,0.961924928326369
million,used,0.9619178205791398
million,between,0.9617953865220112
million,has,0.9615335894719381
million,been,0.9613302523248165
million,we,0.9608618192248541
modify,kind,0.9658133627014878
modify,if,0.9621928347184332
modify,does,0.961691880512971
modify,taxonomy,0.9611098949203258
modify,only,0.9606022853322471
modify,previous,0.9598490668729827
modify,often,0.9592139968997107
modify,they,0.9589108507026369
modify,indicates,0.9588538816053538
modify,further,0.9587764219467545
multi,point,0.954297761040233
multi,example,0.9526269189181897
multi,only,0.9512555701883039
multi,some,0.9511056604412402
multi,uses,0.9506966359890388
multi,often,0.949163512765823
multi,such,0.9486965491557577
multi,many,0.9486820305458118
multi,describe,0.9482836843423201
multi,because,0.9474845537862083
nce,ence,0.9245238036177635
nce,nference,0.9132249061306759
nce,national,0.9096026593890386
nce,2004,0.9071363253080552
nce,ference,0.9064570394778769
nce,engineering,0.9055436251434092
nce,onference,0.9011520211794956
nce,ce,0.8990343581065667
nce,563,0.8977325955502569
nce,572,0.8975274444548129
ngineering,ng,0.9088984043727373
ngineering,2004,0.902719975283425
ngineering,5,0.8907043283621596
ngineering,gineering,0.8863624448183723
ngineering,may,0.8852681921767889
ngineering,572,0.884361526916434
ngineering,563,0.8839863376214244
ngineering,engineering,0.8792073399367644
ngineering,th,0.8760783892153678
ngineering,neering,0.8747066575650031
notes,lecture,0.9784976774744967
notes,icsm,0.9594906126671088
notes,principles,0.9591001608626669
notes,analyzing,0.9560044090819081
notes,interested,0.9526912968006169
notes,variety,0.9522709537566536
notes,implementation,0.9519993251381422
notes,light,0.950652970449513
notes,science,0.950275089056035
notes,sept,0.9496626786514035
novel,mine,0.9691181684103769
novel,around,0.9675199872906697
novel,technique,0.962495571580714
novel,document,0.9607061021412611
novel,keywords,0.9605122806532864
novel,ers,0.9601353577341109
novel,term,0.9599113896674055
novel,identi,0.9591085097080503
novel,preliminary,0.9585732921817188
novel,suggests,0.9572629809367125
objective,human,0.9600958824405894
objective,tools,0.9550106583892457
objective,contribute,0.954900893407761
objective,research,0.9533274236464238
objective,under,0.95330003002954
objective,users,0.9508170010535595
objective,terms,0.9495375016130788
objective,important,0.9493883819668243
objective,supports,0.9474680092837404
objective,sources,0.9474349044912449
ple,uses,0.9666977747670207
ple,provides,0.9597395568478677
ple,we,0.9596573632383012
ple,particular,0.9590412691116252
ple,change,0.9582927593205315
ple,that,0.9577914045277117
ple,lines,0.9577041860327126
ple,be,0.9576466529749413
ple,such,0.9576433084695408
ple,how,0.9575591641008692
preserving,motion,0.9653955497102598
preserving,agged,0.9653955497102598
preserving,ast,0.9557780338265022
preserving,variables,0.9549882159733691
preserving,semantics,0.9536382950640909
preserving,conservative,0.9508097314431703
preserving,body,0.9502660952365605
preserving,additions,0.9495121800860753
preserving,deletions,0.9494975007480918
preserving,matching,0.9481988987538721
principle,refactoring,0.9703661259177601
principle,abstraction,0.9635479404248917
principle,programmers,0.9606264315218591
principle,apply,0.9598178456156667
principle,decisions,0.9580230260593972
principle,bad,0.957496143848225
principle,often,0.956181037115262
principle,design,0.9546661252867052
principle,remove,0.9545757582164844
principle,programmer,0.9542408417441524
propagation,release,0.9642718968862083
propagation,gall,0.9641680705684348
propagation,logical,0.9638720595144097
propagation,history,0.9599941769495959
propagation,change,0.9598768125758776
propagation,hassan,0.9591909972269974
propagation,coupling,0.9587389053196673
propagation,dependencies,0.9570557701438079
propagation,respect,0.95694748626284
propagation,within,0.9569096251545793
prototype,openssh,0.9616406036193255
prototype,rapidly,0.9563527040746534
prototype,changed,0.9521692037480309
prototype,programs,0.952091962075773
prototype,whose,0.9512346241252159
prototype,implementation,0.9500443279462611
prototype,500,0.9496401118988551
prototype,functions,0.9491999092501563
prototype,versions,0.9484718567313669
prototype,roughly,0.9473225118417121
quickly,abstract,0.9665494708221654
quickly,popular,0.965270232299565
quickly,pro,0.9639699056909762
quickly,inform,0.9637664195676192
quickly,syntax,0.9628544133939538
quickly,programs,0.96216870210538
quickly,stable,0.9598862185961075
quickly,consider,0.956692316652794
quickly,variety,0.955842326913751
quickly,so,0.954640767110315
reduce,defects,0.9720393866696102
reduce,place,0.9653640933744927
reduce,six,0.9638385848491702
reduce,appropriate,0.963712325882991
reduce,improve,0.960559151452576
reduce,management,0.9602918474776959
reduce,opportunity,0.9561287245420909
reduce,opportunities,0.9528353563600969
reduce,processes,0.9522950888436694
reduce,metrics,0.9521299795153997
revealed,change,0.9691556778190954
revealed,parts,0.9687251495548975
revealed,two,0.9657676094395597
revealed,between,0.9655129136987808
revealed,common,0.9653859054582327
revealed,identify,0.9647260252620636
revealed,when,0.9646163419106024
revealed,di,0.9644864877382043
revealed,et,0.9640901002686193
revealed,particular,0.963549242474976
seem,pair,0.9608162991646644
seem,issue,0.9483030869596543
seem,related,0.9455776775989265
seem,ad,0.9416853958003308
seem,less,0.9390123190927099
seem,among,0.9377928807467126
seem,similar,0.9369318633980714
seem,well,0.9365286623448941
seem,entire,0.9362598884294578
seem,impact,0.9358794175868497
serve,access,0.9657111979139298
serve,will,0.9649864668506938
serve,important,0.9641490099422225
serve,repository,0.9632304109931887
serve,possible,0.9625389004508897
serve,useful,0.9615995862187459
serve,any,0.9615082294690325
serve,provide,0.960662792123723
serve,those,0.9597834405111163
serve,also,0.9596390354636983
stronger,strong,0.96427954046953
stronger,external,0.9597432167522262
stronger,features,0.9581516413564237
stronger,lines,0.9578493069392467
stronger,written,0.9577602211572911
stronger,were,0.9554507313426444
stronger,well,0.9551155328657452
stronger,between,0.9528503202697445
stronger,each,0.9504710224184225
stronger,work,0.9503021016674134
un,often,0.9660557435845907
un,because,0.962804352559423
un,automatically,0.9624306075595028
un,programmers,0.9622925546436599
un,many,0.9622923755958758
un,consider,0.9613810774677958
un,would,0.9581202859178872
un,propose,0.9581080614786932
un,especially,0.9580768757679727
un,several,0.9578172650289206
underlying,approaches,0.9710364811411668
underlying,etc,0.9675736560071995
underlying,necessary,0.9632551596542686
underlying,need,0.9626280128421176
underlying,answer,0.9625957511013918
underlying,terms,0.9615342614232519
underlying,extracted,0.9611334834849993
underlying,conclusions,0.9610524498160204
underlying,methods,0.9601852119843717
underlying,techniques,0.9600027366195478
validate,additional,0.9625413665114844
validate,also,0.9616299145896723
validate,about,0.9612798675922718
validate,should,0.9607310117679158
validate,these,0.960383723396069
validate,that,0.959094503200647
validate,there,0.9589290108107167
validate,but,0.9587670953451862
validate,it,0.9586659702664049
validate,take,0.9584250665110683
velopment,opment,0.9399582204988957
velopment,ment,0.939502626798186
velopment,learning,0.9358239956736334
velopment,open,0.9273723292820373
velopment,g,0.9262722823790452
velopment,k,0.9254842303431519
velopment,l,0.924909591292894
velopment,project,0.9248627820037392
velopment,t,0.9242207634595274
velopment,science,0.9240265246117004
visualizing,gall,0.9641863275890642
visualizing,fischer,0.9637740549986787
visualizing,german,0.9622049347629661
visualizing,through,0.9609949860613847
visualizing,history,0.9607927579318858
visualizing,project,0.9604661658200329
visualizing,pinzger,0.9601930840888386
visualizing,activities,0.9600728265620553
visualizing,september,0.9598065923139063
visualizing,computer,0.95928877605743
vs,experience,0.9538888245247937
vs,produced,0.9522956145722603
vs,i,0.9494716417756319
vs,results,0.9459545990783453
vs,better,0.9458054493336263
vs,b,0.9449705036880529
vs,performance,0.9437436849723624
vs,low,0.9420439688806674
vs,fact,0.9418304912601325
vs,quality,0.9412719340939858
211,32,0.9320464206468283
211,141,0.9149970183127254
211,48,0.9112543329397489
211,52,0.9107366286237343
211,45,0.9102650387901368
211,2,0.9099702170616231
211,1,0.9080971590237412
211,100,0.906367519675924
211,3,0.9063647540416223
211,34,0.9046353972492195
stackexchange,websites,0.9763231720816716
stackexchange,se,0.955537098269397
stackexchange,posted,0.9546674513626145
stackexchange,srs,0.9544759985384519
stackexchange,practitioners,0.9519420922440012
stackexchange,tertiary,0.9477254462604583
stackexchange,website,0.9410427974593405
stackexchange,stack,0.94088203980389
stackexchange,review,0.9408564459525283
stackexchange,silva,0.9380410408340749
snippet,snippets,0.9746493937702887
snippet,cloning,0.9733704229388205
snippet,clone,0.969096485175856
snippet,clones,0.9653768405831622
snippet,consistently,0.9643874915404729
snippet,nealogy,0.9639413647962733
snippet,consistent,0.9596195500159228
snippet,genealogy,0.9571006078946536
snippet,detector,0.9569062440294044
snippet,removed,0.9544423076161361
softchange,hindle,0.9579774881217211
softchange,german,0.9570906480399383
softchange,infrastructure,0.949490792432049
softchange,mockus,0.9486827590945281
softchange,visualizing,0.9473036042369565
softchange,populating,0.94468750952703
softchange,european,0.9409811380735429
softchange,fischer,0.9400269944707644
softchange,september,0.9396341463218032
softchange,experiences,0.9383457360574914
400,300,0.9769857129944018
400,700,0.9574844313737002
400,800,0.9574844313737002
400,200,0.9521925809465259
400,variables,0.9505659551489507
400,600,0.9431202637563723
400,500,0.9423297120131945
400,computation,0.94203567320912
400,global,0.9403721243595647
400,far,0.9387367989045291
map,exist,0.9344825196321027
map,last,0.9339389507890703
map,values,0.9327861495420965
map,form,0.9277668255187037
map,count,0.9273714998663392
map,exists,0.9262888694896096
map,assume,0.9255546958158045
map,if,0.9242686859034885
map,node,0.9233280864348976
map,algorithm,0.9233147568865585
ordering,signature,0.976433989810972
ordering,signatures,0.9709857630179171
ordering,parameter,0.9673288434805541
ordering,deletion,0.962397626377159
ordering,observed,0.959027813133897
ordering,kinds,0.9589511820594983
ordering,taxonomy,0.9552586878404219
ordering,function,0.9541023479388235
ordering,addition,0.9524213641707142
ordering,eight,0.9505876746959705
pdf,papers,0.97287506204921
pdf,mockus,0.9566191024050178
pdf,theory,0.9551069275596531
pdf,graves,0.9503853891736478
pdf,measurement,0.9502497211133936
pdf,november,0.9469262205834662
pdf,institute,0.9463833175939893
pdf,management,0.9427013348300677
pdf,perry,0.9412642315940534
pdf,july,0.940422991457792
pmd,student,0.9698415394609973
pmd,students,0.9678885243138333
pmd,submit,0.9608310312914563
pmd,style,0.9486846507496092
pmd,unit,0.9483760409774317
pmd,habits,0.9470347075919274
pmd,grading,0.9469174459770886
pmd,snapshot,0.9444467090276875
pmd,features,0.9426776144945406
pmd,tests,0.9394644620596149
coefficients,cepstrum,0.9859993445554023
coefficients,lpc,0.9858660795375956
coefficients,signals,0.974883779498406
coefficients,spectral,0.9728702000163119
coefficients,signal,0.9626343139560063
coefficients,series,0.958993775388421
coefficients,recognition,0.9570689751265913
coefficients,compact,0.9544134074636276
coefficients,cepstra,0.9532277015648517
coefficients,evolving,0.9471766240949893
persons,identities,0.970741941643239
persons,privacy,0.9701668739828535
persons,actors,0.9656351865955158
persons,actor,0.961841237719858
persons,person,0.9605446231120097
persons,matches,0.9581191144505405
persons,veri,0.9481624440517101
persons,linking,0.9455850349522597
persons,identity,0.9419431261195683
persons,iden,0.9348648968073253
review,practitioners,0.9655200948649079
review,srs,0.9623589732904132
review,ndings,0.9612158222437379
review,covered,0.9566094623967814
review,agile,0.9556292876470093
review,solve,0.949733202499778
review,sr,0.9496000918322586
review,acceptance,0.9474178888130769
review,cover,0.9461904713685302
review,293,0.9460554106903589
bar,asts,0.9524730290278531
bar,ast,0.951136711898602
bar,baz,0.9511096329287217
bar,sb,0.9492223483979938
bar,bodies,0.9456873888934851
bar,bijection,0.9445284358072256
bar,foo,0.944516265194377
bar,old,0.9432034491030331
bar,body,0.9385742291163468
bar,parallel,0.9382790041143554
globalnamemap,localnamemap,1.0000000000000002
globalnamemap,y1,0.9904368335789551
globalnamemap,y2,0.9904368335789551
globalnamemap,counter,0.9835531693843416
globalnamemap,sf,0.9629781063121463
globalnamemap,else,0.9627427900006101
globalnamemap,encounter,0.9595469489919165
globalnamemap,traversal,0.9582353642511134
globalnamemap,sb,0.9524246825429565
globalnamemap,declaration,0.9515619717939567
localnamemap,globalnamemap,1.0000000000000002
localnamemap,y1,0.9904368335789551
localnamemap,y2,0.9904368335789551
localnamemap,counter,0.9835531693843416
localnamemap,sf,0.9629781063121463
localnamemap,else,0.9627427900006101
localnamemap,encounter,0.9595469489919165
localnamemap,traversal,0.9582353642511134
localnamemap,sb,0.9524246825429565
localnamemap,declaration,0.9515619717939567
marmoset,tests,0.9720775329766981
marmoset,submission,0.9567527407981453
marmoset,snapshot,0.9414547451566233
marmoset,grading,0.9405512239776108
marmoset,submit,0.9366965502726969
marmoset,unit,0.9284082264292237
marmoset,collects,0.926409223422372
marmoset,findbugs,0.9259701998951796
marmoset,snapshots,0.9254062844257653
marmoset,student,0.9237374594238446
prototypes,rapidly,0.9620435475012767
prototypes,dsu,0.9599995447136966
prototypes,declarations,0.9557979013886844
prototypes,openssh,0.9525922230573595
prototypes,nitions,0.9441234478800979
prototypes,additions,0.9435869408958737
prototypes,union,0.9420211689542668
prototypes,dele,0.9417177478373866
prototypes,prototype,0.9356187016523676
prototypes,sign,0.9309250899488941
void,char,0.9414051967192483
void,last,0.9367225930854843
void,reported,0.9333255428495908
void,return,0.9329781151263532
void,old,0.9321511162799027
void,changed,0.9296209462630569
void,deleted,0.9285348389329966
void,definition,0.9267688711461904
void,function,0.9259570415868958
void,parameter,0.9253703473355188
dead,lifetime,0.95011728609176
dead,frequent,0.939960252442473
dead,points,0.9386071817521813
dead,rent,0.9310288469486421
dead,delete,0.9303956939717866
dead,implementing,0.9292672102034476
dead,equal,0.9288045585032864
dead,cur,0.9260858287808482
dead,vsftpd,0.9256398877700791
dead,update,0.9252291876607919
forge,publicly,0.9516256647279177
forge,collaborative,0.9504627332638076
forge,collected,0.9485875660209544
forge,license,0.9451437474197333
forge,forges,0.941894262934577
forge,free,0.9402440168625132
forge,raw,0.9355639333626917
forge,site,0.9341283826802338
forge,projects,0.9323487905602958
forge,share,0.9290654165075705
path,graph,0.9577760837616327
path,relationships,0.9549073391967108
path,revision,0.9530687355011274
path,represented,0.951718921015811
path,associated,0.9508770058015478
path,directory,0.949573749383067
path,files,0.9484553286494477
path,shows,0.9477035948050936
path,attributes,0.944545687381186
path,between,0.9434833129957068
violations,rules,0.9608014494591709
violations,api,0.9584865569559433
violations,specific,0.9533317073183301
violations,successful,0.9403090550771585
violations,errors,0.9401825136184119
violations,interact,0.9381869719059377
violations,static,0.9379232502498331
violations,look,0.9378490105792172
violations,highlight,0.9377212649544336
violations,follow,0.9374294724347566
300,400,0.9769857129944018
300,800,0.9707595431431273
300,700,0.9707595431431273
300,200,0.9634733583733548
300,600,0.9511137257166371
300,variables,0.9501163720271717
300,500,0.9404837953192603
300,size,0.939428553906116
300,far,0.9371369449976386
300,maximum,0.9364841079091453
age,37,0.922791439254419
age,41,0.9199446211496526
age,with,0.9116365213344757
age,manually,0.9106812607826738
age,least,0.9100558661390574
age,32,0.9087163837902981
age,short,0.9084114325258972
age,b,0.9083535700341453
age,ge,0.9082465405905449
age,38,0.9066021318116785
duplication,reuse,0.9619644695980134
duplication,refactoring,0.9567095680079625
duplication,clone,0.9560028850082611
duplication,programmers,0.9546952044745474
duplication,paste,0.9535073228740709
duplication,consistently,0.9530320474776326
duplication,duplicated,0.9521659550864263
duplication,abstraction,0.9520637013655949
duplication,lution,0.950943347268447
duplication,programmer,0.9476314435059177
exception,don,0.9510880324411461
exception,continue,0.9409081825408933
exception,last,0.9379904491840075
exception,had,0.9359276915596295
exception,cantly,0.9343005313017073
exception,reported,0.9335526630350114
exception,detect,0.9317744049918724
exception,spurious,0.9306406281957511
exception,adding,0.9296209703406147
exception,body,0.9288331094119515
graphmania,networks,0.9737884311259144
graphmania,oss,0.9671231838554628
graphmania,filtering,0.9594658538392322
graphmania,social,0.9534266668533271
graphmania,naist,0.952648332743893
graphmania,ltering,0.9499521351975575
graphmania,visualizations,0.9399802802611581
graphmania,network,0.9396937238589171
graphmania,existence,0.9387826656715534
graphmania,edges,0.9293739521356034
ideal,impacts,0.9438749202154784
ideal,agile,0.9305765067788505
ideal,organization,0.9283680565277277
ideal,scrum,0.9268323802949023
ideal,ad,0.9230993974532541
ideal,recurrent,0.9226523224044714
ideal,iv,0.9200042286537657
ideal,documentation,0.9191661426688575
ideal,topic,0.9187472163394357
ideal,productivity,0.9170653709761342
occurs,last,0.9481015674854947
occurs,if,0.9360634072569013
occurs,interface,0.9328244551274801
occurs,assume,0.9325325583684472
occurs,same,0.932349507965786
occurs,exist,0.9320011832941852
occurs,where,0.9316625869789106
occurs,after,0.9316279327107362
occurs,set,0.9310106771515299
occurs,two,0.9301258256383451
production,web,0.9435300407485594
production,just,0.9408338423074597
production,large,0.9400489130238854
production,could,0.9389078760496585
production,major,0.938822615924398
production,value,0.9374987899831051
production,but,0.9374888714956024
production,through,0.9371270655578794
production,defects,0.9370013406125457
production,processes,0.9367424781995968
54,61,0.9722924568518576
54,63,0.9650592059873655
54,71,0.9633506981837636
54,72,0.9623630613144862
54,36,0.9616131319785144
54,77,0.9605364204006246
54,67,0.9570880944004152
54,79,0.9567696992151811
54,66,0.9563783382931523
54,47,0.9558462401676524
academic,floss,0.9798196958306578
academic,comparable,0.9795688249339161
academic,compatibility,0.9792566730591536
academic,ossmole,0.9787477394345685
academic,analyses,0.9762857615832938
academic,traceable,0.976274873809361
academic,collection,0.974548984928651
academic,reproducible,0.9661985639157844
academic,publication,0.9628895959022037
academic,conduct,0.9603228656398672
affect,factors,0.9754889909130242
affect,precision,0.9718990810153746
affect,recall,0.9685187704227253
affect,analyst,0.9622685058857515
affect,right,0.9569244551450591
affect,senior,0.9544924517661848
affect,factor,0.9532931097439001
affect,establish,0.9512097021869663
affect,expertise,0.9505789297985265
affect,analysts,0.9485566130945094
central,project,0.9646672952023594
central,projects,0.9629309517228299
central,developers,0.9595783327912168
central,provide,0.9586469250091583
central,repository,0.9584318989287317
central,model,0.9566447640300417
central,few,0.9557926962838372
central,teams,0.9544315058340971
central,through,0.9518340625479207
central,groups,0.9517984209053979
component,create,0.9609639102629707
component,programmers,0.9607437014077158
component,best,0.957590471935327
component,decisions,0.9574618460761164
component,design,0.9516796082021173
component,history,0.9503626577259907
component,automatically,0.9501806346847362
component,extracts,0.9498231688012604
component,evolve,0.9488878294647642
component,apply,0.9487531783003984
criteria,among,0.957313201380678
criteria,modules,0.9527971920778397
criteria,obtain,0.9500566867459919
criteria,allow,0.9495556276372221
criteria,less,0.9467871633808709
criteria,graphs,0.9455785605673639
criteria,similar,0.9448612718667628
criteria,success,0.9448205564747713
criteria,works,0.944768567750855
criteria,also,0.9446990913734801
debug,found,0.9469838119608953
debug,followed,0.945674099926426
debug,error,0.9449136106367608
debug,us,0.9441273642831023
debug,do,0.9436610359414361
debug,many,0.9436334669364141
debug,called,0.9427244697735413
debug,themselves,0.9420905171407246
debug,used,0.9417536715055244
debug,insight,0.9416466542445805
heuristic,heuristics,0.9566181022799247
heuristic,assigned,0.9462945263419723
heuristic,address,0.9453500663920793
heuristic,mail,0.9428004192812705
heuristic,cases,0.9414240702650138
heuristic,entries,0.9411100910014791
heuristic,those,0.9409835209503941
heuristic,matches,0.9408248056496397
heuristic,account,0.9375794975832717
heuristic,addresses,0.9370853586414363
hot,spots,0.9943127855312219
hot,release,0.9574375125851728
hot,coupling,0.9558378887395969
hot,couplings,0.9557979629761596
hot,releases,0.955599212288763
hot,evolutionary,0.9533462991275155
hot,history,0.9517643253270864
hot,respect,0.9510413533434144
hot,enables,0.9507032566429094
hot,proach,0.9505335228029206
occurred,whether,0.9623968691795736
occurred,were,0.9568267719343458
occurred,than,0.9547239002389394
occurred,see,0.9540115120329773
occurred,out,0.9532480612639096
occurred,total,0.9528271093733471
occurred,impact,0.9523406159180166
occurred,shows,0.9523176140275089
occurred,table,0.9502806473390408
occurred,each,0.9501852128390502
percentage,spurious,0.9596062412275341
percentage,body,0.9539921744621214
percentage,additions,0.9499831304585072
percentage,reported,0.9491136304820116
percentage,function,0.9484850131903306
percentage,detect,0.946665448564818
percentage,old,0.9432129149269197
percentage,adding,0.9426687905845543
percentage,deletions,0.9426289570458177
percentage,variables,0.9420820940161969
tertiary,silva,0.9836211226338344
tertiary,da,0.9836211226338344
tertiary,2014,0.9757453133655238
tertiary,soares,0.9745038269727673
tertiary,2015,0.962914814445091
tertiary,2011,0.9544120916337295
tertiary,practitioners,0.9479293487036635
tertiary,stackexchange,0.9477254462604583
tertiary,review,0.943447610020365
tertiary,websites,0.942726725529798
trend,increasing,0.943120262206268
trend,three,0.9416026061919884
trend,shows,0.9415638024619215
trend,35,0.9412562050066439
trend,decreasing,0.9391128062721774
trend,distribution,0.9383920793859435
trend,observation,0.9376117286955641
trend,100,0.9373805158625443
trend,sub,0.9372551764959675
trend,logs,0.9367776278471609
writing,write,0.9627875110117788
writing,would,0.9577130659368447
writing,solution,0.9566531777922151
writing,do,0.9564345814016018
writing,out,0.9550397379784916
writing,elements,0.9542293773548849
writing,not,0.9534299910837518
writing,does,0.9531717323162361
writing,all,0.9526583228308885
writing,many,0.9517209861427677
baz,parallel,0.9741086376205383
baz,counter,0.9727427978064125
baz,sb,0.9660445338019655
baz,traverse,0.9543001681950825
baz,begins,0.9517481053565509
baz,bar,0.9511096329287217
baz,asts,0.9504126992448196
baz,bodies,0.9498444170529856
baz,sf,0.947315761356621
baz,localnamemap,0.9417187430709482
ch,for,0.9443786589572047
ch,a,0.9417020709163018
ch,and,0.94028114576074
ch,in,0.9359858554122149
ch,o,0.9337925371923536
ch,n,0.9337413649191351
ch,g,0.9324158697706
ch,ing,0.931920427924029
ch,an,0.9300477804329979
ch,e,0.9294248113167505
cognitive,rationale,0.9689470087031067
cognitive,past,0.9594343759035457
cognitive,activities,0.9534633063821397
cognitive,infrastructure,0.9522128649816441
cognitive,artifacts,0.9507149257990244
cognitive,history,0.950147138008641
cognitive,extracts,0.94797442023488
cognitive,answering,0.9477551363576063
cognitive,during,0.9472199066581717
cognitive,consider,0.9464526190501892
costs,processes,0.9610981502599996
costs,widely,0.9546529089615186
costs,typical,0.951286459216375
costs,reducing,0.9511962081731036
costs,metrics,0.949228008700881
costs,goals,0.9490554091315433
costs,measurement,0.9487529831753307
costs,achieve,0.9485257036538424
costs,defects,0.9481039439191479
costs,six,0.9480329937543215
enums,union,0.981596504166929
enums,struct,0.9758879730388341
enums,item,0.9498938614145841
enums,aggregate,0.9475876326317075
enums,typedef,0.9364730960270369
enums,declarations,0.9349701946016513
enums,elds,0.9340501895056036
enums,additions,0.9313879717366487
enums,typedefs,0.9261711027029025
enums,trees,0.9255715364587759
evolvability,smells,0.9824129085053681
evolvability,smell,0.9766481093133846
evolvability,refac,0.9760381380029428
evolvability,spot,0.9733846659549936
evolvability,viewing,0.9680139183683527
evolvability,couplings,0.9679754180680928
evolvability,refactorings,0.9669542199329418
evolvability,engineer,0.9648916222645667
evolvability,enables,0.9557495602969672
evolvability,fowler,0.9545923104745722
exam,space,0.9540292067126004
exam,complete,0.9518503871716797
exam,versus,0.9480107408502367
exam,low,0.9470276578780861
exam,necessarily,0.9447622674843272
exam,measured,0.9427467727115872
exam,third,0.9419471532471959
exam,write,0.9415119987807211
exam,features,0.9408082844053463
exam,did,0.9385653797023051
filtering,naist,0.9852078900726196
filtering,networks,0.9668196458036548
filtering,oss,0.9636554976849412
filtering,social,0.9619439533035958
filtering,solving,0.9604145802399343
filtering,graphmania,0.9594658538392322
filtering,collaborative,0.9544265714763087
filtering,ltering,0.9532060394032611
filtering,jp,0.9505379744110009
filtering,members,0.9464494421539907
format,xml,0.9635811607384854
format,differences,0.9617527506319685
format,such,0.9556208144365842
format,tools,0.9553704199723079
format,required,0.9543499133277833
format,important,0.9542966102251269
format,can,0.9541461733790061
format,however,0.9532662576393385
format,these,0.9531868736554833
format,examples,0.9531783215862155
gnu,keywords,0.9640674838442811
gnu,around,0.9634840101147151
gnu,identi,0.9564101953913196
gnu,ers,0.953257731636731
gnu,mine,0.9524214424889172
gnu,000,0.9511910978445419
gnu,document,0.9503187393486263
gnu,operating,0.9492979441119078
gnu,term,0.9492219840589505
gnu,although,0.948929361076339
implementing,dynamically,0.9666434916060829
implementing,safe,0.9591708190891762
implementing,frequent,0.954594750586675
implementing,delete,0.953051162966412
implementing,running,0.9520319892589193
implementing,updated,0.9511767723026998
implementing,tions,0.9462733657313958
implementing,negative,0.9448966932083992
implementing,long,0.9425845798361319
implementing,ver,0.9423799468539715
mappings,traverse,0.9804404618138474
mappings,parallel,0.9694897702590586
mappings,asts,0.9605605552151755
mappings,count,0.9485415521374694
mappings,matching,0.9470962293745396
mappings,match,0.9457856021497422
mappings,global,0.9428893242755862
mappings,trees,0.9412375407135829
mappings,nding,0.9399049414334343
mappings,form,0.9387126087148041
memory,category,0.9591005509899021
memory,interface,0.9487805070712638
memory,called,0.9463425563091159
memory,call,0.9433481951246823
memory,functionality,0.941977370010684
memory,after,0.9414731266399768
memory,involved,0.9413586705034144
memory,section,0.9404441337384377
memory,found,0.9389652866738691
memory,like,0.9383753848839532
papers,pdf,0.97287506204921
papers,november,0.9581728188620788
papers,8th,0.9515065017215224
papers,perry,0.949859132143541
papers,theory,0.9495864949767334
papers,ieee,0.9490267751096852
papers,1997,0.9489649266630023
papers,journal,0.941638974157607
papers,measurement,0.9394615469272125
papers,graves,0.9380272375761556
presence,determined,0.9518431182161498
presence,starting,0.9454787394769366
presence,factors,0.9449769333146031
presence,applied,0.9430088513082796
presence,results,0.9430005514234079
presence,generated,0.9424488277104055
presence,time,0.9422243032258538
presence,must,0.9419332544220651
presence,complexity,0.9413355590659673
presence,likely,0.9404714546871958
purpose,extracting,0.96226070868155
purpose,can,0.9610263281088012
purpose,be,0.9605063479590201
purpose,etc,0.9603552298481166
purpose,its,0.9603509145322964
purpose,database,0.9601240273650147
purpose,it,0.9600198199663046
purpose,been,0.9598889661972323
purpose,such,0.9598102513700388
purpose,from,0.9594186883486998
raw,license,0.9639807198446987
raw,publicly,0.9628081452214422
raw,forges,0.9619237570155371
raw,scripts,0.9560623648373282
raw,script,0.955981223342357
raw,comparable,0.9535723640433019
raw,collection,0.9512386694168317
raw,analyses,0.9512247254337278
raw,download,0.9497938236132817
raw,ossmole,0.9486585673807922
regions,equivalent,0.9518399274422554
regions,programmers,0.9450165754636319
regions,text,0.9445305208829697
regions,result,0.9435362858348375
regions,decisions,0.9387250559458284
regions,abstraction,0.9374443509827287
regions,improves,0.9356837771191118
regions,editing,0.9351107072652227
regions,best,0.9348416974490834
regions,must,0.93475808681651
scope,tasks,0.9449962227951163
scope,challenges,0.9434419688538475
scope,task,0.9377530178711921
scope,sense,0.9363150699518532
scope,ment,0.9345963272340132
scope,context,0.934488795158442
scope,direction,0.934049440408826
scope,however,0.9335932136475201
scope,methods,0.9333774657124546
scope,trying,0.9330842531188851
sept,ieee,0.9714865654143673
sept,icsm,0.9683952779593346
sept,hindle,0.9634448923703023
sept,german,0.9616716165745753
sept,03,0.9601202254592961
sept,september,0.9590709177858961
sept,284,0.9582898576370747
sept,populating,0.9569695655654068
sept,principles,0.9553921417681793
sept,computer,0.9534762745328839
signals,lpc,0.9829157880492867
signals,cepstrum,0.9813379738783106
signals,coefficients,0.974883779498406
signals,distortion,0.9705008367971413
signals,spectral,0.9695357658838581
signals,evolving,0.9660611366221181
signals,representations,0.9656131011026732
signals,series,0.9653925068074305
signals,recognition,0.962733049267449
signals,compact,0.9626348304540415
1996,2001,0.9490836212928081
1996,german,0.9449998734641005
1996,k,0.9426032887616991
1996,supports,0.9414935784311009
1996,large,0.9398196358862674
1996,since,0.9396528370471962
1996,comparison,0.9393229006715133
1996,ca,0.9388310601456225
1996,server,0.9382960876228826
1996,g,0.9382113142711583
48,52,0.945931032539209
48,46,0.945517945890648
48,34,0.9453968256893939
48,32,0.9431317523723208
48,45,0.938008679823747
48,36,0.9359978784533591
48,33,0.9329244224275816
48,47,0.9306098159984431
48,37,0.9276221497528196
48,35,0.9263020292859914
canada,july,0.9718819404695932
canada,computer,0.9699940518175001
canada,supported,0.9641783912079733
canada,science,0.962425326011862
canada,work,0.9621546960255366
canada,ca,0.9615686577863307
canada,large,0.9606525825935814
canada,2000,0.9594283817602413
canada,ieee,0.9593316197702757
canada,german,0.9590948035132485
components,along,0.9586173723227807
components,down,0.9585637824648738
components,nature,0.9574332012763027
components,results,0.9551903757127875
components,very,0.9545698931459363
components,being,0.954299122909785
components,were,0.9532384365967506
components,section,0.9531318262635228
components,well,0.9530690748111783
components,what,0.9530174103070783
cycle,improve,0.967417892972251
cycle,measures,0.9666098746483016
cycle,metrics,0.9644204284275103
cycle,better,0.9606894358141205
cycle,time,0.9600955634666852
cycle,hence,0.9592441290654854
cycle,historical,0.9588179331635633
cycle,measure,0.9584466560366309
cycle,life,0.9580586414200113
cycle,effort,0.9574696443415238
decision,draw,0.9543685429250994
decision,requirements,0.9539645400562506
decision,what,0.9526583052523105
decision,during,0.9521410599427131
decision,who,0.951265608514847
decision,however,0.9507608051387486
decision,methods,0.94983509878776
decision,must,0.9496176609930949
decision,they,0.9495935940515423
decision,performed,0.9495254501579262
dimension,dimensions,0.9588432832323358
dimension,necessary,0.9410268882095609
dimension,now,0.9401424673014296
dimension,most,0.9400959935541544
dimension,its,0.9389754435518103
dimension,kinds,0.9376984355371958
dimension,identify,0.9374849198356521
dimension,being,0.936798049661888
dimension,can,0.936571043637371
dimension,example,0.9355866656405127
discussions,members,0.9653746148594784
discussions,devel,0.963145263992502
discussions,social,0.9625506050500816
discussions,developers,0.9620249584555816
discussions,develop,0.9576892594760782
discussions,developer,0.9576525627767194
discussions,project,0.9554689033233432
discussions,rich,0.9554391145580154
discussions,few,0.9536988917083729
discussions,projects,0.9533542767419926
down,section,0.9648949368135519
down,very,0.9623111109919652
down,via,0.9616247031690515
down,see,0.9609842323503947
down,results,0.9605634625910204
down,where,0.9599789956390068
down,were,0.9591554434312035
down,we,0.9591275168778806
down,must,0.9591110313863076
down,than,0.9590006335552488
equivalent,set,0.9563051463869582
equivalent,regions,0.9518399274422554
equivalent,result,0.9504155369437858
equivalent,previous,0.9478671899508038
equivalent,any,0.9475954510339762
equivalent,not,0.9468080931899379
equivalent,create,0.9465321739202668
equivalent,only,0.9455708917047188
equivalent,when,0.9454947931351366
equivalent,if,0.9451801906649768
estimation,effort,0.9541888428011496
estimation,measures,0.9473372387570296
estimation,measure,0.9470310190704232
estimation,effective,0.9451826482547661
estimation,issue,0.9419896892751725
estimation,perspective,0.9401653838765776
estimation,processing,0.9373043925530292
estimation,seen,0.93676511024308
estimation,study,0.9363268688524133
estimation,cost,0.9362265764834025
five,patterns,0.9568019969727126
five,modified,0.9564406234819971
five,common,0.9555515786759685
five,particular,0.9554949453708137
five,file,0.9554521990648654
five,determine,0.9554354930273721
five,eight,0.9540889480808696
five,via,0.9539382698303214
five,change,0.9532724177859797
five,add,0.9525574231141081
formal,uses,0.9552825202820674
formal,modi,0.9546736811944381
formal,set,0.9541489410693598
formal,two,0.9525160464378392
formal,if,0.9524778720158844
formal,example,0.9520815645176919
formal,types,0.9511095665632978
formal,language,0.9504693745825921
formal,same,0.9503484419008287
formal,does,0.9488127165863831
highly,existence,0.9622319628493565
highly,projects,0.9593410039030215
highly,taking,0.9591057563786075
highly,others,0.9576532315105348
highly,develop,0.9574349097429782
highly,developers,0.9559559333888956
highly,among,0.9555127460329174
highly,collected,0.9554734279661352
highly,few,0.9553395335891499
highly,rich,0.954876215907644
mapping,entities,0.9459744689515407
mapping,multiple,0.9356584500942431
mapping,example,0.9348823256099454
mapping,following,0.9343400024941462
mapping,represented,0.9341371092240283
mapping,authors,0.9337591014091109
mapping,etc,0.9335652562977871
mapping,correspond,0.9334518121344473
mapping,relationships,0.9329091479982727
mapping,description,0.9320041157039158
meaning,function,0.9468143589597129
meaning,category,0.9401431154900539
meaning,variables,0.9389984133828421
meaning,occur,0.9386580903089319
meaning,global,0.9372388971289418
meaning,overview,0.9367125990067042
meaning,400,0.9351595791364159
meaning,functions,0.9342818905216488
meaning,nitions,0.9334143325672984
meaning,deleted,0.9316199136268746
member,developers,0.9582556001091644
member,structures,0.955506686993263
member,few,0.9530511774825945
member,developer,0.9487453815208089
member,kind,0.9470225969239868
member,center,0.9468022923241415
member,project,0.9465294950938098
member,among,0.9460929414357813
member,relatively,0.9459837398822779
member,projects,0.9437732757814457
noted,allow,0.965983528361316
noted,among,0.9612342207830464
noted,first,0.9604765312348897
noted,similar,0.9599786131064514
noted,possible,0.9581200736187381
noted,results,0.9576688540081364
noted,considered,0.9575402665836721
noted,both,0.9575039179687176
noted,it,0.9574637688948423
noted,used,0.9572433400035063
origins,increase,0.9554147292918741
origins,six,0.9509068825231441
origins,reduce,0.9507554082529963
origins,processes,0.9480932899953234
origins,defects,0.9469195125905682
origins,improve,0.9453508401028412
origins,doing,0.9452953356704851
origins,phase,0.9452133005930949
origins,management,0.9440647106017805
origins,place,0.9427505435498541
productivity,opportunity,0.9576690641900741
productivity,six,0.9563087730146638
productivity,implications,0.9542348774036942
productivity,quality,0.9494327387026882
productivity,opportunities,0.9489646231512363
productivity,reduce,0.944716637354797
productivity,beyond,0.9439141612258952
productivity,achieve,0.9419695774629395
productivity,measure,0.9419430619168917
productivity,effort,0.9418475832144031
relations,graph,0.955319792858552
relations,like,0.9519319094009169
relations,example,0.9510579755454891
relations,follows,0.9508973463898938
relations,directory,0.950661494734531
relations,same,0.9498473736013595
relations,can,0.9484233031253833
relations,only,0.9483157054579765
relations,them,0.9482211840197015
relations,both,0.9481215930036693
resources,develop,0.9605100144623389
resources,collaborative,0.9552323964931334
resources,collected,0.9526194044501004
resources,communities,0.9498418215936721
resources,projects,0.9494371134439962
resources,rich,0.9488750461950063
resources,project,0.9480458773441449
resources,free,0.9473168501031968
resources,web,0.9470026728012717
resources,researchers,0.9462774459581196
sections,change,0.9713621189059272
sections,future,0.9650241438124927
sections,x,0.9638871731675447
sections,show,0.9633405829149192
sections,than,0.9623816386755313
sections,these,0.9622484386762727
sections,we,0.9620482281972322
sections,such,0.9619592946107739
sections,were,0.9618621796155329
sections,common,0.9616002799237975
subsequent,particular,0.9666499420882727
subsequent,between,0.9644785793227852
subsequent,via,0.9644225076591015
subsequent,identify,0.9636049924263927
subsequent,were,0.9624806077391473
subsequent,we,0.9615787197296344
subsequent,within,0.9612341842233754
subsequent,each,0.9609298999766207
subsequent,these,0.9605356400643201
subsequent,et,0.9601019916314271
suggested,communication,0.9715370042432938
suggested,task,0.963526427975691
suggested,team,0.9599566311436509
suggested,brie,0.9591044974827438
suggested,describing,0.9530262806960517
suggested,eclipse,0.9530161885995561
suggested,request,0.9511075489847547
suggested,informal,0.9505639832419825
suggested,contain,0.9504241985787103
suggested,point,0.949034685724498
theory,six,0.9586482462382085
theory,pdf,0.9551069275596531
theory,processes,0.9540120323586196
theory,gqm,0.9538586666660742
theory,management,0.9532463543220083
theory,measurement,0.9505282706550156
theory,opportunities,0.9504807034782957
theory,place,0.9501036720258305
theory,sigma,0.9498524048486887
theory,papers,0.9495864949767334
visualizations,visualized,0.9708573821829709
visualizations,views,0.9539751395612652
visualizations,visualizing,0.9504044366397442
visualizations,near,0.9501517155189572
visualizations,developers,0.947494577962787
visualizations,social,0.9473922459730235
visualizations,relationship,0.9469921038839164
visualizations,few,0.9468639963286536
visualizations,who,0.944902908237276
visualizations,projects,0.944312400071696
wrote,labelled,0.9595265805618128
wrote,self,0.9501061758980137
wrote,dent,0.949764397876695
wrote,comment,0.9458719589241762
wrote,eclipse,0.9437982128972429
wrote,pam,0.9410778687665283
wrote,hack,0.9394628027921568
wrote,sue,0.9391040776691504
wrote,serves,0.9381403140554143
wrote,places,0.9368430911425825
1994,release,0.9542227426702812
1994,different,0.9538772426765767
1994,structure,0.9537204831927879
1994,principles,0.9536365502693076
1994,history,0.9534374002217479
1994,implementation,0.9533264610364833
1994,change,0.9531288717244163
1994,al,0.9524849127146724
1994,between,0.9521594710822501
1994,coupling,0.9520483348581609
43,links,0.956669297406795
43,39,0.942475561836807
43,table,0.9407965059671122
43,less,0.9380508472662289
43,see,0.937605729503445
43,figure,0.9373778038284486
43,three,0.9362408271443126
43,correct,0.934289681148989
43,above,0.9339926088321251
43,whether,0.9335065447639128
accurately,enough,0.9551906782828361
accurately,term,0.9512627095163428
accurately,algorithms,0.9449415124077896
accurately,suggests,0.9408446522913754
accurately,ers,0.938454950188639
accurately,quite,0.9376435074187977
accurately,around,0.936781164518371
accurately,machine,0.9365077077726673
accurately,novel,0.9351790289513655
accurately,identi,0.9347736208052672
action,transactions,0.957193401028902
action,transaction,0.9474263894341872
action,average,0.9429327558342264
action,were,0.9423652931905306
action,fact,0.9420647113359083
action,was,0.9414663289325328
action,trans,0.9412008074706133
action,con,0.9410637033096259
action,i,0.9389371115062857
action,following,0.9379589807247143
ad,pair,0.9489858759951926
ad,constant,0.945761770234434
ad,speci,0.9447022311140421
ad,issue,0.944700345341535
ad,related,0.9422274434865762
ad,issues,0.9419152480578246
ad,team,0.9417939401902815
ad,them,0.9417435949503254
ad,bene,0.9417332218200966
ad,ones,0.9417329105237819
addressed,modification,0.9670852256693059
addressed,120,0.9598588805777348
addressed,underlying,0.9593715991496854
addressed,market,0.9584267424192185
addressed,modified,0.9575114050039422
addressed,granularity,0.9565195386901668
addressed,basket,0.9564966736269626
addressed,entity,0.9559417979830316
addressed,nature,0.9551941572962237
addressed,necessary,0.9540729871078464
automating,user,0.962399093847535
automating,several,0.9606998668332909
automating,applying,0.9606683694495226
automating,computer,0.9592751547269509
automating,work,0.9588720086316613
automating,using,0.9581300882582486
automating,during,0.9570886516515237
automating,part,0.9564809336707996
automating,related,0.9559691619397165
automating,use,0.955955159762552
brie,task,0.9636097835763582
brie,describing,0.9601701384088857
brie,suggested,0.9591044974827438
brie,contain,0.9571386084541669
brie,view,0.955759169416962
brie,eclipse,0.9520910997459084
brie,discuss,0.951999567547539
brie,point,0.9511390401801613
brie,comment,0.9487879558558522
brie,communication,0.947283377317861
broad,refactoring,0.9612311400804909
broad,automatically,0.9608530692662327
broad,programmers,0.9597460307735214
broad,modify,0.9579750425736047
broad,changing,0.9567169346144969
broad,copied,0.9562371824301308
broad,consider,0.9560249654305457
broad,decisions,0.9549051781011856
broad,previous,0.9546547335664306
broad,bad,0.9529428976702651
ceedings,oceedings,0.9633200098728836
ceedings,edings,0.9553709690405002
ceedings,ngs,0.9541819683403194
ceedings,eedings,0.9486824071148542
ceedings,dings,0.9460437440982761
ceedings,proceedings,0.9440499815647875
ceedings,national,0.9424672185496874
ceedings,roceedings,0.9421451251947202
ceedings,international,0.9391918231161691
ceedings,conference,0.9360657055764365
ciently,mine,0.9696474273000688
ciently,concept,0.9684683929334945
ciently,keywords,0.9668464083672549
ciently,understanding,0.9592403970143839
ciently,technique,0.9578120531535179
ciently,000,0.9565448969440933
ciently,pre,0.9563426576878762
ciently,ers,0.9550516802474289
ciently,concepts,0.9547702623749382
ciently,key,0.9532745542564057
concerns,work,0.9649733245660939
concerns,use,0.9637511801546155
concerns,many,0.9636627985729926
concerns,should,0.9635925189312852
concerns,related,0.9631785345918082
concerns,also,0.9629895363316746
concerns,about,0.9624917925286758
concerns,provide,0.96229833517097
concerns,supported,0.9622356906508196
concerns,help,0.9618906582053585
containing,test,0.967722606385351
containing,easily,0.9669288156624485
containing,allows,0.9642258067590632
containing,during,0.9620848611263182
containing,applied,0.9616404595184844
containing,work,0.9611109990295683
containing,lines,0.9608355047124497
containing,history,0.960524187908981
containing,et,0.9604843012674471
containing,be,0.9604412400060409
contributions,rich,0.9553329284515937
contributions,communities,0.9534501189185807
contributions,social,0.9530784141580144
contributions,according,0.9522850970561756
contributions,target,0.9488273171701322
contributions,exchange,0.9484702900246604
contributions,users,0.9470065533057195
contributions,studies,0.9461650122869657
contributions,role,0.9450968594598117
contributions,stages,0.9449796970732006
counter,localnamemap,0.9835531693843416
counter,globalnamemap,0.9835531693843416
counter,baz,0.9727427978064125
counter,sf,0.968891017466216
counter,y2,0.9626369718213554
counter,y1,0.9626369718213554
counter,sb,0.9616049466579488
counter,traversal,0.9604648176887827
counter,else,0.9563915994960117
counter,bodies,0.9536769618720224
denotes,mark,0.9640129537339592
denotes,comment,0.9639948160487988
denotes,places,0.9516844637758521
denotes,labelled,0.9501078155056454
denotes,empty,0.9449715322601888
denotes,task,0.9442637882851749
denotes,oper,0.9436547231522805
denotes,request,0.9424879302072069
denotes,tags,0.9408556927340914
denotes,self,0.9401891396814258
der,tracking,0.9537173028476145
der,projects,0.9530434319311929
der,com,0.9486325953598758
der,developers,0.9478364552073908
der,project,0.9469760504971155
der,mailing,0.9462182238505394
der,cases,0.9441096361114305
der,libre,0.943677375447878
der,foundation,0.9423347138408761
der,sources,0.9421962298873926
dis,represents,0.9559695921407947
dis,each,0.9509611142706004
dis,detailed,0.948188005355288
dis,into,0.947490835579319
dis,nodes,0.9436910073322338
dis,con,0.943594828424573
dis,single,0.9434418476969526
dis,group,0.9434106285385676
dis,project,0.9431602543697994
dis,have,0.9423822449309274
draw,conclusions,0.9669767004139777
draw,what,0.965165011375015
draw,suggest,0.9637418241409552
draw,however,0.9636596227997551
draw,work,0.9625085238658027
draw,requirements,0.9615945201435123
draw,methods,0.9610426817149978
draw,performed,0.96102065586188
draw,techniques,0.9610203911102208
draw,point,0.9606361334300832
embedded,challenges,0.9664916479509789
embedded,team,0.9410610782348559
embedded,context,0.9390779058472111
embedded,task,0.9366270510951891
embedded,needs,0.9311364537726072
embedded,method,0.9305190430314035
embedded,below,0.9292961233040238
embedded,experimental,0.9290709528014476
embedded,request,0.9271057215937668
embedded,communication,0.9265141657203211
evolves,updating,0.9614783469078405
evolves,abstract,0.9610790825973738
evolves,dynamic,0.9605839131347778
evolves,design,0.9579447833801911
evolves,kernel,0.9577711795046487
evolves,subject,0.953625781546401
evolves,descriptors,0.9533289773644611
evolves,history,0.951573947955791
evolves,programs,0.9506327410898681
evolves,introduction,0.950042235641771
experiences,computer,0.9722180325088601
experiences,science,0.9720031319168794
experiences,introduction,0.9647675964689265
experiences,analyzing,0.9614547118012907
experiences,large,0.9612894251127957
experiences,german,0.9612372364926733
experiences,work,0.9609476223260899
experiences,history,0.9596025617825535
experiences,architecture,0.9591435552875379
experiences,to,0.9586327463692405
experimental,method,0.9531505764619421
experimental,section,0.9463900588309409
experimental,around,0.9412334190237958
experimental,although,0.93983026403959
experimental,experience,0.9385638749076048
experimental,human,0.9369506805535237
experimental,idea,0.936665608388535
experimental,perform,0.9366398391926365
experimental,understanding,0.9363892399612102
experimental,context,0.9360409681273119
experiments,unit,0.9551479314032398
experiments,zero,0.954497363199811
experiments,third,0.9538061459610611
experiments,features,0.9527842494106833
experiments,were,0.9511337191578582
experiments,students,0.9498397998582211
experiments,class,0.9494122746946053
experiments,submit,0.9489203527877941
experiments,written,0.9487101960834141
experiments,space,0.9482389698959712
facilitate,further,0.9682328806371471
facilitate,et,0.9648392260045635
facilitate,techniques,0.9626006773268292
facilitate,such,0.9624527602065762
facilitate,future,0.9616518656857038
facilitate,need,0.9615350136576057
facilitate,within,0.9614546728322921
facilitate,can,0.9609254649131764
facilitate,analyzing,0.9607570891296312
facilitate,these,0.9606901921775816
foundation,sources,0.9668638590319697
foundation,projects,0.9653719973210861
foundation,tracking,0.9622557543763401
foundation,project,0.961777757863296
foundation,research,0.9590797895337153
foundation,single,0.9586740211810172
foundation,through,0.9585348943649878
foundation,developers,0.9581340974323507
foundation,applying,0.9569544023125334
foundation,provide,0.9569496394221535
furthermore,such,0.9650970562070724
furthermore,time,0.9641666700338087
furthermore,can,0.9641632204184469
furthermore,these,0.963848559396927
furthermore,from,0.9638128405049843
furthermore,their,0.9631902239379744
furthermore,use,0.9630497960515001
furthermore,be,0.962995061727477
furthermore,since,0.9626829629928558
furthermore,about,0.9624241538651712
generally,their,0.9608108717361288
generally,particular,0.9603539756668557
generally,they,0.960333666048774
generally,these,0.9599152415952807
generally,over,0.9596332907208585
generally,are,0.959546172122449
generally,more,0.959488957650154
generally,does,0.9594189712797925
generally,four,0.9593642860736422
generally,each,0.9591801891824341
ges,572,0.877798924612607
ges,2004,0.8776633382350387
ges,563,0.8762639118158211
ges,kingdom,0.8660874797301715
ges,28,0.8652671534005744
ges,united,0.8635689479073236
ges,ference,0.8627138629623978
ges,gs,0.857515960813069
ges,may,0.8557298901024233
ges,onference,0.8553438436859335
grams,dsu,0.9603942908345847
grams,deletions,0.9499740324908684
grams,deletion,0.9446286631434713
grams,additions,0.9443780866699224
grams,dele,0.9423629808095422
grams,structurally,0.941997483556696
grams,vari,0.9413590974003399
grams,functions,0.9401673517895583
grams,openssh,0.939942360246603
grams,versions,0.9350981948137623
great,works,0.9568625011901318
great,quite,0.9567505020953053
great,although,0.9560506148450637
great,human,0.9558138512428913
great,identi,0.9534678453568893
great,key,0.9531746190233408
great,important,0.952471107424785
great,therefore,0.9518674131534512
great,them,0.9517339655617846
great,those,0.9514879685075686
hassan,german,0.9731824335864782
hassan,holt,0.9704138206186232
hassan,mockus,0.9620433758016889
hassan,propagation,0.9591909972269974
hassan,computer,0.9570003128695646
hassan,large,0.9564823516605587
hassan,applying,0.9560951029273919
hassan,gall,0.9560460315378794
hassan,september,0.955845821242803
hassan,ieee,0.955682463835466
itself,several,0.9673231587918201
itself,di,0.9672518737714633
itself,where,0.9652673898684923
itself,we,0.9648455956300324
itself,has,0.9645756132273058
itself,erent,0.9644693785672311
itself,have,0.96439369363532
itself,more,0.9643401840072929
itself,such,0.9642358267755613
itself,con,0.9640315832313249
located,repository,0.960599762326473
located,attempts,0.9555001048054343
located,known,0.9532520648439605
located,provide,0.9516473420410638
located,will,0.9491037505336677
located,projects,0.9487129539385403
located,designed,0.9482473156353961
located,research,0.9482457050504676
located,about,0.9477676763762477
located,way,0.9475504037387918
lot,together,0.9662736801066443
lot,classes,0.9487242352417229
lot,man,0.9476514555306015
lot,parts,0.9475898656475487
lot,developer,0.9473490597160336
lot,con,0.9465811749266495
lot,few,0.9457766027458709
lot,implemented,0.9452634798696216
lot,represents,0.9436885382539367
lot,hence,0.943682705872412
maintained,lists,0.9582991351157766
maintained,repository,0.955456245526149
maintained,required,0.9550453615794876
maintained,store,0.9542549610854753
maintained,tracking,0.9538447636836982
maintained,single,0.9531328260863461
maintained,known,0.9527673522708386
maintained,provide,0.9523838768336665
maintained,main,0.9516293031028873
maintained,database,0.9515903719440612
manage,bene,0.965518308132811
manage,often,0.9652977360643872
manage,identify,0.964896124849228
manage,propose,0.9643545990620963
manage,user,0.9642360087855918
manage,how,0.9635032754405145
manage,many,0.9632379170988681
manage,related,0.9630990369745939
manage,during,0.9628964086407181
manage,they,0.9627028009242408
marked,xed,0.9537485917745974
marked,later,0.9515746130185146
marked,link,0.9499296935308457
marked,x,0.9482079256273008
marked,message,0.9479946364255787
marked,contains,0.9475420425517549
marked,had,0.9462273918627206
marked,fix,0.9458783740756755
marked,con,0.9425656473863064
marked,following,0.9423694854128413
medium,team,0.959362762481339
medium,communication,0.9556970582791169
medium,however,0.9491380847853992
medium,suggested,0.9489670558564014
medium,issues,0.9440570983012249
medium,needs,0.943938301592069
medium,evidence,0.9436958460324054
medium,importance,0.9434828262246352
medium,questions,0.942860956547013
medium,answers,0.9427104159315135
nor,both,0.9584974736903907
nor,it,0.9558408303181181
nor,also,0.9556424431508774
nor,but,0.9549512596496295
nor,there,0.9542132841388105
nor,not,0.9541811984382798
nor,than,0.9540695352279056
nor,by,0.9538487136490725
nor,small,0.9537898061346479
nor,however,0.953272181888645
perspective,testing,0.9578292068415446
perspective,v,0.9548542125053671
perspective,speci,0.9545375142924757
perspective,evidence,0.9542377796434931
perspective,distributed,0.9532233405016401
perspective,automated,0.9519524139183546
perspective,quality,0.9513949515015635
perspective,questions,0.9510215501945447
perspective,help,0.9502300602594831
perspective,methods,0.9496624396521238
practical,collecting,0.963560827853685
practical,interest,0.9627608510043579
practical,research,0.961133715232545
practical,researchers,0.9565319811061483
practical,analyses,0.9561395686030779
practical,collection,0.954880992928385
practical,designed,0.9544227120870092
practical,known,0.9540743944079985
practical,web,0.9530792497630274
practical,difficult,0.9527247896600388
prefer,out,0.9529056926091901
prefer,means,0.952562863870281
prefer,however,0.9518493742152215
prefer,their,0.9512127944949484
prefer,many,0.9501328657053242
prefer,not,0.949503627341194
prefer,do,0.9493641426398407
prefer,because,0.9493471899134442
prefer,all,0.9491219400141293
prefer,them,0.9485952827913742
prove,understanding,0.9687513727592014
prove,im,0.9682130144048564
prove,technique,0.9669561893197327
prove,terms,0.961943705171467
prove,mine,0.961444350838168
prove,key,0.9581708286078177
prove,existing,0.9569328465058657
prove,tion,0.9560568432834804
prove,need,0.9552137696052605
prove,introduction,0.9551042923453499
reference,it,0.965934505559453
reference,also,0.9641250069800513
reference,such,0.9638185491514253
reference,that,0.9627869609477877
reference,be,0.9625224497221094
reference,have,0.9624032949767483
reference,us,0.9622187376081395
reference,will,0.9621978444149968
reference,has,0.9620819689628468
reference,we,0.9620793585019932
root,grouping,0.9621140079094668
root,word,0.9607646308087727
root,term,0.9596036245321358
root,keywords,0.9593524974937545
root,keyword,0.9591817711410328
root,pre,0.9584508465017002
root,concept,0.9553470087383208
root,around,0.9535583366005942
root,viewer,0.9516674594441453
root,fat12,0.9514702947419349
script,scripts,0.9673859179562911
script,raw,0.955981223342357
script,simply,0.9534494499989917
script,designed,0.9510929081141248
script,collection,0.9490751230495102
script,analyses,0.9487587938696512
script,possible,0.9465122698766553
script,summary,0.9439287906714547
script,allow,0.943911019808245
script,publicly,0.9435738823033075
sf,counter,0.968891017466216
sf,globalnamemap,0.9629781063121463
sf,localnamemap,0.9629781063121463
sf,sb,0.9605431539919931
sf,traversal,0.9596420616736997
sf,else,0.9506223911928575
sf,parallel,0.9498031872712438
sf,baz,0.947315761356621
sf,y2,0.9435493606677133
sf,y1,0.9435493606677133
sigma6_body,html,0.9661984272082513
sigma6_body,weiss,0.944079776382174
sigma6_body,lai,0.9379131645840405
sigma6_body,product,0.9290490842262351
sigma6_body,family,0.9253676173188592
sigma6_body,net,0.9216606816239257
sigma6_body,line,0.920982688025196
sigma6_body,sourceforge,0.9169029185598492
sigma6_body,addison,0.9053427067766553
sigma6_body,wesley,0.9003063506421254
sis,ysis,0.9347429017363853
sis,of,0.9316194849800139
sis,analysis,0.9258177904753015
sis,alysis,0.925149628812403
sis,in,0.9232946812310391
sis,5,0.9230910121598384
sis,n,0.9221421315558989
sis,on,0.9198334353612754
sis,and,0.9176845891812633
sis,the,0.9167187760089601
split,con,0.9475095320801281
split,transactions,0.9430174864787999
split,contains,0.9407596818242102
split,were,0.9404989144141459
split,times,0.9397347797992143
split,into,0.9392364824591086
split,each,0.9384290031745858
split,after,0.9382534680256471
split,whether,0.9375016499430016
split,only,0.936702735625367
summarize,following,0.9580018151391649
summarize,examples,0.9549439005401101
summarize,links,0.954112584518745
summarize,description,0.9525086926552331
summarize,given,0.951986550699014
summarize,its,0.9518140791371017
summarize,correct,0.951190274250731
summarize,any,0.9506355749814669
summarize,it,0.9491645880127008
summarize,described,0.9491112912780703
surprising,necessarily,0.9387497389283024
surprising,followed,0.9379449097946867
surprising,written,0.9352989698656452
surprising,class,0.9349490431430187
surprising,third,0.9348240779516406
surprising,write,0.9346750662018
surprising,exam,0.9323944199114063
surprising,tend,0.9323661853484864
surprising,dent,0.931762699217029
surprising,lines,0.9311478124762562
tp,ttp,0.9087253101143528
tp,http,0.9054285518903156
tp,sourceforge,0.9023480298728244
tp,net,0.8991172977964397
tp,f,0.8961648373505937
tp,c,0.8954443610778144
tp,t,0.8952580615266634
tp,and,0.8938232661315222
tp,r,0.8918625352726255
tp,n,0.8887169045991729
ty,of,0.963730658459223
ty,in,0.961652166949744
ty,n,0.959161986232113
ty,and,0.9580031540059546
ty,on,0.9572310408505935
ty,y,0.9550659079602362
ty,l,0.9544946077232783
ty,a,0.9529522480702661
ty,software,0.9527915213169088
ty,t,0.9525300222514781
typedefs,renamings,0.9620613617081724
typedefs,bijection,0.9561610729018852
typedefs,tree,0.953220945055816
typedefs,struct,0.9522678688777434
typedefs,ast,0.9459926743982144
typedefs,mismatch,0.9452180689967327
typedefs,break,0.9434504775098748
typedefs,additions,0.9406964517189704
typedefs,maps,0.9405075086986454
typedefs,item,0.9402052797544159
upon,tools,0.9709998215064033
upon,others,0.9591212501513435
upon,main,0.9586685848586074
upon,potential,0.9583348108034396
upon,user,0.9579710010078966
upon,help,0.9571463040342896
upon,should,0.9568438130141929
upon,provide,0.9568253705768689
upon,goal,0.9560265520888951
upon,who,0.9556969933103638
vary,far,0.9592981337499169
vary,sign,0.9566123066214525
vary,nitions,0.9549034496852781
vary,if,0.9528852711546969
vary,two,0.9523623329700532
vary,more,0.9521880935470259
vary,frequent,0.9518468419440355
vary,or,0.9514376890250182
vary,than,0.9508851869681367
vary,variables,0.9507852039168952
visible,run,0.9597627690982588
visible,failed,0.9554312604462534
visible,unit,0.9549004207505762
visible,submit,0.9538940010519052
visible,test,0.9533018083997115
visible,student,0.9526508321329372
visible,warnings,0.9510438898938987
visible,tests,0.9508846219581599
visible,students,0.9496274327971677
visible,written,0.941967175960789
volume,computer,0.9675353143841967
volume,2000,0.9673527712066146
volume,03,0.9653318968097386
volume,july,0.9646943792531564
volume,science,0.9622227070196445
volume,ieee,0.9612697377885396
volume,predicting,0.9601697539703149
volume,k,0.9597103329527729
volume,german,0.9596559990547622
volume,l,0.9594032623847284
whereas,change,0.9606508908061285
whereas,changed,0.9604376043125047
whereas,classes,0.9578517817907706
whereas,changing,0.9570356660328811
whereas,removed,0.9568572343161975
whereas,refactoring,0.955878326457336
whereas,together,0.9556269927587109
whereas,indicates,0.9529196290369346
whereas,coupling,0.9521337055986014
whereas,parts,0.9518926518488118
ysis,sis,0.9347429017363853
ysis,in,0.9257346894459129
ysis,of,0.9255175378946264
ysis,y,0.9251973722864011
ysis,n,0.9201118623303858
ysis,the,0.9189616186889482
ysis,and,0.9180171571119817
ysis,analysis,0.9170473532226513
ysis,g,0.9144844456259993
ysis,on,0.9140352087764034
200,800,0.9774495243522068
200,700,0.9774495243522068
200,300,0.9634733583733548
200,600,0.9575480175589577
200,500,0.9562227400351945
200,maximum,0.9527050853414336
200,400,0.9521925809465259
200,focuses,0.9490713271741602
200,variables,0.9447006890988254
200,nding,0.941455253022476
username,actor,0.9774405310763126
username,person,0.97530017790455
username,mail,0.9745492109083582
username,identity,0.9722405159060662
username,versioning,0.9591150322888153
username,identities,0.9567374408061973
username,actors,0.9566732451655879
username,address,0.9429770774637477
username,matches,0.9381861655921153
username,veri,0.9354812455790672
modifier,array,0.9813752554428298
modifier,argument,0.9747317081294955
modifier,parameter,0.9702544078510121
modifier,pointer,0.9661543954164701
modifier,primitive,0.9552228216827419
modifier,parameters,0.9485369145223987
modifier,splitting,0.9484971676455892
modifier,definition,0.9449488184668793
modifier,deletion,0.9444551765402073
modifier,signatures,0.9412841784486743
scrum,agile,0.9806940028696999
scrum,recurrent,0.975471185167746
scrum,acceptance,0.9554690022403939
scrum,strategies,0.9552776671884657
scrum,covered,0.9527598591947324
scrum,sr1,0.9456820908943563
scrum,impacts,0.9424098472513478
scrum,practitioners,0.9410124087466372
scrum,iv,0.937218598330551
scrum,srs,0.9362072468135365
conditionally,beginpaint,0.9502282060251452
conditionally,endpaint,0.9502282060251452
conditionally,proximity,0.9495887599534367
conditionally,conditional,0.9487055244793889
conditionally,invoked,0.9432768404741203
conditionally,heapalloc,0.9401355536816756
conditionally,instances,0.9363284059964924
conditionally,paired,0.9275704002389236
conditionally,casts,0.9234667175963842
conditionally,handling,0.9231530223781121
renamed,renam,0.9718666606309456
renamed,miss,0.9690751086924897
renamed,mismatch,0.9679982725917902
renamed,renamings,0.9667316071439542
renamed,stop,0.9666444578604975
renamed,bijection,0.9605166922576553
renamed,maps,0.9474786491838688
renamed,ast,0.9462745664311963
renamed,bodies,0.9376059270040574
renamed,asts,0.9356271289506628
600,800,0.959233545082095
600,700,0.959233545082095
600,200,0.9575480175589577
600,300,0.9511137257166371
600,focuses,0.9490302971065295
600,400,0.9431202637563723
600,maximum,0.9407752972349774
600,nding,0.9386734784669509
600,500,0.9357216144238676
600,ve,0.934838515696502
carol,dnsjava,0.9999999999999996
carol,genealogies,0.9919409240814394
carol,lineages,0.9901666489524461
carol,lineage,0.9777837812018281
carol,genealogy,0.975806754567975
carol,locally,0.970308108270339
carol,unfactorable,0.970308108270339
carol,consistent,0.9609167582594518
carol,clone,0.9607549105995296
carol,clones,0.9572149253308057
44,55,0.9351467280879662
44,89,0.9321230684616877
44,34,0.9314361328721606
44,33,0.9306121756273533
44,88,0.9293783943225439
44,45,0.9204043329577289
44,66,0.9118567539587883
44,01,0.9070442896740163
44,47,0.8956147180551484
44,29,0.893594974197105
detector,token,0.9703893490820578
detector,cloning,0.9695739715647552
detector,clone,0.9678182653579566
detector,snippets,0.9660223501431613
detector,ccfinder,0.9636696039022872
detector,clones,0.9570382576984651
detector,snippet,0.9569062440294044
detector,nealogy,0.9547366101385851
detector,genealogy,0.9546902570545852
detector,consistently,0.9538779612633043
distortion,evolutions,0.9777673516877521
distortion,evolving,0.9717449285489936
distortion,signals,0.9705008367971413
distortion,recognition,0.9650697078471985
distortion,cepstrum,0.9609931320195242
distortion,representations,0.960929260106143
distortion,signal,0.954984734219481
distortion,spectral,0.9535209212372869
distortion,lpc,0.9526683937265906
distortion,series,0.9469604339713877
dnsjava,carol,0.9999999999999996
dnsjava,genealogies,0.9919409240814394
dnsjava,lineages,0.9901666489524461
dnsjava,lineage,0.9777837812018281
dnsjava,genealogy,0.975806754567975
dnsjava,locally,0.970308108270339
dnsjava,unfactorable,0.970308108270339
dnsjava,consistent,0.9609167582594518
dnsjava,clone,0.9607549105995296
dnsjava,clones,0.9572149253308057
your,you,0.9828298295901559
your,co,0.9436223846430281
your,spend,0.9426116375700456
your,among,0.9417217887309534
your,cross,0.9390279313442439
your,members,0.9372713382014368
your,who,0.9369624127268932
your,developer,0.9360634692676888
your,relations,0.935380455868932
your,developers,0.9350061321333154
beginpaint,endpaint,1.0
beginpaint,proximity,0.972833145428216
beginpaint,invoked,0.9590127754610791
beginpaint,conditionally,0.9502282060251452
beginpaint,instances,0.9490994623300028
beginpaint,heapalloc,0.9470196421927275
beginpaint,paired,0.9440001892884387
beginpaint,functionality,0.9400008587579016
beginpaint,pattern,0.9348174268709536
beginpaint,called,0.9330950099265429
grouped,found,0.9490551014666059
grouped,provides,0.9487236468252153
grouped,than,0.9477674057953637
grouped,each,0.9477374103167091
grouped,were,0.9475817993289102
grouped,into,0.9467985086594509
grouped,analyzed,0.9461064049655986
grouped,extracted,0.9458342142599858
grouped,particular,0.9458292276057092
grouped,within,0.9457529881647149
occurrence,word,0.9477857615515386
occurrence,root,0.9423071672168595
occurrence,around,0.9408690117509562
occurrence,term,0.9388338357736712
occurrence,gives,0.9371271286061126
occurrence,ief,0.9366247007538577
occurrence,document,0.9348746401238669
occurrence,computation,0.9348619391695605
occurrence,inverse,0.9337208763581977
occurrence,pre,0.9336065011091517
origin,best,0.9587764547300379
origin,decisions,0.9563499769717245
origin,history,0.9562503734191861
origin,consider,0.9553867356620328
origin,design,0.9540597860552313
origin,et,0.9532255007700476
origin,automatically,0.953101149475222
origin,several,0.9518894458062162
origin,often,0.9517121209523434
origin,because,0.9515854412507586
robles,barahona,0.9944782014215844
robles,gonzalez,0.9892527892959242
robles,portland,0.9663361714778275
robles,methodology,0.9544706832341278
robles,gnome,0.9515179884592724
robles,free,0.9508844795249927
robles,mockus,0.9448299980500676
robles,libre,0.9392604233297875
robles,applying,0.9361902895625449
robles,studies,0.9335749513934035
splitting,array,0.970942549583998
splitting,parameter,0.9700737550274444
splitting,parameters,0.9672177691708588
splitting,merging,0.9615192969426487
splitting,definition,0.9602524016841064
splitting,deletion,0.9573973002940711
splitting,pointer,0.9508041484892819
splitting,modifier,0.9484971676455892
splitting,primitive,0.9464878099282599
splitting,define,0.9454582721900731
stackover,stack,0.9355992943785674
stackover,ow,0.9305446230236707
stackover,exceptions,0.9238967015073349
stackover,correlation,0.9153185882130241
stackover,dent,0.9139590204042196
stackover,test,0.9123227888746953
stackover,stu,0.9106798534985829
stackover,debugging,0.9034641842007078
stackover,warnings,0.9011454558360603
stackover,detectors,0.9003587148462295
submission,tests,0.9800942818401479
submission,snapshot,0.9702547356622897
submission,findbugs,0.9580485997874415
submission,marmoset,0.9567527407981453
submission,warnings,0.9565502592360311
submission,run,0.9551105376901629
submission,unit,0.9549615395938251
submission,grading,0.9547352613800317
submission,failed,0.9514910619488046
submission,test,0.9486315328275154
assignment,habits,0.9586078972048715
assignment,assignments,0.955814424224134
assignment,student,0.9507349233408592
assignment,students,0.9491457490223378
assignment,characters,0.9456375731427988
assignment,features,0.9427356374907722
assignment,bottom,0.9423643001904598
assignment,drawn,0.9376425912210453
assignment,versus,0.9366425610918927
assignment,visual,0.93455767040095
association,entity,0.9518125728554547
association,120,0.9455869298837916
association,annotations,0.9453328059054829
association,modification,0.9453283283478142
association,differencing,0.9446919335369541
association,modified,0.9433370467812384
association,basket,0.9422660414027799
association,rules,0.9416643293707746
association,exact,0.9392242883323734
association,textual,0.9379470991196301
char,struct,0.9452653570530971
char,void,0.9414051967192483
char,algorithm,0.9402131222133512
char,ast,0.938425183561642
char,typedef,0.937360163272956
char,preserving,0.9367217573393081
char,asts,0.9329257294862371
char,variables,0.9326727034088518
char,tree,0.9313307364379404
char,union,0.9275880367914857
editing,remove,0.9599667066704652
editing,programmers,0.948434380265718
editing,duplicated,0.9458934332570887
editing,ying,0.9454284826268426
editing,refactoring,0.944244506830578
editing,programmer,0.9440356441072333
editing,paste,0.9428154932500643
editing,snippets,0.9427500226636056
editing,lution,0.9427079509653891
editing,automatically,0.9409562522503823
endpaint,beginpaint,1.0
endpaint,proximity,0.972833145428216
endpaint,invoked,0.9590127754610791
endpaint,conditionally,0.9502282060251452
endpaint,instances,0.9490994623300028
endpaint,heapalloc,0.9470196421927275
endpaint,paired,0.9440001892884387
endpaint,functionality,0.9400008587579016
endpaint,pattern,0.9348174268709536
endpaint,called,0.9330950099265429
fixed,resolved,0.9835430788629848
fixed,dence,0.9742739824177925
fixed,assign,0.961343660972197
fixed,link,0.9513409117972937
fixed,closed,0.9479469483059517
fixed,conditions,0.9373032828657546
fixed,message,0.9348899340217113
fixed,transaction,0.9233908303835631
fixed,xed,0.9222011841916169
fixed,met,0.9200462302979814
imagefetcher,refac,0.9648974082623146
imagefetcher,workers,0.9632752940453819
imagefetcher,smell,0.9491614738687748
imagefetcher,evolvability,0.9443432937443046
imagefetcher,refactored,0.9357795930656849
imagefetcher,classes,0.9346281728336552
imagefetcher,couplings,0.9329877573444816
imagefetcher,middle,0.9329455784385763
imagefetcher,situation,0.9297934379150743
imagefetcher,lot,0.9282970728936819
implicit,highlight,0.9432588930623107
implicit,understanding,0.9352530811179777
implicit,rules,0.9337224541012916
implicit,read,0.9280659456748057
implicit,specific,0.9279966497167789
implicit,supported,0.9279618936073568
implicit,ways,0.9266447864836861
implicit,pro,0.9258292767905334
implicit,gutwin,0.9251878474756381
implicit,work,0.9245129022469685
jp,filtering,0.9505379744110009
jp,000,0.9488085753369706
jp,cross,0.9473120837910933
jp,works,0.9459372172059293
jp,social,0.9428855473484531
jp,naist,0.9428824648629118
jp,co,0.9417547412868834
jp,helpful,0.939003945241341
jp,attributes,0.9388855592022805
jp,consisting,0.9378889704202666
move,classes,0.9581005235595064
move,smell,0.9574605916343013
move,interfaces,0.9573511912076571
move,parts,0.9490272421473243
move,together,0.9469337587844509
move,whereas,0.9461075748482523
move,internal,0.9440269020398311
move,detected,0.9434021835703816
move,introduced,0.9433210139122279
move,couplings,0.9423783242424055
positives,false,0.9806515572439785
positives,whether,0.9341674596624729
positives,table,0.9336595372512357
positives,did,0.9322995117815558
positives,low,0.9321679283445581
positives,down,0.9318404151163961
positives,section,0.9315407073375183
positives,see,0.9311769506793597
positives,b,0.9310392630403975
positives,manually,0.9299233456026572
vol,ieee,0.9577662348995009
vol,v,0.9508598732619515
vol,processing,0.9455078060291006
vol,journal,0.9437717203210503
vol,l,0.9435447607831944
vol,september,0.9430463451713755
vol,measuring,0.9429671149656862
vol,k,0.9428540878923268
vol,1997,0.9402116586771356
vol,study,0.9389740459342444
81,46,0.9355665511570193
81,47,0.9308509883961025
81,51,0.9268137879903471
81,36,0.9221090430699612
81,66,0.9220660298045478
81,33,0.9181370073256789
81,48,0.9157550279292687
81,34,0.91468856855389
81,45,0.9109381630902267
81,32,0.9109227575233538
api,violations,0.9584865569559433
api,rules,0.9582226309521968
api,specific,0.9571570871247356
api,interact,0.9494415236330316
api,find,0.9461061329937962
api,successful,0.9459082969748769
api,look,0.9425159704752635
api,errors,0.9413952274956072
api,patterns,0.9410765260916951
api,these,0.940771646609664
awareness,gutwin,0.9687471555857294
awareness,schneider,0.9642297122227051
awareness,interaction,0.9532129050287932
awareness,supported,0.9507605728547317
awareness,storey,0.9494890173909079
awareness,tools,0.9485754287409984
awareness,help,0.9473136026751774
awareness,activities,0.9466641199910663
awareness,computer,0.9448002986288402
awareness,technology,0.9434725970959166
conditional,pattern,0.961038714685111
conditional,instances,0.9544332559162805
conditional,conditionally,0.9487055244793889
conditional,called,0.9480406991730125
conditional,usage,0.9472265824977089
conditional,proximity,0.9458686788323094
conditional,patterns,0.9449687037185339
conditional,invoked,0.9424258674843308
conditional,exist,0.941712324465446
conditional,functionality,0.9415642218990695
doing,defects,0.9514278947924447
doing,metrics,0.9513921023752064
doing,measure,0.9512324334806885
doing,processes,0.9506696862459094
doing,measurement,0.9499591994324069
doing,six,0.9496438128839506
doing,opportunity,0.9482653074363555
doing,management,0.9477777451306364
doing,improve,0.9472557614705742
doing,steps,0.9464241332872814
happens,after,0.9529978028530152
happens,whether,0.9453552235815934
happens,if,0.9445834633270175
happens,looking,0.943713599379236
happens,see,0.943039610728627
happens,did,0.9430126023797301
happens,where,0.9426686638240791
happens,set,0.9415601542629322
happens,we,0.9412316808646708
happens,before,0.9411765400901317
involve,after,0.9518527141701388
involve,called,0.9513180752288861
involve,functionality,0.9474333428569813
involve,pattern,0.9450411905294369
involve,instances,0.9447383315206965
involve,patterns,0.9438821718241712
involve,interface,0.9435713386962647
involve,error,0.9428548305320763
involve,identified,0.9426259396538059
involve,being,0.9423306951079449
lineages,genealogies,0.9959795923825527
lineages,lineage,0.9915975948026057
lineages,dnsjava,0.9901666489524461
lineages,carol,0.9901666489524461
lineages,unfactorable,0.9815141563165793
lineages,locally,0.9815141563165793
lineages,genealogy,0.9737995970790623
lineages,consistent,0.9593236209752102
lineages,clones,0.9569598503487424
lineages,clone,0.9566025019527804
manufacturing,sigma,0.9790954784788618
manufacturing,customer,0.9732672188089672
manufacturing,continuous,0.9699439098105835
manufacturing,opportunities,0.9654852138351345
manufacturing,sei,0.9620123054703427
manufacturing,affecting,0.9510405108289993
manufacturing,dmaic,0.9489531578920557
manufacturing,cmmi,0.9453591261558041
manufacturing,six,0.9440224509150952
manufacturing,gqm,0.9418262096516016
mod,modules,0.9530762255959362
mod,core,0.9513877845988978
mod,ect,0.9491276170201519
mod,few,0.9471958074873191
mod,degree,0.9450285531480889
mod,developers,0.9448411112260584
mod,verify,0.9437185777765666
mod,module,0.9431279197067579
mod,represents,0.9421730209340711
mod,peripheral,0.9407534354586196
plots,nitions,0.9583314197614666
plots,axis,0.9521896028102322
plots,write,0.9433721923923459
plots,frequent,0.9396517580668462
plots,total,0.9396094961266788
plots,simple,0.9373763437145475
plots,update,0.9323715779484598
plots,far,0.9313916232507371
plots,long,0.9304223653301846
plots,rarely,0.9293132218127793
posted,websites,0.9829190370591664
posted,solve,0.9552996658944455
posted,stackexchange,0.9546674513626145
posted,assessing,0.944304615980528
posted,practitioners,0.9431750134948937
posted,se,0.9418751703260305
posted,review,0.9365442441739995
posted,tertiary,0.9354160001925665
posted,srs,0.9336826142639197
posted,silva,0.9301721772352507
solution,writing,0.9566531777922151
solution,would,0.9519044882662421
solution,elements,0.9496788135987264
solution,similar,0.9487205158217986
solution,because,0.9466041013122748
solution,best,0.9458981632401975
solution,changing,0.9451495096652498
solution,decisions,0.94455577561865
solution,initial,0.9444773446531014
solution,might,0.9443698245261987
stack,testing,0.9461931680968118
stack,stackexchange,0.94088203980389
stack,se,0.9396715661614325
stack,focused,0.9372209916081539
stack,stackover,0.9355992943785674
stack,evidence,0.935308121552882
stack,tertiary,0.9274611086359053
stack,practitioners,0.926623622727687
stack,exchange,0.9255859391742323
stack,quality,0.9254926644393613
stop,renamings,0.9759461665813447
stop,miss,0.9743297969949964
stop,renam,0.9722960082082637
stop,mismatch,0.9715295569790199
stop,renamed,0.9666444578604975
stop,maps,0.9656802697830711
stop,break,0.961455535227961
stop,portion,0.9461350010173044
stop,ast,0.9400372943634413
stop,bijection,0.9392287174308973
thank,acknowledgments,0.9642935197777033
thank,point,0.9592272724860825
thank,work,0.9591596123690129
thank,should,0.9562806228170644
thank,suggest,0.9561722489204734
thank,however,0.955616415399355
thank,contain,0.9540209175217232
thank,performed,0.9536991856143503
thank,their,0.9536522898298949
thank,not,0.9534913273952497
viewing,smells,0.9767071931029174
viewing,spot,0.9702770700365133
viewing,evolvability,0.9680139183683527
viewing,couplings,0.9656733538183846
viewing,smell,0.964048686241382
viewing,refactorings,0.9601175767850683
viewing,months,0.9579241131366703
viewing,industrial,0.9573837363439619
viewing,engineer,0.955209754041612
viewing,concurrent,0.9526000827514227
weight,term,0.9533596495684651
weight,document,0.9518319744853625
weight,df,0.9490732803156271
weight,lan,0.9461924410583855
weight,word,0.9441227706498327
weight,pre,0.9436177224865759
weight,keywords,0.9419951630805039
weight,gives,0.9414719756338581
weight,documents,0.9408557220315394
weight,concept,0.9402513506991269
10th,nov,0.9724218317590505
10th,ieee,0.9673995322166036
10th,sept,0.9517730191586042
10th,liu,0.951621526706739
10th,2015,0.9505503104016311
10th,journal,0.9485980117479937
10th,03,0.9483166132777747
10th,technical,0.9448521410991337
10th,2014,0.9444576776675744
10th,july,0.9421138495245427
25th,journal,0.965915468872542
25th,03,0.9594304255220412
25th,ieee,0.9584383696179337
25th,cooperative,0.9542420252475349
25th,technology,0.9521499226336834
25th,mockus,0.9517327064581418
25th,schneider,0.9514477676025119
25th,storey,0.9514396145781103
25th,september,0.9514373335685723
25th,institute,0.9495043181948359
51,46,0.9614408327882923
51,66,0.9598359079971568
51,36,0.9585313197239886
51,47,0.9546459904995999
51,77,0.9420063288223175
51,61,0.9412398248477022
51,72,0.9411696357863498
51,54,0.940360934731238
51,71,0.9402925949301233
51,79,0.9390676286206208
au,produced,0.9546970094466305
au,good,0.9533622000322932
au,automated,0.9527386509304099
au,however,0.9522951453555765
au,methods,0.9519045172696239
au,not,0.9499489870416638
au,by,0.9498962470563315
au,work,0.9498259453478853
au,must,0.9494681662750815
au,results,0.9494397772870178
aware,researchers,0.9585020849737658
aware,model,0.9540138369578876
aware,questions,0.9531808649431549
aware,provide,0.9526537949523198
aware,tools,0.9523664218227992
aware,finally,0.9520584358128301
aware,research,0.9518831419501815
aware,speci,0.9513368869800913
aware,repository,0.9505585860760382
aware,important,0.949957316354828
become,email,0.9528649651511725
become,messages,0.9486817616308272
become,web,0.9485046312054087
become,potential,0.9469489956436535
become,during,0.9455559570592371
become,decisions,0.9454124260850132
become,they,0.9439512083409299
become,dif,0.9438585744244391
become,often,0.9426944468480025
become,believe,0.9425329691210794
binary,exist,0.9458874187471862
binary,after,0.9409052086242577
binary,before,0.9388433345889652
binary,unique,0.9357154163480562
binary,set,0.9355812814282944
binary,did,0.934065273319246
binary,class,0.933053276243186
binary,error,0.9319815767103934
binary,if,0.9319168626016929
binary,figure,0.9314232691455901
combined,calculated,0.9556340974332898
combined,who,0.9443375677957028
combined,linked,0.9391663475101586
combined,shared,0.9381531292431441
combined,cases,0.9374305483015635
combined,access,0.9372779631486318
combined,associated,0.9371692955021572
combined,among,0.9350472599302575
combined,erent,0.9343011073690091
combined,network,0.9335861738516846
concerning,change,0.9518184232169324
concerning,answering,0.9487205880775429
concerning,observed,0.9478230775477041
concerning,dependency,0.9470573206029627
concerning,history,0.9467875791027694
concerning,release,0.945975059303587
concerning,storage,0.9434224052163989
concerning,versions,0.942102154847861
concerning,tions,0.9415210249227215
concerning,releases,0.9414010914905567
conventional,lpp,0.9594858561354516
conventional,learning,0.9584216775135854
conventional,legitimate,0.957159903510226
conventional,participation,0.9527562503159588
conventional,core,0.949939988225057
conventional,certain,0.9482436313708774
conventional,peripheral,0.9475324911265256
conventional,few,0.946505981621377
conventional,develop,0.9456194573803469
conventional,relationship,0.9447151189303001
demeyer,detecting,0.9644262955079617
demeyer,parts,0.9596243363612991
demeyer,design,0.9595697171215356
demeyer,fowler,0.9571451527991124
demeyer,apply,0.9564235766203562
demeyer,pinzger,0.9561868960987208
demeyer,change,0.9554344769796396
demeyer,introduced,0.9548728272925686
demeyer,history,0.9546476676199533
demeyer,gall,0.9545367081664281
directed,graph,0.945873328258081
directed,connected,0.9444255052588066
directed,relationships,0.9441421350629474
directed,represented,0.9440085155828228
directed,node,0.9431644326809292
directed,formally,0.9413096466751425
directed,create,0.9402555316654335
directed,authors,0.9395564706125283
directed,correspond,0.9390426532387544
directed,set,0.9385582888859909
distributions,difficult,0.9724588327881736
distributions,traditional,0.953264922117406
distributions,datasets,0.9492459088151545
distributions,collection,0.9484504154769433
distributions,sampling,0.9468855799679006
distributions,issue,0.9460813682147785
distributions,effort,0.9458163940140132
distributions,analyses,0.9454173393528885
distributions,fully,0.944574536726329
distributions,research,0.9442912799874631
effectiveness,agile,0.9630308161237998
effectiveness,acceptance,0.9541636976159114
effectiveness,covered,0.951721276771175
effectiveness,293,0.9506594063979966
effectiveness,srs,0.9493538891589832
effectiveness,website,0.9485775470202847
effectiveness,evidence,0.9457376185695856
effectiveness,focused,0.945182887615241
effectiveness,solve,0.943431913746855
effectiveness,practitioners,0.9428838458374693
element,subset,0.9623465848100046
element,queries,0.9493396679254659
element,mrs,0.9467826466725779
element,entities,0.9449205021393432
element,author,0.9449145510651074
element,authors,0.9441354196503908
element,query,0.943073801259513
element,mr,0.9429889873337972
element,subsets,0.9393636641318636
element,entity,0.9385898559111623
enable,method,0.9627790061846914
enable,characteristics,0.9627386669268045
enable,since,0.9622924547644836
enable,related,0.9622764279544833
enable,existing,0.9607805658348032
enable,research,0.9603403128660619
enable,from,0.9598120340064147
enable,terms,0.959758836340826
enable,different,0.9592983069091214
enable,bene,0.9592359530241017
enhancement,descriptors,0.9618527245839571
enhancement,subject,0.9513322682886856
enhancement,categories,0.949263948896288
enhancement,state,0.9463935804933499
enhancement,management,0.945965446554014
enhancement,multiple,0.9425679801405258
enhancement,database,0.9422003561651087
enhancement,introduction,0.9392847622611145
enhancement,describe,0.9385571472845999
enhancement,past,0.9376252061306358
european,reengineering,0.9680157863372978
european,fischer,0.9677563758140451
european,metrics,0.9604952712640182
european,mockus,0.9589668713976882
european,july,0.958615394769692
european,gall,0.95759378470107
european,visualizing,0.9571762048069465
european,management,0.9548512617303926
european,pinzger,0.9528475901639338
european,measurement,0.9523423625017812
exceptions,stu,0.958395263650325
exceptions,dent,0.9581233631411874
exceptions,correlation,0.9564277826578782
exceptions,warnings,0.9557643093604522
exceptions,warning,0.9466851392797697
exceptions,unit,0.9451562691598595
exceptions,test,0.9371748965722452
exceptions,snapshot,0.9352671617313417
exceptions,lines,0.92558348530116
exceptions,findbugs,0.9245845721712227
expertise,analyst,0.9696744086223605
expertise,factors,0.9652130921092728
expertise,factor,0.9615184666407599
expertise,recall,0.9615008748533753
expertise,familiarity,0.9613444849924815
expertise,precision,0.9592105363932153
expertise,analysts,0.956988421390975
expertise,right,0.9565464484337923
expertise,tracing,0.9541986490674983
expertise,pilot,0.9537698256377853
feb,k,0.9452666271549149
feb,b,0.9389977599624072
feb,v,0.9375137452018589
feb,g,0.9372038221630623
feb,i,0.9363568700336742
feb,l,0.9357840264854576
feb,2001,0.9351896681765464
feb,study,0.9344933810614655
feb,336,0.9326780123840428
feb,ieee,0.9313426166748284
fine,grain,0.9834627036419039
fine,signatures,0.9668855971967054
fine,signature,0.960977718023243
fine,kinds,0.9596806503659212
fine,taxonomy,0.9584243011312409
fine,common,0.9571503740614085
fine,observed,0.9558319513882422
fine,kind,0.9538918228522142
fine,sequence,0.9509812863916887
fine,changed,0.9486460830301662
generate,evolutionary,0.9679079076026025
generate,et,0.9534883268279475
generate,views,0.9533471265581352
generate,different,0.9511673734926389
generate,from,0.9510757411001126
generate,platform,0.9501271491471934
generate,future,0.9500515192897561
generate,we,0.949921778380743
generate,tion,0.9496243022457669
generate,such,0.9495542983232171
gnome,libre,0.9720522866846564
gnome,gonzalez,0.9617643118539572
gnome,barahona,0.9529490981240156
gnome,anonymized,0.9528636881166035
gnome,robles,0.9515179884592724
gnome,reposito,0.9458152029196052
gnome,methodology,0.9412945065406524
gnome,changelog,0.9344338096793892
gnome,foundation,0.9230542466462309
gnome,sources,0.920690880267761
iden,matches,0.9651971917076068
iden,heuristics,0.958949963039617
iden,linking,0.9569941812622458
iden,schema,0.9537191422739744
iden,mail,0.9527428132526345
iden,real,0.9525623458008916
iden,cases,0.9483125251973292
iden,address,0.9482260318317817
iden,assigned,0.9470280383501875
iden,corresponding,0.9442471131477412
indicated,mozilla,0.9608948644128341
indicated,x,0.9568468486835441
indicated,later,0.9544550065493709
indicated,eclipse,0.9514350193184926
indicated,induce,0.949186553016282
indicated,inducing,0.9479895068779967
indicated,xed,0.946666399673673
indicated,contains,0.944483902893902
indicated,larger,0.9432993785003476
indicated,week,0.9432829957605661
interact,api,0.9494415236330316
interact,violations,0.9381869719059377
interact,rules,0.9377458028494166
interact,tracking,0.936017602893813
interact,specific,0.935964780817625
interact,mailing,0.9359348637345237
interact,state,0.9335117805280402
interact,expert,0.9320240366603972
interact,repository,0.9316944266075309
interact,real,0.9301349546736002
interfaces,smell,0.9629211011536141
interfaces,couplings,0.9595549075692762
interfaces,parts,0.9582742631937857
interfaces,move,0.9573511912076571
interfaces,smells,0.9561686862334842
interfaces,fowler,0.9537478242992798
interfaces,evolvability,0.9511088527060867
interfaces,ective,0.9505124309797306
interfaces,together,0.9498360493138069
interfaces,introduced,0.9492630453724722
kishida,ye,0.9999999999999993
kishida,peripheral,0.9793243485341863
kishida,participation,0.9633135229269574
kishida,lpp,0.9609783250849047
kishida,roles,0.9558739276466525
kishida,legitimate,0.9552891578812999
kishida,role,0.9539047310894744
kishida,social,0.9517537398269278
kishida,network,0.946233530354351
kishida,learning,0.9457456843769019
manager,trying,0.9543783521456812
manager,speci,0.95259285559982
manager,distributed,0.9507295066241561
manager,focused,0.9486338204474235
manager,evidence,0.9460598095344269
manager,help,0.9457654252118648
manager,testing,0.945664865947782
manager,automated,0.9447261136395156
manager,make,0.9440582819270816
manager,advantage,0.9419410476125591
maximum,200,0.9527050853414336
maximum,relatively,0.9510187688790789
maximum,focuses,0.9454631600002018
maximum,800,0.9424916844545947
maximum,700,0.9424916844545947
maximum,100,0.9410851087009715
maximum,nding,0.9409962996106903
maximum,600,0.9407752972349774
maximum,two,0.9397613849787262
maximum,apache,0.9393025802717714
refactored,refactoring,0.9674610959770922
refactored,evolvability,0.9508151857187125
refactored,enables,0.9494977309187267
refactored,couplings,0.9469657319149412
refactored,lution,0.9435242416891589
refactored,refac,0.9430724908864223
refactored,evo,0.9426699014585316
refactored,ective,0.9421799249081164
refactored,fowler,0.9407724963190719
refactored,months,0.9405233211060651
regular,later,0.952417235298274
regular,x,0.9517827823577936
regular,following,0.9513376490010468
regular,examples,0.9512878337371831
regular,inferred,0.9490061608528368
regular,link,0.9482793065486869
regular,whether,0.9468459526828846
regular,fix,0.9467982294025516
regular,fact,0.9467473268189837
regular,bug,0.9464379629727546
relating,technique,0.9538212385758678
relating,need,0.9528581607006987
relating,understanding,0.9526279659710888
relating,etc,0.9494673382416472
relating,call,0.9489540133864329
relating,like,0.9482843540635524
relating,thus,0.9481096628013028
relating,been,0.9480463963259526
relating,ways,0.947217335330135
relating,already,0.9470047210198851
requiring,commit,0.9402578556736494
requiring,windows,0.9386404538849493
requiring,analyzed,0.9362661286092794
requiring,static,0.935287457287183
requiring,every,0.934603063296854
requiring,release,0.9315958843704366
requiring,observed,0.9312991523121454
requiring,all,0.9308554693724261
requiring,implemented,0.9308007684248658
requiring,each,0.9302377252516976
researcher,researchers,0.9638281597240295
researcher,comprehensive,0.9614097277372059
researcher,collection,0.9607692637216532
researcher,analyses,0.9598139396862039
researcher,throughout,0.9596728344730237
researcher,datasets,0.9589745678508044
researcher,floss,0.95674289749257
researcher,conduct,0.9533790013637272
researcher,collecting,0.953005416922962
researcher,efforts,0.949802446303859
schneider,gutwin,0.9752556894890838
schneider,awareness,0.9642297122227051
schneider,interaction,0.9633118800664335
schneider,science,0.9584273006373688
schneider,computer,0.9579071000481356
schneider,supported,0.9550765995083466
schneider,technology,0.9544077941943878
schneider,cooperative,0.9531588857599547
schneider,journal,0.9526342738324796
schneider,25th,0.9514477676025119
strength,modules,0.9504760415620435
strength,nodes,0.9504261516799937
strength,visualized,0.9483123124100175
strength,module,0.9468045733982178
strength,represents,0.9406200661018276
strength,few,0.9403408782866767
strength,depicted,0.939663626808208
strength,graphs,0.9372253792587097
strength,interesting,0.935452099742333
strength,hierarchy,0.9343087682555167
structural,classes,0.9547976467811805
structural,change,0.9541546336085618
structural,where,0.9534117832634117
structural,changed,0.9528963629994587
structural,coupling,0.9520436114000643
structural,detect,0.9510406133638988
structural,within,0.9508745288631253
structural,detected,0.9508482978185596
structural,between,0.9508022009474826
structural,two,0.94914189014741
survey,german,0.9662233332448831
survey,science,0.9627569943515035
survey,computer,0.9599011607559966
survey,supported,0.9582965101289067
survey,questions,0.9559914299283414
survey,help,0.9555867965654147
survey,tools,0.9552880648063035
survey,analyzing,0.9551294332199096
survey,provide,0.9546683038982426
survey,about,0.954037980618704
think,do,0.9566968336337606
think,there,0.9539521561022613
think,what,0.9537714601116487
think,also,0.9536356310464449
think,should,0.953517373548266
think,not,0.9534203320952246
think,but,0.9533616347189326
think,useful,0.9531281828687391
think,their,0.9526974573574029
think,must,0.95269611936648
traditional,distributions,0.953264922117406
traditional,issue,0.9478640678729148
traditional,efforts,0.9432783191666481
traditional,researchers,0.9428696229400605
traditional,teams,0.9402649269912564
traditional,effort,0.9387750963464685
traditional,seen,0.9386367006088968
traditional,unfortunately,0.9356867339253832
traditional,research,0.934792893819048
traditional,indeed,0.9335717086514566
visual,features,0.9436424658622837
visual,students,0.9350483746250176
visual,student,0.9346505719860104
visual,assignment,0.93455767040095
visual,behaviour,0.9308844770277606
visual,third,0.930871715982183
visual,submit,0.9306138127276309
visual,effects,0.9303967585447861
visual,unit,0.9281976058152269
visual,bottom,0.927420674524418
visualized,visualizations,0.9708573821829709
visualized,views,0.9522015237132078
visualized,strength,0.9483123124100175
visualized,edges,0.9476752693271446
visualized,nodes,0.9457019356139871
visualized,few,0.9452620893749726
visualized,graphs,0.9444078036844861
visualized,represents,0.9436931252369534
visualized,visualizing,0.943484274207482
visualized,among,0.9423400398451092
ye,kishida,0.9999999999999993
ye,peripheral,0.9793243485341863
ye,participation,0.9633135229269574
ye,lpp,0.9609783250849047
ye,roles,0.9558739276466525
ye,legitimate,0.9552891578812999
ye,role,0.9539047310894744
ye,social,0.9517537398269278
ye,network,0.946233530354351
ye,learning,0.9457456843769019
01,33,0.9352351822587155
01,34,0.9295818659118833
01,88,0.9279994789685015
01,45,0.9273139169418949
01,32,0.9153667815103836
01,46,0.9073804349854615
01,44,0.9070442896740163
01,st,0.9032720084155996
01,december,0.9025638394720152
01,11,0.9020868528949217
166,normalized,0.969489549202515
166,bottom,0.9616387844062748
166,student,0.9567890841767197
166,third,0.9563151860687833
166,students,0.9562571379191505
166,features,0.955602682010441
166,habits,0.9505571998791675
166,assignments,0.9461667262244375
166,performance,0.9443578026349282
166,effects,0.9428559925831492
250,100,0.9236127588473314
250,current,0.9208888068223584
250,total,0.9203359603528072
250,shows,0.9135446733922121
250,average,0.9108283578839242
250,presents,0.9103048501739116
250,200,0.9098710333021809
250,roughly,0.9083897847084197
250,as,0.9066629877820829
250,whose,0.9065255470011224
336,ieee,0.9471006693861644
336,september,0.9451877924677714
336,german,0.9444406964834363
336,03,0.9436731896903294
336,k,0.9428067549369848
336,2001,0.9427086164586916
336,july,0.9408285584696928
336,l,0.9398760639102981
336,g,0.9388882784155644
336,institute,0.9377356305223936
6th,conference,0.955554553276651
6th,engineering,0.9517401405556295
6th,software,0.9465629268055469
6th,international,0.9449852329187293
6th,on,0.9437852639910072
6th,press,0.9436684158023685
6th,icse,0.9433481229696513
6th,proceedings,0.9402993343582401
6th,563,0.9359230180824089
6th,572,0.9343600260590756
adopted,questions,0.9658535058766916
adopted,aspects,0.9638470926480736
adopted,subject,0.9602885859417637
adopted,management,0.9594853999619978
adopted,approaches,0.9590393128548571
adopted,introduction,0.9589565179774489
adopted,help,0.9589213338463172
adopted,answer,0.958395706717557
adopted,recent,0.9573176710079001
adopted,metrics,0.9568384452818657
answered,tools,0.9620615343036223
answered,help,0.9606616467156877
answered,answer,0.9605163334543061
answered,ask,0.9594071271249984
answered,focus,0.9576859155656468
answered,main,0.9571233639024355
answered,potential,0.9562699244203273
answered,part,0.9562262369423843
answered,what,0.9561255353820186
answered,use,0.9550427804837976
answering,abstract,0.9683406032776685
answering,history,0.9601843883129395
answering,track,0.9585497950801127
answering,department,0.9583541981866597
answering,inform,0.9579566204306114
answering,et,0.9577771312465533
answering,these,0.9571636574561841
answering,identify,0.9559105938250133
answering,how,0.9557996803252546
answering,consider,0.9556634196741725
apr,subversion,0.9350745899889517
apr,average,0.9307080581039547
apr,addition,0.9270637605556806
apr,apache,0.9220351140894946
apr,parameter,0.9212281816026414
apr,pointer,0.9211764762024114
apr,indicates,0.9206069611442484
apr,kinds,0.9189507622716693
apr,observed,0.9183054098512038
apr,o,0.9177752598569517
asked,questions,0.961066602157093
asked,question,0.9581166928603537
asked,answer,0.9575337340132474
asked,low,0.9554517026709293
asked,quality,0.9551859713553544
asked,trying,0.9525141362331304
asked,evidence,0.9519508104713996
asked,methods,0.9510848818056749
asked,what,0.950975491924519
asked,below,0.949356002010693
aspect,interesting,0.9563118196768619
aspect,user,0.9537037558547534
aspect,provide,0.951734427364719
aspect,relevant,0.9508710431761407
aspect,within,0.949828364510978
aspect,into,0.9487542944850185
aspect,different,0.9480808763004209
aspect,can,0.9479597461568217
aspect,from,0.9464817257157845
aspect,are,0.946347904876112
assuming,nding,0.943496100580051
assuming,equal,0.940004854206393
assuming,matching,0.9365573370562736
assuming,variables,0.9356708114984346
assuming,additions,0.9336833953945837
assuming,whose,0.9331858325349316
assuming,names,0.9330581129671331
assuming,instead,0.9313789699502115
assuming,avoid,0.9308435576484312
assuming,functions,0.9301126667321113
attempt,features,0.9515795922002848
attempt,along,0.9507752421643133
attempt,present,0.9482441375053206
attempt,space,0.9459477792310182
attempt,underlying,0.9417229781578504
attempt,etc,0.9417009667660097
attempt,extracted,0.9415343517092416
attempt,fact,0.9411630035628427
attempt,was,0.9404764269097676
attempt,performance,0.9402623218005624
ay,5,0.8251922537347469
ay,y,0.8061175785989833
ay,2004,0.8059150372026673
ay,may,0.7910331814779291
ay,at,0.7903046511543304
ay,ages,0.7888504459541176
ay,th,0.7826411383640689
ay,4,0.7813617461644188
ay,ly,0.7767190554733417
ay,572,0.7765704497354722
besides,automatically,0.9677019549166701
besides,several,0.9665061203190479
besides,often,0.9625582664198874
besides,consider,0.9625214131376775
besides,would,0.9618869683350093
besides,because,0.9618415744924402
besides,get,0.9608756968784378
besides,they,0.9602379558302208
besides,when,0.9594930251372416
besides,many,0.9594081131313428
break,maps,0.9765937529379789
break,renamings,0.9686762237683662
break,stop,0.961455535227961
break,late,0.9578888536860943
break,encounter,0.9505535053048233
break,bodies,0.9494135801651966
break,portion,0.9459485845750724
break,mismatch,0.9458671403275214
break,y2,0.9453272455089667
break,y1,0.9453272455089667
center,developers,0.964196488321027
center,developer,0.9608278392579692
center,few,0.9599655961445666
center,project,0.9558853205285636
center,small,0.9558397981750887
center,group,0.9552754121897811
center,devel,0.9541863439072888
center,among,0.9536231276086774
center,co,0.9534537932238792
center,projects,0.9531160503192906
challenge,decisions,0.9658133788154342
challenge,best,0.9653076546628232
challenge,many,0.9609411881038459
challenge,about,0.9606347031616032
challenge,they,0.9605606544913137
challenge,believe,0.9601449481685194
challenge,because,0.9593490660483284
challenge,et,0.9584589373434621
challenge,how,0.9581302991407147
challenge,work,0.957421222943891
challenging,describe,0.9596353936699786
challenging,point,0.9584710830310983
challenging,contain,0.9581408448696984
challenging,some,0.9572218171507962
challenging,need,0.9559891229630451
challenging,often,0.9547409984770117
challenging,done,0.9537450669697711
challenging,discussion,0.9536376693681745
challenging,such,0.953451250773201
challenging,use,0.9533594343175555
closed,link,0.962086010817728
closed,resolved,0.9503795192419586
closed,fixed,0.9479469483059517
closed,dence,0.9440638374580193
closed,bugzilla,0.9409041326794245
closed,conditions,0.9403242750285725
closed,reports,0.9397740718622507
closed,xed,0.9392865808281495
closed,message,0.9325468703238116
closed,bug,0.9320745139056628
combination,first,0.9586780540079779
combination,are,0.9585361964320231
combination,from,0.9584986399104729
combination,its,0.9584395449631855
combination,can,0.9581584054778675
combination,most,0.9580294605924857
combination,been,0.9577607974727568
combination,large,0.95762505728279
combination,be,0.957544546010624
combination,use,0.9574496326704742
constructed,kernel,0.9614265653723246
constructed,analyze,0.9523885896826172
constructed,linux,0.951895845768886
constructed,between,0.947853554743839
constructed,ect,0.946629940218491
constructed,implementation,0.9462543163380484
constructed,dec,0.9454795639668112
constructed,higher,0.9449292154246198
constructed,di,0.9449167162547185
constructed,variety,0.9447987893335787
debugging,investigate,0.956757493607999
debugging,related,0.9452029194323324
debugging,what,0.9447329669300324
debugging,area,0.9436555984945181
debugging,questions,0.9434863968659553
debugging,how,0.9426309042993004
debugging,whether,0.9425872959954079
debugging,these,0.9424514474077643
debugging,evidence,0.9422151491872459
debugging,help,0.9412754560557042
demonstrate,developer,0.9570009465358146
demonstrate,developers,0.9556521446005761
demonstrate,erent,0.9545240051117367
demonstrate,user,0.9518415033442766
demonstrate,requests,0.9513167449995421
demonstrate,main,0.9511769743586839
demonstrate,such,0.949943692571988
demonstrate,di,0.9487749607428447
demonstrate,group,0.9486733614440048
demonstrate,describe,0.9480706164238657
dent,stu,0.9777459376127489
dent,correlation,0.9637004395781859
dent,exceptions,0.9581233631411874
dent,unit,0.9508643533105783
dent,wrote,0.949764397876695
dent,space,0.9469098142902644
dent,warnings,0.9465932492700159
dent,test,0.946263711533025
dent,lines,0.9457193659230998
dent,followed,0.9446552816095939
direct,collection,0.9483973460991995
direct,analyses,0.9456687339615588
direct,face,0.9406593464482018
direct,extension,0.9383023155022583
direct,conduct,0.9372561536711069
direct,dumps,0.9372329393807557
direct,scripts,0.9364637520167136
direct,access,0.9359519112407475
direct,publicly,0.9352696041352777
direct,designed,0.9350021286107891
ectiveness,second,0.9462094767815219
ectiveness,queries,0.9449745960610606
ectiveness,rst,0.9436866627635976
ectiveness,easily,0.9436216084219788
ectiveness,logic,0.9432270944165893
ectiveness,these,0.9431532420162547
ectiveness,modi,0.9426592792573183
ectiveness,their,0.9426038855436503
ectiveness,create,0.9424119067489911
ectiveness,di,0.9423501218803625
ence,ference,0.9567826950823912
ence,nference,0.9556463463307643
ence,onference,0.9553268356173348
ence,rence,0.9424457685302494
ence,nce,0.9245238036177635
ence,2004,0.9213496687365295
ence,national,0.9160988791479805
ence,ce,0.9120870619743308
ence,ational,0.9116759605504037
ence,563,0.9110582814619448
evaluated,questions,0.9653352724643287
evaluated,speci,0.9584975185796096
evaluated,related,0.9583574128296317
evaluated,focused,0.9583018980285115
evaluated,their,0.9579937352069416
evaluated,help,0.9577718976629633
evaluated,use,0.957197846816121
evaluated,four,0.9562610854726021
evaluated,about,0.9562523276554897
evaluated,provide,0.9559496067669047
ever,perform,0.9587780875172516
ever,point,0.9586857187948001
ever,that,0.9538436125657723
ever,some,0.9537686037543205
ever,only,0.9532468535246879
ever,such,0.952794414556712
ever,can,0.9527374177090104
ever,it,0.9525104394263902
ever,be,0.9518720129059299
ever,have,0.9517091667585855
exactly,validation,0.9547056394401278
exactly,reasonable,0.9527629036664451
exactly,there,0.9470521929104632
exactly,any,0.9467774884335323
exactly,accurate,0.9463098713523528
exactly,projects,0.9459991687768636
exactly,single,0.9459748766368716
exactly,much,0.9456391485682607
exactly,issue,0.9454281006230449
exactly,possible,0.9453698439677525
execution,around,0.9499599629872477
execution,document,0.9485257925346491
execution,note,0.9432820165939719
execution,term,0.9416522139942595
execution,read,0.941541635676532
execution,word,0.9409690629627476
execution,preliminary,0.9405406914877183
execution,method,0.9404174162357115
execution,experience,0.9403840625448414
execution,machine,0.9394776183172803
explain,around,0.9581008957673818
explain,human,0.9548538774232571
explain,experience,0.9540158966106285
explain,method,0.9531575573199391
explain,grouping,0.9527371113013942
explain,although,0.951890909444882
explain,key,0.9511718216323924
explain,supports,0.9508530977895849
explain,keywords,0.950846386363825
explain,term,0.9503086035759789
extend,proposed,0.9584698608640132
extend,interested,0.9580668137165207
extend,propose,0.9580378759861381
extend,problems,0.9579266029315343
extend,techniques,0.9575838695440587
extend,building,0.9552938322128276
extend,through,0.954515443507235
extend,presented,0.9535105360823714
extend,how,0.9528967195787977
extend,existing,0.9526837961463274
extension,scripts,0.9642956561040277
extension,analyses,0.961248203310621
extension,collection,0.9576462432739988
extension,building,0.9506980641800913
extension,designed,0.9477973435503414
extension,research,0.9428894946239399
extension,comparable,0.942141913092664
extension,researchers,0.9413564212831784
extension,products,0.9403618867216905
extension,ossmole,0.9394020850440636
extreme,poor,0.9576049852836251
extreme,core,0.9525169999316296
extreme,smith,0.9484487576591576
extreme,few,0.9481992281271565
extreme,group,0.9473795304380483
extreme,least,0.9465188279844059
extreme,certain,0.9447075095819111
extreme,design,0.9440494503565718
extreme,often,0.9437024663587574
extreme,because,0.9411105057044982
fast,machine,0.9487928340614076
fast,terms,0.9435340798730764
fast,term,0.9426740202237799
fast,experience,0.94088351825044
fast,note,0.9399987225851114
fast,produced,0.9395742988326483
fast,consists,0.9393921016749558
fast,way,0.9391288766272248
fast,clear,0.9388335869317193
fast,around,0.9385431554359869
february,developers,0.9497068848537558
february,members,0.9496193228454355
february,developer,0.9481814579881596
february,rich,0.9443195126968207
february,projects,0.9428725409474124
february,project,0.9418113806859718
february,com,0.9415166480323032
february,intended,0.9405800609728256
february,communication,0.9401217663985038
february,users,0.9388993150153219
fewer,changed,0.9516590113708525
fewer,changing,0.9516423705721574
fewer,indicates,0.9456160816886833
fewer,change,0.9444241514458206
fewer,refactoring,0.9436427731160939
fewer,kinds,0.9431945629805674
fewer,observed,0.9422306368259252
fewer,common,0.9411416907442002
fewer,together,0.9380156837810832
fewer,frequent,0.935521518025928
formation,results,0.95270822919635
formation,detailed,0.9523492368900779
formation,scale,0.9522412276829031
formation,was,0.9515312080872418
formation,three,0.9497449162135385
formation,application,0.9487805661836297
formation,our,0.9479477338055853
formation,different,0.9466125504212533
formation,were,0.9463977792103488
formation,performed,0.9459576692716967
fully,projects,0.9623327254415986
fully,success,0.9618029236712182
fully,teams,0.9599915596421784
fully,world,0.9596910075680419
fully,research,0.9596391186269463
fully,project,0.9590741686783611
fully,analyses,0.9584851633907587
fully,designed,0.9575299711358295
fully,groups,0.9566850463365504
fully,quantitative,0.9566426933800691
gather,collection,0.9763058315425086
gather,analyses,0.9747138124141518
gather,designed,0.9667643804780552
gather,efforts,0.9656920551592536
gather,share,0.9614438687432014
gather,research,0.9609753051234948
gather,researchers,0.9598719728576159
gather,publicly,0.9579878121262848
gather,store,0.9578490611330833
gather,projects,0.9572653177772774
gender,solve,0.9340650365803785
gender,evidence,0.9305489769268913
gender,selection,0.9268076825693807
gender,considering,0.926353524527513
gender,studies,0.9259594082844054
gender,trying,0.9257538086164381
gender,remaining,0.9243822486339934
gender,contributions,0.9204508127158536
gender,answers,0.9192921186105023
gender,according,0.919153078044258
guidelines,approaches,0.9411470108640954
guidelines,answer,0.938220380051761
guidelines,coding,0.9381930878238746
guidelines,questions,0.9378859328724074
guidelines,question,0.9375129182086007
guidelines,effective,0.9358713630683555
guidelines,characteristics,0.935176568178056
guidelines,study,0.9348188146025334
guidelines,market,0.9344381330466993
guidelines,metrics,0.9323220071627547
handle,only,0.9527650669119812
handle,have,0.9508533384765245
handle,example,0.9497604644073697
handle,each,0.9496831411762212
handle,that,0.9488816406899396
handle,rst,0.9485682545679219
handle,are,0.9483254292799663
handle,following,0.9481783270581319
handle,we,0.9479975562090572
handle,or,0.9475500187304432
handling,functionality,0.9608438526385117
handling,called,0.9565620729607247
handling,instances,0.9558019615296893
handling,pattern,0.9535180109791591
handling,error,0.9502751138149507
handling,after,0.9469898019090149
handling,involved,0.9449940439801254
handling,patterns,0.9441432182313926
handling,successful,0.9406308468397556
handling,insight,0.940444489353899
helpful,around,0.9638079441908369
helpful,keywords,0.96291398960355
helpful,term,0.9624356756832908
helpful,ers,0.961372196489715
helpful,mine,0.9612532304976451
helpful,works,0.96052560100439
helpful,pre,0.9587437969869645
helpful,human,0.9575627774783135
helpful,processed,0.955842984801847
helpful,000,0.9555733518767443
highlight,need,0.9604352784342456
highlight,call,0.9589883553006602
highlight,these,0.9588080432593478
highlight,been,0.9587712245942561
highlight,used,0.9585311484873982
highlight,parts,0.9576601092943144
highlight,identify,0.9575334041281892
highlight,ways,0.957256140291844
highlight,be,0.9572109135190714
highlight,such,0.9570722507495284
image,extract,0.9490333504713837
image,evolves,0.948388344238667
image,couplings,0.9464741009849555
image,situation,0.9448140622928007
image,long,0.9420530739905364
image,releases,0.9416119876213505
image,over,0.9392227604965475
image,classes,0.9389365700731365
image,evolved,0.938646018627755
image,history,0.9381248860080116
independent,group,0.9698370409341447
independent,from,0.9658797714902778
independent,large,0.9642376754039175
independent,been,0.9641623410936337
independent,they,0.9641186171928462
independent,we,0.9639032305285758
independent,have,0.963864304227231
independent,using,0.9632954938338512
independent,such,0.9630630101462938
independent,can,0.963000188911365
indicating,variants,0.9611180706846825
indicating,structure,0.9555534862159939
indicating,release,0.9549623132962255
indicating,different,0.9545646998248563
indicating,respect,0.9527192071003331
indicating,sub,0.9515711780587859
indicating,distribution,0.9507892421498172
indicating,logs,0.9499754039454203
indicating,three,0.9491337698147411
indicating,products,0.9487633534582315
inferred,following,0.9593245131009268
inferred,examples,0.9562306433822543
inferred,described,0.9542836150046221
inferred,log,0.9541553147213513
inferred,need,0.9540466241730552
inferred,such,0.9526527420058868
inferred,message,0.9524777462444558
inferred,has,0.9521498103388355
inferred,sometimes,0.9519795313114928
inferred,some,0.9511900311612282
inform,popular,0.9666836730759885
inform,quickly,0.9637664195676192
inform,abstract,0.9626539020967452
inform,syntax,0.9596171825891942
inform,programs,0.9581243067522608
inform,answering,0.9579566204306114
inform,versions,0.9508420407541607
inform,evolves,0.9477166771811006
inform,analyze,0.9474657886603249
inform,pro,0.9469181390320391
ining,software,0.9384473703087783
ining,may,0.9372873650625666
ining,changes,0.9370812444854894
ining,on,0.9317450366366541
ining,international,0.9311919902294876
ining,proceedings,0.9308920484539289
ining,26th,0.9299163196848108
ining,guide,0.927913895831392
ining,engineering,0.9258483366902491
ining,563,0.9243338071909051
inspected,manually,0.9512362977359577
inspected,assumption,0.9372390143689997
inspected,detect,0.9294372688588184
inspected,indicates,0.9290035139429718
inspected,unfactorable,0.9271519771813423
inspected,locally,0.9271519771813423
inspected,lineages,0.925848860154039
inspected,genealogies,0.925821873362959
inspected,removed,0.9245993165647611
inspected,versions,0.9238362983261355
investigation,gall,0.9599836886866133
investigation,pinzger,0.959665526894018
investigation,x,0.9590784178411655
investigation,change,0.9589787122545449
investigation,further,0.9567377674448725
investigation,applied,0.9567188457645592
investigation,show,0.9554679478141235
investigation,history,0.9543160815563609
investigation,identifying,0.953717964413307
investigation,additionally,0.9526884713546444
ions,5,0.8906197498106191
ions,ons,0.8886581954223249
ions,4,0.8884216141636281
ions,y,0.8879315791353669
ions,the,0.887445152435576
ions,of,0.8871636856144804
ions,ion,0.886933105825706
ions,tool,0.8818069185788678
ions,s,0.8812545667559216
ions,with,0.8809134294263825
iv,agile,0.9530758155105414
iv,covered,0.9496767374467042
iv,focused,0.9482574643648927
iv,293,0.9475660225774444
iv,below,0.9446057240217003
iv,recurrent,0.9423318279481798
iv,low,0.9418683835696029
iv,pair,0.9411851639144472
iv,questions,0.9410121721327631
iv,opportunity,0.9402586290469868
jackson,ladd,0.9922222330642557
jackson,horwitz,0.9775300126065003
jackson,shed,0.9727754959756443
jackson,usefully,0.9696251055570901
jackson,cohesion,0.9657630292809761
jackson,erences,0.952324815819996
jackson,programs,0.9461225454030682
jackson,pointers,0.9405029056088563
jackson,light,0.9390094157350031
jackson,implementation,0.9366240461246236
kamiya,indexing,0.9626001277758494
kamiya,detection,0.9582744627433573
kamiya,platform,0.9446004720736108
kamiya,august,0.9435848015509243
kamiya,icsm,0.9390130467326789
kamiya,cial,0.9384083379270302
kamiya,van,0.9378058308008328
kamiya,apply,0.9377880138227105
kamiya,history,0.9360629833606005
kamiya,proposed,0.9356545974663242
lan,idf,0.9726732414660871
lan,udos,0.9711561113257534
lan,tf,0.9706649633767899
lan,concept,0.9703248191121421
lan,cktf,0.9651202329024826
lan,natural,0.9650503071256479
lan,term,0.9616024158890686
lan,keyword,0.9588662391675291
lan,keywords,0.9580833021121551
lan,guages,0.957497280430956
library,until,0.9415718356232283
library,public,0.9383773726893672
library,if,0.9365183299164785
library,only,0.9361144722236714
library,set,0.9350873816445157
library,example,0.9350178993489484
library,interface,0.9349526722810342
library,ever,0.9348156283796909
library,check,0.9342730412862437
library,many,0.9328429755742736
lpp,verify,0.9680281388260457
lpp,legitimate,0.9665383940727368
lpp,peripheral,0.9660571439382196
lpp,kishida,0.9609783250849047
lpp,ye,0.9609783250849047
lpp,conventional,0.9594858561354516
lpp,proprietary,0.9549017003523143
lpp,participation,0.9536874132518068
lpp,mod,0.9351007767428167
lpp,learning,0.9336121567310478
lution,evo,0.9817009851535232
lution,refactoring,0.9706149460225448
lution,enables,0.9635204491775446
lution,clone,0.963354668104207
lution,programmers,0.9605668843073057
lution,clones,0.9577060476949321
lution,tory,0.9568325367318663
lution,consistently,0.9554064940303034
lution,reuse,0.9533103307443735
lution,snippets,0.9528503292013322
mainly,structure,0.9666710160113113
mainly,reveal,0.9638994928598785
mainly,module,0.9624848598511526
mainly,history,0.9610090824815798
mainly,between,0.9596433556508572
mainly,interesting,0.9595518621905013
mainly,dependencies,0.9595044441210048
mainly,several,0.9593183130899772
mainly,et,0.9591044800464517
mainly,detection,0.9584173353926795
matched,early,0.9460895394173359
matched,why,0.939466183134567
matched,could,0.9394146773023812
matched,avoid,0.9376085907298408
matched,problem,0.9365888260318795
matched,cover,0.9364310490977654
matched,due,0.9361475634150938
matched,cases,0.9358325012697402
matched,mentioned,0.935602869398164
matched,order,0.9351771012642021
mature,model,0.9545597317587307
mature,evaluate,0.9516140771833768
mature,large,0.9485308425437726
mature,demonstrated,0.9474562111070448
mature,german,0.9458931271759081
mature,store,0.9458747439173893
mature,repository,0.9457395382430855
mature,query,0.9450401593551911
mature,projects,0.9423303541297856
mature,database,0.9418921643129889
measuring,ieee,0.9616614123747272
measuring,quality,0.9605216157967181
measuring,study,0.9603806257258232
measuring,computer,0.9601167749276074
measuring,processing,0.9556346210737154
measuring,measures,0.9547306808919999
measuring,steps,0.953706990342862
measuring,metrics,0.9535507032673608
measuring,03,0.9524343849448151
measuring,september,0.9523583092312354
min,human,0.9681462870255071
min,works,0.9546504690313464
min,although,0.9542191452560108
min,around,0.9519755916119184
min,algorithms,0.9511469717305694
min,small,0.9506553811711924
min,cross,0.9502709497324149
min,users,0.9497753411452456
min,understanding,0.9493864378351964
min,key,0.9489797129700625
missed,six,0.9480662880448609
missed,reduce,0.945583415695382
missed,improve,0.9446055944520504
missed,defects,0.9430724298523667
missed,place,0.9420099277437131
missed,methods,0.9410493381615954
missed,thing,0.9388334608702364
missed,opportunity,0.9373895152136924
missed,quality,0.9359334261093605
missed,cost,0.9358883387245136
nally,been,0.9542008992395814
nally,some,0.9519025752421406
nally,ex,0.9516196462895716
nally,can,0.9510938005662937
nally,determine,0.9509304478226823
nally,used,0.9506149130665965
nally,several,0.9505824319777894
nally,its,0.9504503920241125
nally,every,0.9502221387321431
nally,have,0.9501063342043989
near,developers,0.9554807168625616
near,developer,0.9551248774849795
near,who,0.9523568632010273
near,few,0.9516359141728121
near,among,0.9511544620258026
near,ask,0.9510751262298355
near,projects,0.9510162389453095
near,project,0.9504791499985463
near,visualizations,0.9501517155189572
near,problems,0.9490756627377698
november,1997,0.9690065783331987
november,september,0.9609338139865129
november,papers,0.9581728188620788
november,ieee,0.9575007023963792
november,march,0.9523162054851861
november,measuring,0.9498560295942315
november,perry,0.9481731575721186
november,pdf,0.9469262205834662
november,mockus,0.9455387867734032
november,measurement,0.94525029322897
ongoing,research,0.9630877441257311
ongoing,metrics,0.9606791452507044
ongoing,effort,0.9603776446940048
ongoing,designed,0.9598460057528959
ongoing,researchers,0.9597167158442561
ongoing,efforts,0.9594400807622014
ongoing,project,0.958923922175108
ongoing,management,0.9582165707910538
ongoing,focus,0.9581538861351646
ongoing,learn,0.9570276494010443
oper,devel,0.9498426617144764
oper,contain,0.9464843571261353
oper,task,0.9459289718740811
oper,developer,0.9440849925290791
oper,denotes,0.9436547231522805
oper,perform,0.9408430892934896
oper,complete,0.9403355161023859
oper,separate,0.9400614066658322
oper,point,0.9399092450677593
oper,comment,0.939232461935849
organizational,effort,0.9567331603795852
organizational,cost,0.9527844589643268
organizational,six,0.9516402106252836
organizational,processes,0.9497976493331656
organizational,artifact,0.9467749119666782
organizational,metrics,0.9444032150260445
organizational,management,0.9418499915289771
organizational,gqm,0.9412929982775902
organizational,business,0.9408171672695789
organizational,increase,0.9397399483032715
participating,social,0.951798150865306
participating,members,0.9502323027497313
participating,networks,0.94332816827734
participating,solving,0.9407476883414481
participating,collected,0.9357225640663802
participating,existence,0.9316645618365174
participating,communities,0.9316629543412585
participating,oss,0.9313503440040406
participating,network,0.9268516263948311
participating,role,0.9252026120817087
participation,legitimate,0.9816398683454242
participation,peripheral,0.971929027205999
participation,learning,0.9639682835038377
participation,ye,0.9633135229269574
participation,kishida,0.9633135229269574
participation,lpp,0.9536874132518068
participation,conventional,0.9527562503159588
participation,proprietary,0.9526596443709404
participation,develop,0.945881387705686
participation,role,0.9437548265367289
picture,months,0.9526470432489076
picture,implemented,0.9486641223726047
picture,coupling,0.9486486690110445
picture,visualization,0.9483819350223885
picture,across,0.9475171976401163
picture,behavior,0.9460242586123206
picture,modules,0.9454184338462772
picture,couplings,0.9452748267309661
picture,module,0.9445488850127104
picture,interesting,0.9445049500236389
portion,ast,0.9512078026140967
portion,adding,0.9502487276536383
portion,maps,0.9497742367906972
portion,mismatch,0.9488397787141092
portion,asts,0.9477092860417137
portion,stop,0.9461350010173044
portion,break,0.9459485845750724
portion,renamings,0.9419859545542466
portion,tree,0.937764281434216
portion,body,0.9370210425151185
possibly,always,0.9477595042348418
possibly,any,0.9468709536052925
possibly,cases,0.9460352910415663
possibly,who,0.944785953262853
possibly,those,0.9420851608346359
possibly,make,0.9411903308584042
possibly,access,0.9409054572828593
possibly,way,0.940146813638876
possibly,part,0.9394302605778098
possibly,possible,0.938832235768165
profit,commercial,0.9789760402605299
profit,granted,0.9789547460358556
profit,classroom,0.9789547460358556
profit,citation,0.9781419983102736
profit,bear,0.9776633585907082
profit,fee,0.9768096649383222
profit,permission,0.9768096649383222
profit,digital,0.9767254924259796
profit,missouri,0.9765304311699659
profit,copies,0.9764410833307865
proposes,works,0.9614760677587308
proposes,related,0.960525153227917
proposes,use,0.959190243791487
proposes,from,0.9588601436767343
proposes,large,0.9583471433867805
proposes,proposed,0.9580022583111548
proposes,very,0.9579562846006359
proposes,them,0.9578261725257695
proposes,important,0.9574434847700527
proposes,method,0.957296117234721
proximity,invoked,0.9737762089611266
proximity,endpaint,0.972833145428216
proximity,beginpaint,0.972833145428216
proximity,instances,0.969265013659937
proximity,functionality,0.9565203968024478
proximity,called,0.9556679993608568
proximity,pattern,0.9550749829409806
proximity,usage,0.9503110540509071
proximity,conditionally,0.9495887599534367
proximity,conditional,0.9458686788323094
rationale,cognitive,0.9689470087031067
rationale,intent,0.9569917661612422
rationale,main,0.9561335836831379
rationale,activities,0.9548747353428868
rationale,sql,0.9539004703316001
rationale,artifacts,0.9531024334393018
rationale,past,0.9529728187085109
rationale,tools,0.9521626351344972
rationale,focus,0.9502555738465817
rationale,infrastructure,0.9492653323916336
recover,specific,0.961109662324741
recover,patterns,0.9604166198712023
recover,identify,0.9591219563300559
recover,developed,0.9565577955290087
recover,within,0.955638227993429
recover,et,0.9551200135178952
recover,relation,0.955037769224002
recover,history,0.954623161270967
recover,rules,0.9543167360949341
recover,determine,0.953954010909767
reducing,goals,0.9658623551477663
reducing,processes,0.9564644465777936
reducing,defects,0.9547527569111226
reducing,achieve,0.954603933762321
reducing,site,0.952962095494283
reducing,six,0.9527830006146667
reducing,effort,0.9524351361262713
reducing,costs,0.9511962081731036
reducing,widely,0.9500947153057303
reducing,efforts,0.9496896550147398
reengineering,european,0.9680157863372978
reengineering,industrial,0.9679636765703314
reengineering,smells,0.9661505629323177
reengineering,fischer,0.955422553279443
reengineering,evolens,0.9511215025261868
reengineering,couplings,0.9507891568889382
reengineering,engineer,0.949995561705078
reengineering,metrics,0.9480894262927323
reengineering,spots,0.9477564439469348
reengineering,detecting,0.9470742899136975
rely,widely,0.955798149988055
rely,defects,0.9542538162209041
rely,processes,0.9468695719407612
rely,email,0.9466911034264145
rely,part,0.9456574750770983
rely,made,0.9436687099250793
rely,management,0.9430669903185076
rely,use,0.9429022666376918
rely,through,0.9425912357784407
rely,been,0.9424328999254452
rence,ence,0.9424457685302494
rence,ference,0.9317771176620121
rence,nference,0.9249802686083599
rence,onference,0.9222651900403542
rence,2004,0.9058716063328499
rence,engineering,0.8978454215907721
rence,th,0.8959963644151833
rence,national,0.8931494758219076
rence,563,0.8929452232942374
rence,ce,0.8927968631519723
rent,cur,0.980465244584483
rent,current,0.9387800800241223
rent,lifetime,0.938351069937513
rent,delete,0.9375141030247958
rent,equal,0.9360282550769944
rent,vsftpd,0.9349502431018948
rent,implementing,0.9336139572682706
rent,dead,0.9310288469486421
rent,openssh,0.9301070873304864
rent,rarely,0.9273890992853474
reuse,refactoring,0.968051835508683
reuse,programmers,0.9649539023996422
reuse,duplication,0.9619644695980134
reuse,lution,0.9533103307443735
reuse,clone,0.9524330632310032
reuse,principle,0.9506058309416088
reuse,abstraction,0.9495976113960568
reuse,copied,0.9477817795988426
reuse,paste,0.9474914711135075
reuse,design,0.9473475346832139
richer,world,0.9601051698718754
richer,allow,0.9580883938877336
richer,projects,0.956289101033237
richer,research,0.9554070311115288
richer,fully,0.9552965291700888
richer,success,0.9544458597341876
richer,applying,0.9521194578922441
richer,researchers,0.952002320412191
richer,develop,0.951568153829464
richer,among,0.9513237527875259
seems,im,0.9460016591848293
seems,man,0.9398125707202847
seems,classes,0.9392676365835172
seems,thus,0.9375548282214502
seems,twice,0.9351368334231819
seems,move,0.9349352872489577
seems,middle,0.9338875747353668
seems,parts,0.9333116229424414
seems,describes,0.9308409043322282
seems,together,0.9303787990603949
selecting,designed,0.94966900502987
selecting,attempts,0.9483464489785692
selecting,sources,0.9483241704187728
selecting,will,0.9477810760421597
selecting,main,0.9477424810971053
selecting,repository,0.947190262112227
selecting,research,0.9466910695485099
selecting,provide,0.9445753860140674
selecting,projects,0.9445437226649329
selecting,needed,0.9444800974199684
shared,access,0.9576939270859406
shared,getting,0.9576381253437045
shared,collected,0.9516924174537809
shared,projects,0.9451889330082095
shared,who,0.9432073970807345
shared,serve,0.9421114471758154
shared,project,0.9400592764968209
shared,communities,0.9398598758281184
shared,cases,0.939773727792746
shared,develop,0.9392316107142915
sharing,members,0.9631050993869856
sharing,social,0.956092896138564
sharing,developers,0.9535903303022508
sharing,oss,0.9491710374532512
sharing,networks,0.9478301002127727
sharing,projects,0.9469962966099779
sharing,few,0.9446998835102082
sharing,collected,0.9433218061760207
sharing,collaborative,0.9428531378223883
sharing,project,0.9425176236667909
significant,specific,0.9580709333599932
significant,these,0.9549431899420349
significant,state,0.9539682723497933
significant,identify,0.9538377882989411
significant,introduction,0.9526070438581897
significant,et,0.9517234623172144
significant,major,0.9517036316487091
significant,categories,0.9516304985355043
significant,future,0.951624226586801
significant,management,0.9512068697981257
solutions,problems,0.9717738928282138
solutions,developers,0.9659345477054898
solutions,few,0.9646475566410364
solutions,projects,0.960462037513023
solutions,provide,0.9600367082784802
solutions,project,0.9590453022174081
solutions,related,0.9590057932699012
solutions,propose,0.9586328143028093
solutions,developer,0.9577222545681134
solutions,among,0.9573971571986645
something,places,0.9486532822041174
something,until,0.9448423558543133
something,labelled,0.9441090088350914
something,comment,0.943988057331243
something,serves,0.9424068928453885
something,ecr,0.938676653007225
something,denotes,0.9384544982048375
something,perform,0.9384151866886536
something,mechanism,0.937566118447189
something,empty,0.9371640896647774
spent,complete,0.9325717490026819
spent,minute,0.9320453691420922
spent,low,0.9247821973997388
spent,versus,0.9244087200347406
spent,time,0.9239380277304775
spent,trace,0.923142245801706
spent,precision,0.9221468222747939
spent,spend,0.9209179561510927
spent,below,0.9192981699692331
spent,requirements,0.9188745097510266
sr1,sr3,0.9902106645604569
sr1,sr2,0.9857182767106221
sr1,covered,0.9809495641294483
sr1,sr4,0.969989802476894
sr1,srs,0.9691120389427227
sr1,293,0.964262059031985
sr1,sr,0.9631676406821401
sr1,agile,0.955106350169165
sr1,acceptance,0.9519896241530386
sr1,recurrent,0.9480094835804769
stages,related,0.9602097975059296
stages,ones,0.9589171056067898
stages,however,0.9585052749158962
stages,help,0.9571429777141289
stages,questions,0.9565579323976677
stages,above,0.9555334241225653
stages,importance,0.9552342984412274
stages,below,0.9541755811954221
stages,speci,0.9540282018705404
stages,users,0.9539031022168274
stroulia,liu,0.983364112091734
stroulia,predicting,0.9672320276449575
stroulia,ieee,0.9586863071524363
stroulia,volume,0.9580731202608836
stroulia,german,0.9574190366323884
stroulia,computer,0.9546268794358596
stroulia,july,0.952600213492459
stroulia,science,0.9520916846510905
stroulia,k,0.952047325791524
stroulia,2000,0.949564159899146
structured,potential,0.9545200873563413
structured,four,0.9542530096697155
structured,their,0.9512727273496409
structured,dif,0.9502385231397883
structured,what,0.9501460520565985
structured,help,0.9495908688852799
structured,can,0.949354768484367
structured,these,0.9488818555143731
structured,compared,0.9487288589234112
structured,how,0.9479154402857203
style,pmd,0.9486846507496092
style,submit,0.9465407031726167
style,view,0.9454840414841175
style,contain,0.9443212229797551
style,examine,0.938647265320663
style,visible,0.9383409085950918
style,written,0.9383327532479037
style,followed,0.9377503252697331
style,unit,0.937208673707584
style,dent,0.9358173515155441
ta,mozilla,0.9563930282599966
ta,91,0.9537717741473106
ta,later,0.9498254931646668
ta,x,0.946736864151319
ta,xed,0.9458012073267603
ta,link,0.9444650187328498
ta,links,0.9435166097261013
ta,con,0.9401630629280042
ta,xes,0.939862062030459
ta,dence,0.9385227631392413
target,teams,0.9599713611636629
target,questions,0.9571496331521262
target,evidence,0.9563052861371879
target,amount,0.9561687095054698
target,seen,0.9553089173468869
target,studies,0.954516749295668
target,related,0.9543282063016533
target,below,0.9518028592253016
target,topics,0.9515316706812593
target,importance,0.9512142775025211
thing,also,0.9600496326931869
thing,seen,0.9595871426887397
thing,can,0.9586634052092363
thing,who,0.9571671496422058
thing,they,0.9567431825477457
thing,related,0.9564511387626521
thing,work,0.9564188144918344
thing,just,0.9562799555415065
thing,it,0.9561640046204296
thing,results,0.9558611594090504
tories,may,0.87027681097628
tories,563,0.868793066312026
tories,572,0.8679660450156457
tories,2004,0.8599103020081781
tories,28,0.8553699061600342
tories,kingdom,0.854355737195649
tories,edinburgh,0.8542559449552403
tories,united,0.8542101328627639
tories,ies,0.8531428367722683
tories,engineering,0.8518059512084656
ture,information,0.934616650206473
ture,was,0.928766105368369
ture,a,0.9279411262021583
ture,our,0.9261903666715574
ture,and,0.9245120462144274
ture,an,0.9244739128362925
ture,i,0.9244289531563304
ture,g,0.9237822241572904
ture,is,0.921878829726559
ture,the,0.921202613610424
twice,classes,0.9495838145897999
twice,500,0.9460253647468823
twice,thus,0.9456856215292189
twice,parts,0.9440711171029743
twice,again,0.9427580003678833
twice,ap,0.942198684417089
twice,where,0.940978651809288
twice,move,0.9402993882833204
twice,together,0.9402773725520381
twice,introduced,0.939360304050947
varying,first,0.9668715266380681
varying,about,0.9667076941501414
varying,also,0.9655830782229738
varying,these,0.965493568755105
varying,most,0.9653040515267493
varying,from,0.9651639424640348
varying,than,0.9648608561447554
varying,different,0.9647903758769976
varying,their,0.9645914389716017
varying,it,0.9644231991598637
whenever,changed,0.9460528461287179
whenever,addition,0.9453114439451561
whenever,reported,0.944294709600815
whenever,x,0.9432578282618793
whenever,average,0.9424132487146917
whenever,later,0.9416382479505365
whenever,function,0.9409645262571049
whenever,times,0.9396238267672268
whenever,change,0.9395473183792789
whenever,marked,0.9389855241247369
window,sliding,0.9764785992654981
window,transaction,0.9506298271699798
window,worked,0.9464170673463018
window,grouped,0.9391300619911127
window,log,0.9389380706384689
window,events,0.9374834794432299
window,transactions,0.9362359341420536
window,le,0.9294788643022003
window,les,0.928442747722535
window,original,0.9280830952819732
world,allow,0.9625106119181527
world,success,0.9606793050148041
world,research,0.9604039638692103
world,richer,0.9601051698718754
world,projects,0.959743765101772
world,fully,0.9596910075680419
world,among,0.957386491302101
world,about,0.955607475115084
world,project,0.9550485714010339
world,discovery,0.9535402032638498
worth,long,0.9436610327416904
worth,current,0.9435087216824039
worth,over,0.9431225395187042
worth,updated,0.9425793957409097
worth,cur,0.942277781393233
worth,developers,0.9404690111089407
worth,core,0.9393628578357276
worth,certain,0.9384617839134721
worth,relative,0.9382405096289659
worth,future,0.9380329063354187
133,152,0.9450134679887188
133,141,0.9400097834723129
133,55,0.9173004610946225
133,52,0.9126291804096851
133,3,0.9075426667946375
133,34,0.9062391587286708
133,1,0.9061910595257613
133,211,0.9041078611865065
133,54,0.9039792899629666
133,33,0.9037477114809259
src,freebsd,0.9543899360917198
src,netbsd,0.9529782569585633
src,closer,0.9527634290087356
src,openbsd,0.9494713673488451
src,depicted,0.9458705191065171
src,variants,0.9414731647784312
src,onto,0.9371414493281185
src,logs,0.9319477273669275
src,bsd,0.9307906979524709
src,unix,0.9307655634772288
python,pmd,0.935381217865897
python,bottom,0.9347537161842596
python,written,0.930800530255844
python,features,0.9302909851802355
python,student,0.9296796285269634
python,third,0.9282859505379721
python,space,0.9275690018094611
python,class,0.9265652246389261
python,students,0.9264995465378048
python,characters,0.9264573354722422
y1,y2,1.0000000000000002
y1,localnamemap,0.9904368335789551
y1,globalnamemap,0.9904368335789551
y1,else,0.9649965632965843
y1,counter,0.9626369718213554
y1,declaration,0.9525533736966303
y1,break,0.9453272455089667
y1,sf,0.9435493606677133
y1,maps,0.936825174392258
y1,encounter,0.9349300418511401
y2,y1,1.0000000000000002
y2,localnamemap,0.9904368335789551
y2,globalnamemap,0.9904368335789551
y2,else,0.9649965632965843
y2,counter,0.9626369718213554
y2,declaration,0.9525533736966303
y2,break,0.9453272455089667
y2,sf,0.9435493606677133
y2,maps,0.936825174392258
y2,encounter,0.9349300418511401
tag,todo,0.9858549060996799
tag,please,0.9679149265508734
tag,places,0.9676551912046546
tag,tags,0.9655746878061429
tag,pam,0.9629186264026222
tag,joan,0.9601599718834528
tag,labelled,0.9578438068320154
tag,awb,0.9529737508815297
tag,request,0.9528112149370955
tag,sue,0.9527696775906132
160,140,0.8946756109086293
160,157,0.893535724940594
160,45,0.8850514239965905
160,assess,0.879943593387279
160,sensible,0.8773473241921672
160,33,0.8768042842393734
160,32,0.8745247342925095
160,ii,0.874453763356936
160,b,0.8712280889744926
160,1,0.8707268082246187
else,y2,0.9649965632965843
else,y1,0.9649965632965843
else,globalnamemap,0.9627427900006101
else,localnamemap,0.9627427900006101
else,counter,0.9563915994960117
else,sf,0.9506223911928575
else,sb,0.947637734935443
else,declaration,0.9430167496212034
else,late,0.9273176492262911
else,bodies,0.9264918999299481
hipikat,bugzilla,0.9673018721807288
hipikat,link,0.9484250505224834
hipikat,cubrani,0.9482013999739662
hipikat,reports,0.9419811303467598
hipikat,creole,0.9367248082461737
hipikat,archive,0.9350634648312423
hipikat,mozilla,0.9348792761254732
hipikat,murphy,0.9340836370116525
hipikat,bug,0.9326639076627937
hipikat,correlates,0.9304199364585299
ra,say,0.9477047276910404
ra,later,0.9413583580966275
ra,x,0.9340131079083418
ra,average,0.9302145844123291
ra,indicates,0.928444035702771
ra,xed,0.9244689391918508
ra,changed,0.923783117475462
ra,add,0.9237775256540719
ra,inducing,0.9228474132035202
ra,return,0.9223938006380291
hack,sue,0.985095572812364
hack,pam,0.9743019562546501
hack,labelled,0.9735010039926024
hack,joan,0.973344924979604
hack,ecr,0.9680907109104397
hack,places,0.9617087572087363
hack,please,0.960966755502483
hack,todo,0.9520852614083013
hack,self,0.9507130115822826
hack,serves,0.9441549129936367
ruby,sec,0.9303970975287572
ruby,execution,0.9301086883629359
ruby,word,0.9287926020118309
ruby,ief,0.9279522040192191
ruby,around,0.927657217941743
ruby,occurrence,0.9249239647985101
ruby,tf,0.9234081123399773
ruby,document,0.9230458530731072
ruby,consist,0.9207852012783131
ruby,homepage,0.9195483636954698
homepage,sec,0.9501314004801548
homepage,keywords,0.94981120450557
homepage,concept,0.9442144773128636
homepage,around,0.9432085855875979
homepage,keyword,0.94309549733916
homepage,concepts,0.9429662520844879
homepage,term,0.9427555069515167
homepage,restructuring,0.942161535266098
homepage,document,0.9411584915755768
homepage,experience,0.9405085297704521
sequences,predict,0.9485366888801516
sequences,between,0.9477344906836884
sequences,each,0.9473199555411027
sequences,see,0.9467709312532122
sequences,times,0.9460315665261029
sequences,than,0.9445903857004666
sequences,figure,0.9441996896955062
sequences,were,0.9438531391005834
sequences,total,0.9431440981845559
sequences,out,0.9429480868040181
t1,declaration,0.9472727482202801
t1,sb,0.9308869965361872
t1,globalnamemap,0.9304980893278624
t1,localnamemap,0.9304980893278624
t1,sf,0.9294970764330821
t1,ample,0.9287411334332362
t1,y2,0.9284494337246991
t1,y1,0.9284494337246991
t1,else,0.9243348045627413
t1,maps,0.9220271641367668
customer,manufacturing,0.9732672188089672
customer,opportunities,0.9657770698523482
customer,sigma,0.9585707807933723
customer,affecting,0.9567647073578043
customer,six,0.953435714159497
customer,continuous,0.9530685679291262
customer,opportunity,0.9420074835962928
customer,sei,0.9419903828065916
customer,defects,0.9368119092438147
customer,missed,0.9303917176295953
findbugs,warnings,0.9594319588441939
findbugs,tests,0.9580664484517782
findbugs,submission,0.9580485997874415
findbugs,run,0.9570318435976337
findbugs,failed,0.9480793629082589
findbugs,grading,0.9440882448467256
findbugs,visible,0.9352691209142601
findbugs,unit,0.9288512060011191
findbugs,snapshot,0.9282317804240859
findbugs,marmoset,0.9259701998951796
normalized,166,0.969489549202515
normalized,students,0.9646787602759854
normalized,bottom,0.964643133123126
normalized,student,0.9645345839410109
normalized,third,0.960213777751326
normalized,habits,0.9584594632675386
normalized,assignments,0.9547253936026037
normalized,features,0.952115087339574
normalized,grades,0.9448387434904529
normalized,effects,0.9378134775699759
barahona,robles,0.9944782014215844
barahona,gonzalez,0.9941151701002515
barahona,gnome,0.9529490981240156
barahona,portland,0.9455445703876314
barahona,methodology,0.9443546261706602
barahona,mockus,0.9381401795684963
barahona,libre,0.9309513456322834
barahona,applying,0.9271219858983809
barahona,free,0.9256736718266645
barahona,changelog,0.923778557825186
becomes,pre,0.9525153160733122
becomes,terms,0.9494264943640068
becomes,documents,0.9456157743411986
becomes,like,0.9449186581830659
becomes,time,0.9431262807757333
becomes,since,0.9427699141265918
becomes,clear,0.9417564083872358
becomes,language,0.9413104053989483
becomes,extracted,0.9409904818849264
becomes,respectively,0.9405683755219585
final,nal,0.9580378514538893
final,space,0.9494737052071711
final,versus,0.9475484438762634
final,low,0.946518022405797
final,features,0.9446774924025763
final,trace,0.9398428888538061
final,performance,0.9386012092432316
final,exam,0.9366608246659451
final,complete,0.9361339849678433
final,third,0.9359456301221125
lineage,lineages,0.9915975948026057
lineage,genealogies,0.9883148181786825
lineage,carol,0.9777837812018281
lineage,dnsjava,0.9777837812018281
lineage,genealogy,0.9737918590911193
lineage,locally,0.9678032946031
lineage,unfactorable,0.9678032946031
lineage,consistent,0.9668570183464129
lineage,clones,0.9627019696792855
lineage,clone,0.9607617191306008
warning,exceptions,0.9466851392797697
warning,warnings,0.9423037174995488
warning,snapshot,0.9281255598161144
warning,static,0.9254878494647321
warning,test,0.9254510626749737
warning,dent,0.9239450975489283
warning,unit,0.9238824221254718
warning,correlation,0.9225320567362316
warning,stu,0.9210976909755916
warning,lines,0.9209025636254953
wise,vertices,0.9557554383746516
wise,mr,0.9497053464192491
wise,author,0.9327857780123611
wise,revision,0.9296106151827785
wise,authors,0.9293890325332672
wise,mrs,0.9279593745046839
wise,subset,0.9214149556840197
wise,connected,0.9180718858564909
wise,scs,0.9164913941600324
wise,represented,0.9058670978550858
basket,market,0.965010145569974
basket,entity,0.9606669085092314
basket,addressed,0.9564966736269626
basket,modification,0.953410908001703
basket,granularity,0.9474696344613076
basket,pertinent,0.946373492587901
basket,modified,0.9444114930146039
basket,120,0.9430761928972452
basket,association,0.9422660414027799
basket,derive,0.940062164599134
nn,cc,0.912852834212587
nn,ee,0.9006552305805984
nn,op,0.8948923271584974
nn,st,0.8942545668585248
nn,cd,0.8862761487686882
nn,ll,0.8791911247210861
nn,88,0.8757288404742316
nn,ss,0.8719746526322179
nn,45,0.8692129387986565
nn,zimmermann,0.8690259488011511
privacy,identities,0.9741174908016172
privacy,actors,0.9738049410247452
privacy,persons,0.9701668739828535
privacy,actor,0.9690370055209302
privacy,person,0.9608393432989657
privacy,identity,0.9596985665490166
privacy,veri,0.9349623348335827
privacy,matches,0.9335150669176002
privacy,linking,0.9244025074125033
privacy,reposito,0.9226088064742886
subjects,face,0.946017241950819
subjects,get,0.941595569139368
subjects,make,0.938605738512686
subjects,asking,0.9382734889762088
subjects,conduct,0.9357737424683139
subjects,because,0.9353739960275772
subjects,limitations,0.934655113486546
subjects,researchers,0.9338704258282173
subjects,built,0.9336160326562815
subjects,research,0.9335906740390426
workers,imagefetcher,0.9632752940453819
workers,evolvability,0.9510502867358834
workers,refac,0.9505321403223566
workers,smell,0.9447940392717193
workers,couplings,0.944337338892769
workers,refactored,0.9397664769835452
workers,situation,0.939031980121249
workers,appropriate,0.9385881667241247
workers,classes,0.9367901432048229
workers,refactorings,0.9363299093159068
affected,exact,0.9391005041034527
affected,down,0.9359701297113291
affected,discussed,0.933776146539967
affected,generated,0.9337292750904613
affected,components,0.9318221165667924
affected,output,0.9304081939218054
affected,following,0.9299470195423691
affected,nature,0.9297202331886677
affected,described,0.928435253000285
affected,correct,0.9242625732025258
ag,f,0.9361697206829642
ag,g,0.933814091138816
ag,and,0.9323148896301259
ag,a,0.9316908596108466
ag,k,0.9291790788469667
ag,for,0.9286345164101815
ag,i,0.927779204144124
ag,ing,0.9276186186726131
ag,o,0.9271772174554058
ag,small,0.9271178556655635
density,item,0.9541004984530777
density,aggregate,0.9471588326626221
density,elds,0.9270147694157953
density,statistics,0.9192317746478171
density,rmed,0.9179797468175217
density,enums,0.9169508340112761
density,values,0.9154256241909784
density,union,0.9146798238502294
density,tree,0.9143109498650805
density,gated,0.9121041233929028
df,weight,0.9490732803156271
df,cktf,0.944494992934712
df,occurrences,0.9388596202567508
df,term,0.9374845202802906
df,guages,0.9366343617044806
df,tf,0.9356596122598555
df,lan,0.9339175373492702
df,grouping,0.9329372332612256
df,idf,0.9322282206585113
df,word,0.9315347393585102
euclidean,cepstra,0.9777498099634048
euclidean,lpc,0.966801745659705
euclidean,series,0.9602742700046878
euclidean,cepstrum,0.9582959597241683
euclidean,distance,0.9479749326607603
euclidean,signals,0.9472987383032714
euclidean,coefficients,0.9460478362758697
euclidean,spectral,0.945833294502998
euclidean,recognition,0.9448027055599766
euclidean,deemed,0.9429217820074833
lexical,variants,0.9592812073441819
lexical,netbsd,0.947040060523751
lexical,logs,0.9441888936421683
lexical,bsd,0.9433008985064641
lexical,freebsd,0.9403518850542687
lexical,indexing,0.9361851121030109
lexical,openbsd,0.9338115144285806
lexical,respect,0.9323845943160454
lexical,onto,0.9311487630582369
lexical,variant,0.9266992576028519
proportion,mrs,0.9499902480088818
proportion,mr,0.9272680656699313
proportion,scql,0.9184085367912564
proportion,author,0.9124915279006862
proportion,query,0.9098136723882698
proportion,want,0.9089895998351107
proportion,element,0.9088626697412499
proportion,authors,0.9079447925124207
proportion,perl,0.9042514786132286
proportion,counts,0.9040026881753681
tags,todo,0.9683936971838234
tags,request,0.9662804813852555
tags,tag,0.9655746878061429
tags,comment,0.9651306793541294
tags,awb,0.9651067057943552
tags,places,0.9639643811103922
tags,joan,0.9623449430770469
tags,pam,0.9615340192118241
tags,labelled,0.960939459684522
tags,sue,0.9580900903279757
template,snippets,0.9621149369526015
template,clone,0.9597571851660877
template,copied,0.9583070343951012
template,nealogy,0.9580082272966828
template,paste,0.9571803739081105
template,clones,0.9564887864710019
template,cloning,0.954277924005398
template,programmers,0.9501591762121588
template,consistently,0.9486085178290805
template,genealogy,0.9472291761262885
105,scale,0.9440493902966867
105,applying,0.9423019605791308
105,application,0.9399058632333042
105,similarity,0.9385257077410761
105,k,0.9347831042511703
105,graphs,0.9341925030678445
105,32,0.9332334049268324
105,comparing,0.9327769920170514
105,less,0.9319057310392651
105,b,0.9318781068632335
2014,tertiary,0.9757453133655238
2014,2015,0.974540509138244
2014,2011,0.97242582934719
2014,soares,0.9693542883478106
2014,silva,0.9632400342196129
2014,da,0.9632400342196129
2014,10th,0.9444576776675744
2014,practitioners,0.9272708490659103
2014,stackexchange,0.9237598052944771
2014,review,0.922264547237394
53,short,0.9410717906751538
53,b,0.9379918251633963
53,less,0.9362089532332598
53,32,0.9359966022433945
53,37,0.9322086457169858
53,100,0.9321688701977218
53,43,0.9302255790725804
53,38,0.9300674406068254
53,i,0.9288794693224628
53,three,0.9285370914966857
97,2000,0.9514800061012281
97,l,0.9462390661748599
97,i,0.9451151543783834
97,2001,0.945070306137509
97,e,0.9446411599248448
97,march,0.9442210693498461
97,b,0.944216585394575
97,g,0.9436721864541706
97,ing,0.9436530192635358
97,k,0.9430870893313159
architectures,candidates,0.9664312312461474
architectures,apply,0.9577150524494807
architectures,through,0.951681085473487
architectures,often,0.9515949061262834
architectures,contain,0.9502107056313602
architectures,tion,0.9491761411114046
architectures,describing,0.9489566694626921
architectures,point,0.9487427347775206
architectures,et,0.9487007487342014
architectures,investigate,0.9484124541237275
assessing,solve,0.9558429340176775
assessing,extent,0.9531850169808704
assessing,studies,0.9510742456710339
assessing,focused,0.9485703320584901
assessing,questions,0.9466022527095126
assessing,answers,0.9444176067416848
assessing,posted,0.944304615980528
assessing,practitioners,0.9432400282369819
assessing,testing,0.9429662976416759
assessing,technical,0.9417123562022777
came,dataset,0.9562647536744904
came,along,0.9447257102711921
came,complete,0.9439683813547881
came,second,0.9434692051269222
came,any,0.9427186698272979
came,who,0.941933545611789
came,should,0.9387198696277084
came,requirements,0.9383144793850562
came,low,0.9382507002163472
came,however,0.9380477358512596
compiler,since,0.9466387716083193
compiler,experience,0.9417239936634725
compiler,selected,0.9400022377294772
compiler,table,0.9384201944115544
compiler,section,0.9383978307263432
compiler,thus,0.9382298321352689
compiler,are,0.9382137794896801
compiler,we,0.9381342139182385
compiler,method,0.9378448679395397
compiler,shows,0.9371549709121924
comprehensive,analyses,0.9654611733009977
comprehensive,researchers,0.965106008851886
comprehensive,researcher,0.9614097277372059
comprehensive,conduct,0.9569939548193283
comprehensive,collection,0.9566364450041652
comprehensive,develop,0.95333382111559
comprehensive,collected,0.9533053894892769
comprehensive,rich,0.9530883993937469
comprehensive,research,0.9508704638392111
comprehensive,designed,0.9505165952362895
continuous,sigma,0.9847324655574317
continuous,dmaic,0.9799625620053637
continuous,gqm,0.9732206150115572
continuous,cmmi,0.9727678670164482
continuous,sei,0.9707628722014269
continuous,manufacturing,0.9699439098105835
continuous,opportunities,0.9672395398970122
continuous,six,0.9635513252267326
continuous,business,0.9566596364261555
continuous,affecting,0.9553731175951146
converted,deleted,0.9507596920182992
converted,changed,0.9489920540223107
converted,programs,0.9472294534146498
converted,versions,0.9420158346244161
converted,prototype,0.9417877666625303
converted,change,0.9412060562686109
converted,update,0.9379100016877917
converted,observed,0.9373775061960988
converted,whose,0.9368742659918079
converted,diff,0.9367689386149523
datasets,floss,0.9777804834414003
datasets,collection,0.9730661554768629
datasets,analyses,0.9668016616879838
datasets,conduct,0.9619713918793352
datasets,traceable,0.9598296068380417
datasets,researcher,0.9589745678508044
datasets,reproducible,0.9576918651603867
datasets,academic,0.9576168754482173
datasets,publication,0.9571393321006785
datasets,comparable,0.9561910326863929
decide,automatically,0.949115222427904
decide,similar,0.9472744726765531
decide,consider,0.945932961142816
decide,short,0.9457326153605028
decide,log,0.9440872757693146
decide,thus,0.9430589833071528
decide,programmers,0.9429018564585006
decide,because,0.9423295871889552
decide,if,0.942208218377461
decide,when,0.9420670508790905
declaration,y1,0.9525533736966303
declaration,y2,0.9525533736966303
declaration,localnamemap,0.9515619717939567
declaration,globalnamemap,0.9515619717939567
declaration,t1,0.9472727482202801
declaration,else,0.9430167496212034
declaration,sb,0.942993898631123
declaration,counter,0.9373153286336502
declaration,break,0.9370010778113542
declaration,encounter,0.9361973367502473
descriptive,supports,0.9634606380774737
descriptive,research,0.9596421647332511
descriptive,so,0.9582204927357572
descriptive,about,0.9580908219366411
descriptive,understand,0.9569300355989803
descriptive,both,0.9568413401687045
descriptive,general,0.9560684876181109
descriptive,although,0.9558691342021819
descriptive,provide,0.9557834570406699
descriptive,also,0.9556101263169225
direction,tasks,0.940876157603489
direction,section,0.94031175551068
direction,task,0.9396355638751841
direction,meta,0.9393971358595838
direction,outline,0.9371729859685235
direction,scope,0.934049440408826
direction,contain,0.9338716291232105
direction,textual,0.9317602439747523
direction,etc,0.9313433825177334
direction,being,0.9308637815416273
discovering,technologies,0.9554223789195371
discovering,effort,0.9504067709225714
discovering,artifact,0.9440145757708706
discovering,artifacts,0.9436444425812622
discovering,aim,0.9434605689177086
discovering,processing,0.9419805764940699
discovering,metrics,0.9407155518216592
discovering,approaches,0.9390236623113324
discovering,complexity,0.9373158180526264
discovering,existing,0.9359642274088215
documented,designed,0.9569253988389781
documented,analyses,0.9532851720145856
documented,research,0.9521069082027044
documented,researchers,0.9514979466764213
documented,face,0.950223333558546
documented,provide,0.9498253974782718
documented,collection,0.9497373148192721
documented,project,0.9496630132298094
documented,store,0.9495472957933007
documented,gather,0.9488151279852146
duplicated,paste,0.9673514144630684
duplicated,clone,0.954948337019002
duplicated,programmers,0.9545292610956351
duplicated,duplication,0.9521659550864263
duplicated,snippets,0.9494218852938341
duplicated,remove,0.9469075341482831
duplicated,consistently,0.9460564230739348
duplicated,editing,0.9458934332570887
duplicated,token,0.9442218483300941
duplicated,ccfinder,0.9440037469452164
excluded,classi,0.9404390561323323
excluded,conducted,0.9362609014206476
excluded,selected,0.9320062373516733
excluded,evidence,0.9313675013318301
excluded,testing,0.9305950237547789
excluded,remaining,0.930474473116957
excluded,cover,0.9302985204538468
excluded,search,0.9291004898054579
excluded,method,0.9286768787262338
excluded,achieve,0.9280168262732522
formally,created,0.9609686615124795
formally,create,0.9609325938079771
formally,built,0.9609018212647449
formally,relationships,0.9586068058740176
formally,model,0.9561563813703065
formally,di,0.9560125223263827
formally,erent,0.9548204455159646
formally,maintain,0.9534709062481013
formally,they,0.9517612336162087
formally,main,0.9508905156127744
gutwin,schneider,0.9752556894890838
gutwin,awareness,0.9687471555857294
gutwin,supported,0.9557660409275459
gutwin,technology,0.9549031009640403
gutwin,computer,0.952118114588483
gutwin,cooperative,0.951826376635527
gutwin,science,0.9517745196701476
gutwin,25th,0.9458250783970132
gutwin,journal,0.9446388211765827
gutwin,through,0.9436291772365052
header,sity,0.9693114960238192
header,den,0.9663122095991861
header,branches,0.9660914317737055
header,gated,0.9653568533907609
header,aggregate,0.9424245678957539
header,include,0.9298894114195349
header,ide,0.9248847516769367
header,whose,0.9228931830928324
header,deleted,0.9226509873975121
header,deletions,0.9218202094314252
identification,addition,0.9549582133090226
identification,modified,0.954423948562046
identification,observed,0.9537445073242998
identification,changed,0.9527272330062597
identification,kind,0.9511472703808624
identification,common,0.951087071290081
identification,change,0.9508398419692644
identification,2nd,0.9487782077206468
identification,identifying,0.9477572057897674
identification,kinds,0.9463125250758191
induce,mozilla,0.969250457591431
induce,week,0.969183375721111
induce,day,0.9657546118099847
induce,inducing,0.9618183556021911
induce,xes,0.9577252577844134
induce,later,0.955005897927832
induce,x,0.9548202484158457
induce,indicated,0.949186553016282
induce,archive,0.9427025948158186
induce,investigation,0.94250470111361
input,task,0.9395149512556601
input,separate,0.9375451537995378
input,contain,0.9372811829610552
input,eclipse,0.9368706790363224
input,describing,0.9366154461947429
input,comment,0.9364057294821753
input,uses,0.9363042328050499
input,point,0.9341319145658504
input,com,0.9333216549081482
input,meta,0.9327760977035515
item,aggregate,0.9646029249248789
item,density,0.9541004984530777
item,enums,0.9498938614145841
item,union,0.9453775829332938
item,struct,0.9404912811071541
item,typedefs,0.9402052797544159
item,tree,0.933301188611185
item,elds,0.9310085661044365
item,preserving,0.9240754993348911
item,additions,0.9236038183584976
joint,was,0.9479300719200467
joint,features,0.9466569548493022
joint,third,0.9459034774980201
joint,our,0.9448691684367652
joint,i,0.9437934752911058
joint,information,0.9434160626529567
joint,much,0.9418298493814052
joint,into,0.9406071080732681
joint,work,0.9404833770739107
joint,single,0.9404278857449181
managers,intent,0.9607250903588658
managers,needs,0.9558713832073087
managers,users,0.9539997646706926
managers,answers,0.9534630255067653
managers,help,0.9508182965558478
managers,recommendations,0.9485720059045084
managers,answer,0.9484772805567251
managers,tools,0.9477925166463097
managers,ask,0.9469246169629955
managers,knowing,0.9468176942928579
organization,productivity,0.9392609090526958
organization,measurement,0.9367491609998748
organization,theory,0.9361538520145944
organization,teams,0.9319426309259784
organization,management,0.9318130967851601
organization,ad,0.929891894727581
organization,effort,0.9286934767468633
organization,ideal,0.9283680565277277
organization,opportunity,0.9282831847800366
organization,perspective,0.9278078661340229
paths,subversion,0.956733759012067
paths,signature,0.9554330340109212
paths,eight,0.9535583633683815
paths,sequence,0.9431158338746581
paths,observed,0.9409244824975085
paths,signatures,0.9408408488047939
paths,ordering,0.9399625846694857
paths,kind,0.9391001505939973
paths,common,0.9384692289425985
paths,kinds,0.9361049179614008
perl,selecting,0.9286349146593474
perl,server,0.9268278590429515
perl,projects,0.9209670535874028
perl,attributes,0.9188398045017485
perl,applying,0.9180289995078983
perl,means,0.917467894176292
perl,want,0.9153919670133613
perl,directly,0.9151289359688521
perl,collected,0.9150187468634936
perl,table,0.9137714944769526
phenomena,evolving,0.9505548650461118
phenomena,distortion,0.9463102031731918
phenomena,evolutions,0.9452717874021632
phenomena,technologies,0.9410348554063008
phenomena,starting,0.9406678169784901
phenomena,representations,0.9402272532353158
phenomena,measures,0.9399658197047658
phenomena,step,0.9386530903317702
phenomena,artifact,0.9379284567545064
phenomena,effort,0.9354289162039789
proven,key,0.9460890790191332
proven,machine,0.9439446477838849
proven,term,0.9434333758534128
proven,concepts,0.9433921268714156
proven,ers,0.9423066777467533
proven,concept,0.941988370031076
proven,quite,0.9413296135614826
proven,great,0.9397439425195897
proven,keywords,0.9380895578363444
proven,suggests,0.9366879603795144
referenced,netbsd,0.9609793645328188
referenced,openbsd,0.9600363252008319
referenced,freebsd,0.9572393942256572
referenced,logs,0.9510903469186374
referenced,variant,0.933413257859447
referenced,variants,0.9331719424221475
referenced,trend,0.9329904303525232
referenced,sub,0.931969377597329
referenced,linux,0.9290558101455211
referenced,branch,0.9284478727768241
referred,revealed,0.9605192892233364
referred,parts,0.9575641632202221
referred,change,0.9554061457603396
referred,changed,0.9523889436775159
referred,introduced,0.9494817888021483
referred,versions,0.9469676558527822
referred,cause,0.9448282460601483
referred,observed,0.9439952055965237
referred,common,0.9438919684204394
referred,internal,0.9435683121945724
remaining,classi,0.9472830429361137
remaining,cover,0.9432491541361385
remaining,ones,0.9421014111343171
remaining,ve,0.9403504757196322
remaining,means,0.9397914905636514
remaining,selected,0.9389195299046535
remaining,questions,0.9383206588345478
remaining,answers,0.9367751027839195
remaining,table,0.9365193560806744
remaining,search,0.9361779216754306
senior,precision,0.9785611080561134
senior,recall,0.9772714340890898
senior,analysts,0.972703933638706
senior,tracing,0.9712866561723033
senior,modis,0.9707930251450534
senior,trace,0.9699912004076157
senior,analyst,0.9671006188249437
senior,familiar,0.963465214004612
senior,candidate,0.9626517638410376
senior,pilot,0.9574993670565903
sensible,assess,0.95988172390275
sensible,conducted,0.9494166353657748
sensible,deemed,0.940632121010079
sensible,pairs,0.9391317347363322
sensible,threshold,0.9296654421322472
sensible,sets,0.9290739408936091
sensible,pair,0.9279104517044303
sensible,selected,0.9237412961078924
sensible,considered,0.923595669484708
sensible,application,0.9232826046837632
sizes,100,0.9397427763796351
sizes,37,0.9337966821497499
sizes,55,0.9273524587754863
sizes,shows,0.9247573366444202
sizes,distribution,0.9240309896486034
sizes,total,0.9228195534913786
sizes,presents,0.9223483408185756
sizes,means,0.9218720437292057
sizes,three,0.9209849125523644
sizes,trend,0.9207103382082071
smith,programmers,0.9528014549556678
smith,poor,0.9505515447900263
smith,design,0.9504797689945059
smith,orts,0.9494805211592823
smith,improves,0.9491993308323973
smith,extreme,0.9484487576591576
smith,core,0.9462773463052461
smith,best,0.9443881057533767
smith,decisions,0.9443003904233425
smith,refactoring,0.9434901886376126
specifically,usage,0.9640808882371388
specifically,patterns,0.9542867569661215
specifically,called,0.9522302708092079
specifically,instances,0.9512145473242057
specifically,pattern,0.950906025411461
specifically,sites,0.9506027847016698
specifically,find,0.9465524621906047
specifically,specific,0.945448754947736
specifically,involved,0.9424524216615237
specifically,determine,0.9410627260698057
viewer,dirent,0.9629553111404141
viewer,fat12,0.9604259458552509
viewer,cktf,0.9584016995637314
viewer,idf,0.9580760829155259
viewer,tf,0.9577128290268013
viewer,udos,0.9528912345496897
viewer,root,0.9516674594441453
viewer,grouping,0.9502043465779721
viewer,word,0.9501758403544736
viewer,ief,0.9499405379365925
wcre,icsm,0.9651162807830561
wcre,murphy,0.9449161768629453
wcre,2000,0.9404961133529075
wcre,manual,0.9389285776481727
wcre,detecting,0.9386759085950845
wcre,improving,0.936751098792758
wcre,canada,0.9341333683225783
wcre,programmers,0.93404927898704
wcre,detection,0.9340284506243446
wcre,operating,0.9340140252514115
white,underlying,0.9536821541262246
white,etc,0.9531055383232518
white,use,0.9522105882384819
white,such,0.9517874140434042
white,can,0.9516008488962538
white,analyzing,0.9504527188236911
white,work,0.94994934278787
white,large,0.9496805220151703
white,be,0.9486999958140669
white,part,0.9486964916730194
xml,format,0.9635811607384854
xml,report,0.9540268853990252
xml,such,0.9534300094459041
xml,database,0.9534222643080645
xml,categories,0.9532622109261859
xml,these,0.9530608386423551
xml,been,0.9524977767822635
xml,large,0.9524664449777411
xml,identify,0.9522767331623114
xml,need,0.9521713167176482
108,to,0.950371779617631
108,03,0.9476138385135416
108,version,0.942645719992308
108,fischer,0.9415658956850566
108,gerber,0.9413712918105901
108,wei,0.9404825003525372
108,s,0.9393685327627173
108,september,0.9384839361380013
108,zimmermann,0.9380002828106002
108,mining,0.9378337296005306
109,assumption,0.9552063070438979
109,similarly,0.9414963209532706
109,manual,0.9340885231884759
109,programmers,0.9336053812822755
109,clone,0.9322636752707377
109,remove,0.9318198169557387
109,changed,0.9315911816997514
109,removed,0.9312020124657833
109,trans,0.929440399335097
109,consistently,0.9293562624083943
664,675,0.9976618684288422
664,1977,0.9965491935530468
664,tu,0.9915897209235726
664,godfrey,0.9826565919257017
664,integrated,0.9767503981187096
664,studying,0.9660782174257108
664,architectural,0.9627572701521778
664,intl,0.9481614967586092
664,q,0.9465018814554571
664,comprehension,0.9288562100444182
89,ab,0.9502780471664076
89,aa,0.9502780471664076
89,bb,0.9502780471664076
89,88,0.9361253387583726
89,44,0.9321230684616877
89,cc,0.9278362354119434
89,ee,0.9249973698706155
89,66,0.9204542362391888
89,29,0.911598766906929
89,18,0.9068702742652044
achieved,achieve,0.9503520690591002
achieved,measure,0.9414386438402758
achieved,good,0.9392245016628733
achieved,quality,0.9373809500061163
achieved,steps,0.9371620930544621
achieved,six,0.9334729559350576
achieved,performance,0.9330619744179022
achieved,experience,0.9328488397414761
achieved,key,0.9326846161858136
achieved,produced,0.9323020579713132
ages,5,0.8240860118059758
ages,2004,0.8153783474336027
ages,october,0.812148330164322
ages,bc,0.8021239114297147
ages,may,0.7969832784944575
ages,28,0.7948628297024168
ages,ay,0.7888504459541176
ages,vancouver,0.7885770150509132
ages,y,0.7871918223952412
ages,572,0.787170025654848
agged,motion,1.0000000000000002
agged,conservative,0.9682161450219127
agged,preserving,0.9653955497102598
agged,indication,0.9508525978550292
agged,bijection,0.9491764387865377
agged,semantics,0.9467776361882965
agged,ast,0.9377636439970279
agged,renamings,0.9358081931105311
agged,body,0.9348001529517587
agged,deletions,0.9336595733468924
aggregate,item,0.9646029249248789
aggregate,enums,0.9475876326317075
aggregate,density,0.9471588326626221
aggregate,union,0.9440493805838577
aggregate,header,0.9424245678957539
aggregate,tree,0.9380020835607072
aggregate,struct,0.93783785864032
aggregate,elds,0.9356359568353789
aggregate,branches,0.9335466919433987
aggregate,additions,0.9324472124009251
asking,manager,0.9419014362086321
asking,own,0.9388980174992589
asking,researchers,0.9387064811549244
asking,help,0.9386236607295515
asking,subjects,0.9382734889762088
asking,methods,0.9382268215312903
asking,question,0.9381685014889654
asking,web,0.9376926937279517
asking,believe,0.9374092173461472
asking,possibly,0.9372423883681364
associate,relationships,0.9537399218467397
associate,associated,0.9477638865587356
associate,developer,0.946701158727452
associate,represented,0.9430456542529531
associate,example,0.942845282493135
associate,into,0.942807872566067
associate,developers,0.9427447442837804
associate,only,0.9410347873732583
associate,erent,0.9407482563662339
associate,such,0.9403513955300271
ated,records,0.9603584369815054
ated,history,0.9556280978069547
ated,commit,0.9540931301196064
ated,record,0.9504052206316523
ated,provides,0.9499282775481219
ated,et,0.9476792231246978
ated,during,0.9469927839591352
ated,several,0.9466641776150171
ated,they,0.9459156325581336
ated,identify,0.9452934477369619
ational,tional,0.9929619659825452
ational,nternational,0.9916025556572974
ational,rnational,0.9915144842289396
ational,ternational,0.9814633098612175
ational,ernational,0.9789928857299366
ational,onal,0.9738605947599335
ational,ional,0.9733868594551546
ational,national,0.962712372795609
ational,oceedings,0.9466106119334827
ational,onference,0.9364252505927995
ations,local,0.9249359191028914
ations,foo,0.9036362420427484
ations,names,0.9011393123457467
ations,form,0.9004466405055129
ations,vari,0.8998985818221494
ations,python,0.8995474294045696
ations,count,0.8993126854728528
ations,last,0.899303840593771
ations,nding,0.8985389733433936
ations,two,0.8965524553291706
cal,of,0.9381557130224225
cal,ty,0.932478119697286
cal,l,0.929568709120685
cal,and,0.9249160953635405
cal,n,0.9247729349966981
cal,the,0.924743712745697
cal,in,0.9243240103607175
cal,k,0.9239450343039353
cal,y,0.9235007941536726
cal,ical,0.9224581456964822
california,improving,0.9545431758126812
california,computer,0.9523765610719489
california,management,0.9501403433510884
california,requirements,0.9491787911516376
california,using,0.9455135763782536
california,artifacts,0.9436181029897377
california,canada,0.9425721043046595
california,science,0.9424024076874583
california,under,0.9423579515283116
california,what,0.9421747099029409
cd,cc,0.9541373337194119
cd,ee,0.9511856861687707
cd,aa,0.931907036934551
cd,ab,0.931907036934551
cd,bb,0.931907036934551
cd,ll,0.9027785408576774
cd,89,0.8960530507217228
cd,88,0.8893744739089107
cd,nn,0.8862761487686882
cd,rs,0.8790543754119085
cil,oct,0.9574686629349853
cil,dec,0.9412359186426282
cil,kernel,0.9408417227893722
cil,updating,0.9391271472568101
cil,vsftpd,0.9380924068542231
cil,lifetime,0.934963761472652
cil,bind,0.9343082100227086
cil,jun,0.9342097168713006
cil,sions,0.9331006719834509
cil,ver,0.9298521060319431
cmmi,gqm,0.989823002022401
cmmi,dmaic,0.9869410512307032
cmmi,sigma,0.9728241927857743
cmmi,continuous,0.9727678670164482
cmmi,sei,0.9666985739500695
cmmi,business,0.9607123104751294
cmmi,six,0.9491062864777144
cmmi,opportunities,0.9489496302119604
cmmi,manufacturing,0.9453591261558041
cmmi,theory,0.9437585810192176
cohesion,usefully,0.9804181293087383
cohesion,shed,0.9796675303857995
cohesion,jackson,0.9657630292809761
cohesion,ladd,0.960373762342501
cohesion,light,0.9543211681616103
cohesion,erences,0.953482745449272
cohesion,horwitz,0.9424012693033073
cohesion,coupling,0.9409242624501811
cohesion,variety,0.9395347479856905
cohesion,ects,0.9384940214917965
collecting,practical,0.963560827853685
collecting,floss,0.9607572290347592
collecting,analyses,0.9587146454498865
collecting,collection,0.9560456856753625
collecting,researcher,0.953005416922962
collecting,diversity,0.9487824918304343
collecting,datasets,0.9484720007158187
collecting,comprehensive,0.9484259496061778
collecting,conduct,0.9482096880034936
collecting,designed,0.9474169818039462
compact,representations,0.9722294859704432
compact,signals,0.9626348304540415
compact,cepstrum,0.9603000924086311
compact,lpc,0.9584550368129443
compact,representation,0.9563857271504941
compact,coefficients,0.9544134074636276
compact,recognition,0.948783342821613
compact,spectral,0.947861929819436
compact,evolving,0.9451657802083593
compact,series,0.9445128512561916
comparative,researchers,0.9633505775895079
comparative,analyses,0.9536869700677593
comparative,collection,0.9513989325814067
comparative,research,0.9488139513738334
comparative,allow,0.947247518215237
comparative,scripts,0.9452339035077082
comparative,designed,0.9442383942032455
comparative,indeed,0.9428076798700178
comparative,efforts,0.9422706141173978
comparative,conducted,0.9404928615498724
compatibility,academic,0.9792566730591536
compatibility,floss,0.9772900478322911
compatibility,comparable,0.9762149198205429
compatibility,ossmole,0.9754713479530513
compatibility,traceable,0.9740580889885009
compatibility,reproducible,0.9683044234185066
compatibility,collection,0.9631775732252293
compatibility,analyses,0.962258741739432
compatibility,scripts,0.9542332309996255
compatibility,datasets,0.9477247842953291
compiled,snapshots,0.9409633795415471
compiled,rather,0.9403331305135271
compiled,each,0.9403135156111435
compiled,basic,0.9394724401474658
compiled,having,0.9393885558818567
compiled,than,0.9391780117745013
compiled,summary,0.9390508679838298
compiled,all,0.9384471982107585
compiled,written,0.9381179879984933
compiled,both,0.9381108629168149
concurrent,viewing,0.9526000827514227
concurrent,extract,0.9461526708805746
concurrent,history,0.9426157188279602
concurrent,historical,0.9409157865969127
concurrent,couplings,0.9397594173838788
concurrent,smells,0.9371693246244162
concurrent,external,0.9363485490761518
concurrent,visualization,0.935811474843584
concurrent,implemented,0.9353086615392818
concurrent,parts,0.9347193561794007
conduct,academics,0.9643989378962681
conduct,floss,0.9621150259457291
conduct,datasets,0.9619713918793352
conduct,academic,0.9603228656398672
conduct,collection,0.9577937971570022
conduct,comprehensive,0.9569939548193283
conduct,analyses,0.9564157596696349
conduct,researcher,0.9533790013637272
conduct,traceable,0.9518619372970224
conduct,diversity,0.9486335850899117
continue,detect,0.9519545144903644
continue,cantly,0.9518217558358626
continue,adding,0.9496695758375131
continue,detected,0.9495420675367221
continue,reported,0.9429324141286409
continue,after,0.9428733590108983
continue,previously,0.941077942932464
continue,exception,0.9409081825408933
continue,function,0.940666221103297
continue,functions,0.9404316561040948
cooperative,journal,0.9556120736293139
cooperative,supported,0.9545266898271958
cooperative,25th,0.9542420252475349
cooperative,schneider,0.9531588857599547
cooperative,july,0.9527258878757285
cooperative,gutwin,0.951826376635527
cooperative,visualizing,0.9508507638523065
cooperative,technology,0.9503637356312826
cooperative,holt,0.949298824789699
cooperative,2001,0.9471935587526591
counts,mr,0.9302599979760586
counts,les,0.9298414743092123
counts,author,0.928893461706745
counts,mrs,0.9268550541079141
counts,authors,0.9238568458592327
counts,unique,0.9236606125246736
counts,modi,0.921795557353422
counts,directly,0.9205735174927139
counts,revision,0.9160496484541585
counts,set,0.9141393886399467
critical,supported,0.9402374195642987
critical,studies,0.9385985721652982
critical,work,0.9354355472833267
critical,about,0.9334130496885928
critical,learning,0.933191679924011
critical,large,0.9329622911847446
critical,nov,0.9323895613399724
critical,provide,0.9321672444846822
critical,v,0.9314987107249235
critical,related,0.930942458376358
dates,cial,0.9535557663256682
dates,release,0.9526925337253943
dates,history,0.94483839839573
dates,detection,0.9435463184986462
dates,dependency,0.9419513767792087
dates,different,0.9413735669363635
dates,furthermore,0.9412653765996087
dates,scale,0.9396389227956585
dates,respect,0.9394956746912282
dates,logs,0.9389780503152161
declarations,union,0.9612965253398323
declarations,struct,0.9595454772252625
declarations,prototypes,0.9557979013886844
declarations,typedef,0.9443753741649203
declarations,additions,0.9409745744910873
declarations,trees,0.9384977028144768
declarations,structurally,0.9383539001659712
declarations,sign,0.9362708734216436
declarations,enums,0.9349701946016513
declarations,nitions,0.9348427690670486
dele,sign,0.9590867422090221
dele,dsu,0.9565390918264136
dele,additions,0.9549185793634576
dele,openssh,0.9478990256010822
dele,delete,0.9454509446718005
dele,frequent,0.942797321081791
dele,vari,0.9426868384442744
dele,deletions,0.9426247860879547
dele,grams,0.9423629808095422
dele,prototypes,0.9417177478373866
determining,modified,0.9522259224058944
determining,determine,0.9513975456486894
determining,if,0.9502159733563807
determining,example,0.9501660602835296
determining,addition,0.9498634086914071
determining,modification,0.949685365333956
determining,file,0.9495804598036403
determining,particular,0.9495726477943787
determining,see,0.9494749116082932
determining,via,0.9485936427108687
difficulties,difficult,0.9612997577804403
difficulties,effort,0.9608740219570024
difficulties,analyses,0.9606998152603807
difficulties,collection,0.9546366300091321
difficulties,research,0.9543155142774542
difficulties,designed,0.9527281590709697
difficulties,researchers,0.9513162727362261
difficulties,efforts,0.9511009689140959
difficulties,projects,0.9510759882336932
difficulties,ongoing,0.9498860273980764
dings,oceedings,0.9560477285331961
dings,edings,0.9540487432343859
dings,roceedings,0.9495814813428485
dings,eedings,0.9461891381042626
dings,ceedings,0.9460437440982761
dings,ngs,0.9395139939762789
dings,proceedings,0.9182441248152631
dings,gs,0.9138853212581823
dings,international,0.9123813487017083
dings,national,0.9098755861916799
divided,time,0.9552537073916445
divided,any,0.9540783814689362
divided,way,0.9536438801411836
divided,it,0.9521883208939119
divided,into,0.9521804393700259
divided,their,0.951565184484348
divided,by,0.9510797711425699
divided,order,0.9500435210871816
divided,second,0.9499483597179234
divided,all,0.9497021469062978
empty,comment,0.9552882967351197
empty,labelled,0.9542409410034273
empty,places,0.9519426265653324
empty,todo,0.9493595799323805
empty,please,0.9455575536980099
empty,denotes,0.9449715322601888
empty,until,0.9409741930690991
empty,tags,0.9389418365522906
empty,mechanism,0.9379724383313972
empty,task,0.9377245010503829
environment,describe,0.9520624084361633
environment,management,0.9517634227920113
environment,categories,0.950951707903732
environment,future,0.9476300227955213
environment,focus,0.9426943498804624
environment,need,0.941110031747729
environment,artifacts,0.9409792992673887
environment,past,0.9403775710099636
environment,through,0.9401812198953586
environment,major,0.9400147768613064
ernational,ternational,0.9838353754011094
ernational,nternational,0.9817039331329385
ernational,tional,0.9814566937039491
ernational,rnational,0.9803157099290389
ernational,ational,0.9789928857299366
ernational,ional,0.9662052618931738
ernational,onal,0.9589363434688063
ernational,national,0.9569710568371752
ernational,oceedings,0.9342080663808509
ernational,eedings,0.9328907375920867
ersion,rsion,0.9692839144168763
ersion,changes,0.9542092009939758
ersion,26th,0.9507756793301224
ersion,guide,0.944914416045767
ersion,icse,0.9330653601924226
ersion,engineering,0.9291819923810893
ersion,histories,0.9286000625351938
ersion,conference,0.9261316767158179
ersion,563,0.9242447442490316
ersion,int,0.9238026777043191
evaluating,help,0.9549180593598653
evaluating,recent,0.9515100335684746
evaluating,questions,0.9513299513968454
evaluating,ment,0.9494630282066561
evaluating,speci,0.9482001428632112
evaluating,needs,0.9469969388031887
evaluating,related,0.9453556072132032
evaluating,what,0.9445756302629322
evaluating,users,0.944310406524429
evaluating,stages,0.9441675788662922
exact,components,0.9419541754861467
exact,association,0.9392242883323734
exact,affected,0.9391005041034527
exact,down,0.9308336317003748
exact,along,0.9284399726036644
exact,textual,0.9263526388024033
exact,answer,0.9251162049886813
exact,etc,0.9248731042082852
exact,nature,0.9247392588040014
exact,necessary,0.9242066856869477
examining,recall,0.9525287392212197
examining,nal,0.9518280598557363
examining,precision,0.9511111182383163
examining,analyst,0.9433711507368022
examining,factors,0.9426163824571034
examining,effects,0.942560244838625
examining,trace,0.9402243867756761
examining,matter,0.9385486559692446
examining,space,0.9384506832724175
examining,affect,0.938419149750038
expert,cases,0.9538090714171974
expert,could,0.9535777460497175
expert,some,0.9532576117284173
expert,cation,0.9530855599298653
expert,has,0.952986620734533
expert,can,0.9527368321477517
expert,area,0.9524250750250021
expert,they,0.952219989890233
expert,be,0.9519800291222005
expert,that,0.95177919316969
explains,sions,0.9493904546501492
explains,running,0.9474142149721559
explains,ver,0.9452046029670905
explains,characterize,0.9449232035541884
explains,updating,0.93584501647866
explains,oct,0.9345065837786957
explains,dynamic,0.9290961020440003
explains,concerning,0.9277214545969583
explains,size,0.924726052079692
explains,kernel,0.9211634420762749
exploration,ieee,0.9521896553521558
exploration,questions,0.9491971682151603
exploration,technical,0.9489608141801597
exploration,v,0.9471913904621071
exploration,study,0.9471213760015975
exploration,computer,0.9470569419251709
exploration,testing,0.9459584251222675
exploration,metrics,0.9452083690046963
exploration,help,0.9449340260734762
exploration,management,0.944876025486048
exploring,activities,0.9553798447831625
exploring,knowing,0.9545232802583168
exploring,explored,0.9541810610984783
exploring,relevant,0.9522741725891138
exploring,artifacts,0.9490160497401539
exploring,help,0.9476467805491459
exploring,tools,0.9468001166694504
exploring,large,0.9459125027414373
exploring,research,0.9459050188486218
exploring,past,0.9458640425760209
extractors,concept,0.9596616059691414
extractors,gram,0.9508128713147264
extractors,ers,0.9507556467496912
extractors,mine,0.9489984411560548
extractors,understanding,0.9485214128655703
extractors,keywords,0.9471985256615857
extractors,machine,0.9467661981913005
extractors,concepts,0.9449970449175153
extractors,read,0.9431489796682198
extractors,key,0.9429976946744538
factor,factors,0.9653966937429992
factor,expertise,0.9615184666407599
factor,recall,0.9610530411667022
factor,familiarity,0.9563249802515512
factor,precision,0.9561571425495206
factor,affect,0.9532931097439001
factor,analyst,0.9499710631821112
factor,analysts,0.947459439306324
factor,tracing,0.9465777053279236
factor,establish,0.9458533123218801
familiarity,expertise,0.9613444849924815
familiarity,factor,0.9563249802515512
familiarity,factors,0.9557091753442781
familiarity,recall,0.954566429696059
familiarity,analyst,0.9477291665427747
familiarity,precision,0.9477205753530822
familiarity,right,0.9470715993988061
familiarity,affect,0.9408727476043746
familiarity,pilot,0.9375087981443104
familiarity,matter,0.9370445871783966
ference,onference,0.9721947627975818
ference,nference,0.9704855274542366
ference,ence,0.9567826950823912
ference,rence,0.9317771176620121
ference,2004,0.9302799647080731
ference,engineering,0.9218915801089983
ference,ational,0.9217032418604505
ference,563,0.9211132776991091
ference,572,0.9205741159192309
ference,national,0.9199165702443525
fixes,bugzilla,0.9539902676758318
fixes,archive,0.9525186385195948
fixes,locate,0.9432235267545797
fixes,additionally,0.9423750950903826
fixes,later,0.9394452786849072
fixes,inducing,0.9385684173980944
fixes,sections,0.9380104398880749
fixes,change,0.9356676196158673
fixes,message,0.9333296663554256
fixes,x,0.93292451038128
formals,locals,0.9999999999999999
formals,ast,0.9654752272305019
formals,tree,0.948847027275882
formals,asts,0.9442189896775439
formals,pointers,0.9415739894675327
formals,ladd,0.9368426318192984
formals,algorithm,0.9331553665017734
formals,motion,0.9308406027360848
formals,agged,0.9308406027360848
formals,mismatch,0.9294164104059117
frequencies,average,0.9462711242875622
frequencies,times,0.9429434038003464
frequencies,shows,0.9379173088416555
frequencies,presents,0.9347301172787434
frequencies,x,0.9340146512661868
frequencies,100,0.9339220246453368
frequencies,figure,0.93368671394001
frequencies,between,0.9308827322115624
frequencies,values,0.9302977243085526
frequencies,decreasing,0.930245967771143
front,main,0.9549281042085749
front,repository,0.9525267588971568
front,database,0.951880277238939
front,projects,0.9502341653029969
front,designed,0.95011131802122
front,web,0.9500752026075596
front,across,0.9498353934282067
front,project,0.9494866338954435
front,rather,0.9491403763745861
front,store,0.9441339728660341
fundamental,allows,0.948155844956059
fundamental,first,0.9367530186699058
fundamental,automated,0.9367163642204765
fundamental,applied,0.9360034350201765
fundamental,similar,0.9347505662730253
fundamental,time,0.9344847293708886
fundamental,application,0.9341040651435015
fundamental,well,0.9340104029198828
fundamental,unit,0.9339186015919874
fundamental,believe,0.9330083074917619
generation,understand,0.9470685347786894
generation,will,0.9467400671926209
generation,then,0.9451272346238724
generation,better,0.9404136344915607
generation,also,0.9393463165790739
generation,us,0.9389111014944966
generation,but,0.9383744859228116
generation,both,0.9383315624188809
generation,their,0.9373195495054037
generation,be,0.937310029748929
gle,sin,1.0
gle,reason,0.9427713789637944
gle,track,0.942070350575448
gle,cation,0.9411323275003961
gle,same,0.9398653626158373
gle,example,0.9394565818517535
gle,problem,0.9392130241854126
gle,when,0.938764158224547
gle,introduced,0.9376865286972993
gle,even,0.9371294462898538
gs,ngs,0.9451500144489
gs,oceedings,0.9359019969292772
gs,edings,0.927294093372368
gs,eedings,0.92033684149182
gs,ceedings,0.9192779213977427
gs,roceedings,0.9140047871635034
gs,dings,0.9138853212581823
gs,ational,0.9066170018582321
gs,tional,0.9025070200011276
gs,proceedings,0.9021152303610772
hierarchy,depicted,0.938115628401134
hierarchy,module,0.9366652640939227
hierarchy,modules,0.9365118004227573
hierarchy,strength,0.9343087682555167
hierarchy,picture,0.9282269729013226
hierarchy,sys,0.9279090058581392
hierarchy,interesting,0.9268795971995127
hierarchy,together,0.9262778447153612
hierarchy,nodes,0.9256111843508484
hierarchy,coupling,0.9255848005839559
hu,goal,0.9386929796832486
hu,who,0.938288135200709
hu,needed,0.9347435632726887
hu,why,0.9347179778075356
hu,intent,0.9324753455709696
hu,cases,0.9321423150484109
hu,important,0.9317346604806227
hu,accurate,0.9314986875055686
hu,activities,0.9311463475873607
hu,therefore,0.9305780186550259
implement,range,0.9448824758183261
implement,pose,0.9412791963529428
implement,example,0.9406886333295402
implement,only,0.9373522251156777
implement,take,0.9364887091520573
implement,following,0.9361153496305551
implement,now,0.9353116871244829
implement,demonstrated,0.9345036446207814
implement,such,0.9344717575404936
implement,language,0.9340719370581086
increased,bottlenecks,0.9560607685175415
increased,experience,0.9477073382296397
increased,terms,0.944804938017917
increased,furthermore,0.9400911781727871
increased,effort,0.9391826712317167
increased,cost,0.9387012050608519
increased,large,0.9379457113471384
increased,potential,0.9374316286214667
increased,understanding,0.9369629661667347
increased,proven,0.9365092522476626
index,motivation,0.9467261123292531
index,graph,0.9375989371256541
index,project,0.9367257126150024
index,model,0.9366464661968529
index,projects,0.9365404102540167
index,edges,0.9351602974980826
index,developers,0.934841819541437
index,associated,0.9324064844511066
index,attributes,0.9316140571187497
index,creation,0.9313175422100566
indication,conservative,0.9637169620170514
indication,agged,0.9508525978550292
indication,motion,0.9508525978550292
indication,preserving,0.9473034425093984
indication,deletions,0.943911363809133
indication,additions,0.9408006723674229
indication,body,0.9402109035967554
indication,variables,0.9375689872398203
indication,semantics,0.9339814973645996
indication,had,0.933846389306672
inoue,03,0.9580804138172716
inoue,institute,0.9572536295344958
inoue,matsumoto,0.9565913777268203
inoue,ieee,0.9556952768050591
inoue,1997,0.954297477821963
inoue,september,0.9528187437124578
inoue,march,0.9481794596688551
inoue,august,0.9462419538161994
inoue,k,0.9447289421263796
inoue,mockus,0.9444802399276795
introduces,unfortunately,0.9471536665405733
introduces,research,0.9466662339616045
introduces,collection,0.9395134445040401
introduces,known,0.9384344216572884
introduces,so,0.9380244110862725
introduces,contribute,0.9356370314073885
introduces,mine,0.9351386507980637
introduces,typical,0.9349874407176763
introduces,designed,0.9345039981028037
introduces,practical,0.9342462972322365
invoked,proximity,0.9737762089611266
invoked,usage,0.9664233156879511
invoked,instances,0.9590286279553366
invoked,endpaint,0.9590127754610791
invoked,beginpaint,0.9590127754610791
invoked,pattern,0.9481812120506823
invoked,called,0.944946961255795
invoked,functionality,0.9446416421585064
invoked,conditionally,0.9432768404741203
invoked,conditional,0.9424258674843308
ional,tional,0.9750595016867916
ional,nternational,0.9733943676907721
ional,ational,0.9733868594551546
ional,rnational,0.9728739057636284
ional,ernational,0.9662052618931738
ional,onal,0.9652490521891202
ional,ternational,0.9621873725340866
ional,national,0.9472752366027195
ional,oceedings,0.9315398371915631
ional,onference,0.919667170549725
jun,oct,0.9531303627151657
jun,dec,0.9409449234092078
jun,ver,0.935899470921609
jun,sions,0.9350362908524523
jun,cil,0.9342097168713006
jun,lifetime,0.9253242432834616
jun,largest,0.9188599755522866
jun,size,0.9186206301402211
jun,kernel,0.9160137107789336
jun,linux,0.9120534642416993
knowing,roles,0.9587099969217452
knowing,focus,0.9575909360952752
knowing,help,0.9571100895225184
knowing,past,0.9558470014923899
knowing,activities,0.9553179075363718
knowing,users,0.9545389704680847
knowing,exploring,0.9545232802583168
knowing,tools,0.9539111211939001
knowing,activity,0.9514805576651654
knowing,user,0.9505332663509659
ladd,jackson,0.9922222330642557
ladd,horwitz,0.9775263146155584
ladd,shed,0.9705089699008176
ladd,usefully,0.9638213546385654
ladd,cohesion,0.960373762342501
ladd,pointers,0.9465935256951845
ladd,erences,0.9404025252540467
ladd,locals,0.9368426318192984
ladd,formals,0.9368426318192984
ladd,programs,0.934383407289152
late,break,0.9578888536860943
late,maps,0.9519162424167023
late,encounter,0.9423425965510218
late,declaration,0.9357201271535525
late,y2,0.933706067424923
late,y1,0.933706067424923
late,localnamemap,0.9306057528564906
late,globalnamemap,0.9306057528564906
late,bar,0.9301433814215081
late,bodies,0.9298576759837015
leave,best,0.9497372609422787
leave,however,0.9473306182944787
leave,out,0.9472638561085971
leave,implications,0.9453565252120233
leave,many,0.9450251167161887
leave,not,0.9450024856733474
leave,believe,0.9441038411522972
leave,do,0.9434122613526336
leave,but,0.9433109382947029
leave,should,0.9426629890075516
lecture,notes,0.9784976774744967
lecture,icsm,0.9566906959397494
lecture,sept,0.9520027807653426
lecture,ieee,0.9510051895002773
lecture,principles,0.9506464169828088
lecture,03,0.9482880917464289
lecture,september,0.9467763976304138
lecture,science,0.9428857048878265
lecture,computer,0.9387303178850743
lecture,editor,0.9336445827851814
locals,formals,0.9999999999999999
locals,ast,0.9654752272305019
locals,tree,0.948847027275882
locals,asts,0.9442189896775439
locals,pointers,0.9415739894675327
locals,ladd,0.9368426318192984
locals,algorithm,0.9331553665017734
locals,motion,0.9308406027360848
locals,agged,0.9308406027360848
locals,mismatch,0.9294164104059117
locating,automatically,0.9613409385674234
locating,locate,0.9610222562270561
locating,murphy,0.9578949711230091
locating,consider,0.9574661905813
locating,history,0.9559120450469967
locating,several,0.9547327901604536
locating,programmers,0.9536582824693176
locating,design,0.952653869615574
locating,when,0.9519196554737013
locating,how,0.9507978931826483
looked,real,0.9473971264950756
looked,same,0.9430478699578304
looked,common,0.9414195668225609
looked,corresponding,0.940386950727188
looked,found,0.9377747110680703
looked,track,0.9375322504269029
looked,schema,0.9367061396241959
looked,erent,0.9364163023835168
looked,table,0.9363053227747582
looked,having,0.9362590426576323
lower,above,0.944367761395762
lower,higher,0.9389051761990107
lower,any,0.9386227304647534
lower,given,0.9385523860146069
lower,results,0.9376257458276596
lower,only,0.9375056569472856
lower,there,0.9372269533035116
lower,exhibit,0.9370469705106248
lower,see,0.9370296186310262
lower,it,0.9357664180926879
maintaining,clones,0.9865762116027539
maintaining,genealogy,0.9845131623909529
maintaining,clone,0.9797029203246006
maintaining,snippets,0.9780253141616859
maintaining,impose,0.9768687754449443
maintaining,cloning,0.9727969971205429
maintaining,consistently,0.9725034988928335
maintaining,nealogy,0.9702956152066375
maintaining,grammers,0.9652691474388773
maintaining,paste,0.9603032982181166
majority,solve,0.959997241996456
majority,covered,0.9484981290740533
majority,agile,0.947936218962006
majority,practitioners,0.9477641788568859
majority,topics,0.9466020122106333
majority,srs,0.9408518464511724
majority,effectiveness,0.9371536516941094
majority,target,0.9371459676771784
majority,focused,0.9361994612889859
majority,ndings,0.9342900188383968
matsumoto,inoue,0.9565913777268203
matsumoto,institute,0.9520426073410533
matsumoto,technology,0.9484168847922807
matsumoto,cooperative,0.9408271368006632
matsumoto,25th,0.9393560042711251
matsumoto,03,0.9372860963205374
matsumoto,mockus,0.9367418379103681
matsumoto,gutwin,0.9353634926685663
matsumoto,science,0.9339824928407803
matsumoto,k,0.9338217250569298
michael,department,0.9755357017898212
michael,abstract,0.9619596192715395
michael,maryland,0.9536987108760653
michael,introduction,0.9517247136585473
michael,umd,0.9500128765150989
michael,subject,0.9475710078726035
michael,descriptors,0.9446373314822641
michael,evolves,0.9424329048989077
michael,aspects,0.9404420330575742
michael,answering,0.9401344407494628
ming,e,0.9116238881293064
ming,of,0.9103983322871051
ming,y,0.9101236212758982
ming,ing,0.9096967047078641
ming,with,0.9076906076554783
ming,the,0.907491504321767
ming,l,0.9055558699658732
ming,4,0.9049153606126099
ming,90,0.9043898288853252
ming,g,0.9034403109050468
mostly,when,0.945267728737365
mostly,but,0.9446117188668992
mostly,or,0.9445626995532823
mostly,if,0.9439449178418823
mostly,see,0.9435122829301541
mostly,kinds,0.9432488709394489
mostly,example,0.9432365297538587
mostly,has,0.9430801931575885
mostly,we,0.9425060829667575
mostly,are,0.9423041556812595
motion,agged,1.0000000000000002
motion,conservative,0.9682161450219127
motion,preserving,0.9653955497102598
motion,indication,0.9508525978550292
motion,bijection,0.9491764387865377
motion,semantics,0.9467776361882965
motion,ast,0.9377636439970279
motion,renamings,0.9358081931105311
motion,body,0.9348001529517587
motion,deletions,0.9336595733468924
naming,tool,0.9221430881535018
naming,as,0.9206639192552281
naming,followed,0.9174282054864376
naming,or,0.9164408398296615
naming,us,0.9161117836513188
naming,shown,0.9152233063517877
naming,found,0.9109287693013672
naming,string,0.9100798658711928
naming,con,0.9099162875313345
naming,able,0.9096786714450102
nds,exists,0.9425533217982777
nds,before,0.9277705746871423
nds,author,0.9274717184106451
nds,previous,0.9267599877753583
nds,modi,0.9266654409445574
nds,set,0.9249767956827264
nds,decide,0.9249142908594497
nds,locate,0.9230845703695689
nds,later,0.9183883315524679
nds,file,0.9182328962398504
nealogy,clones,0.9844314085249881
nealogy,snippets,0.9812551617833531
nealogy,genealogy,0.9802979739420786
nealogy,clone,0.9793427783939491
nealogy,cloning,0.9773015896437446
nealogy,maintaining,0.9702956152066375
nealogy,paste,0.9690688400121119
nealogy,consistently,0.9673276883996798
nealogy,copied,0.965520215756472
nealogy,snippet,0.9639413647962733
negative,implementing,0.9448966932083992
negative,long,0.9431060306400925
negative,safe,0.9421164904443062
negative,running,0.9396956968446557
negative,design,0.9377852226073071
negative,over,0.9366336523193867
negative,cult,0.9354227770803601
negative,updated,0.9350111907710408
negative,tions,0.9302349093720357
negative,show,0.9301703313369318
neither,across,0.9464313278047547
neither,nor,0.9416748897185021
neither,take,0.9413642636454205
neither,both,0.9407519044946289
neither,made,0.9400461423382593
neither,date,0.9399550306763587
neither,database,0.9392605330150721
neither,rst,0.9390238179660939
neither,once,0.938618770723443
neither,individual,0.9376583660162479
nference,onference,0.9913286357584188
nference,ference,0.9704855274542366
nference,ence,0.9556463463307643
nference,tional,0.9317809410224583
nference,nternational,0.9307556232370071
nference,ational,0.9303050632079699
nference,rnational,0.9297102572521854
nference,2004,0.9250799462011905
nference,rence,0.9249802686083599
nference,ternational,0.9246796969746192
ngs,oceedings,0.9584486552849611
ngs,ceedings,0.9541819683403194
ngs,edings,0.9528206730218233
ngs,gs,0.9451500144489
ngs,eedings,0.9442435537216491
ngs,dings,0.9395139939762789
ngs,roceedings,0.9375304602817189
ngs,national,0.9304562735176107
ngs,ational,0.9234974051032117
ngs,proceedings,0.9227932795096686
nternational,rnational,0.9951420325162568
nternational,tional,0.9942498331157886
nternational,ational,0.9916025556572974
nternational,ternational,0.9863609245081523
nternational,ernational,0.9817039331329385
nternational,ional,0.9733943676907721
nternational,onal,0.9704547707966318
nternational,national,0.9640646933248671
nternational,oceedings,0.9416348588119239
nternational,nference,0.9307556232370071
oc,pages,0.9337314951315712
oc,proc,0.925954157967547
oc,on,0.9258789782852915
oc,2004,0.9248613524662277
oc,n,0.9228572423637416
oc,conf,0.9222027967270583
oc,c,0.9217357017660757
oc,engineering,0.9215210980247945
oc,software,0.9188489697307427
oc,in,0.9169033620591404
oct,dec,0.965841142003887
oct,sions,0.9585949378123517
oct,cil,0.9574686629349853
oct,ver,0.9564049649270536
oct,jun,0.9531303627151657
oct,kernel,0.9471810680139148
oct,lifetime,0.9388806735880592
oct,size,0.9385339872313425
oct,largest,0.9384988843248652
oct,running,0.9371322949059773
onal,ational,0.9738605947599335
onal,tional,0.9716131427332044
onal,nternational,0.9704547707966318
onal,rnational,0.969771076474632
onal,ional,0.9652490521891202
onal,ternational,0.9611263894739189
onal,ernational,0.9589363434688063
onal,national,0.9435459577408494
onal,oceedings,0.9348694090623106
onal,onference,0.9297279669648146
onference,nference,0.9913286357584188
onference,ference,0.9721947627975818
onference,ence,0.9553268356173348
onference,ational,0.9364252505927995
onference,tional,0.9341139434553158
onference,rnational,0.9330227988775233
onference,nternational,0.930446759012266
onference,onal,0.9297279669648146
onference,2004,0.925981007279286
onference,ternational,0.9253371519983462
ons,5,0.9000213497172045
ons,4,0.8960555597929464
ons,ions,0.8886581954223249
ons,y,0.8804817527773859
ons,of,0.8795490015964929
ons,ns,0.8742339858523698
ons,the,0.8739045601712725
ons,s,0.8725462946121835
ons,ng,0.8711341340903113
ons,and,0.8707429643785767
operations,client,0.9451343683073473
operations,user,0.9426032115701299
operations,supports,0.9398481567775845
operations,terms,0.9391927707567485
operations,provides,0.9383967070546654
operations,german,0.9373329338059352
operations,second,0.9370119439787256
operations,repository,0.936987251109253
operations,ca,0.9368570954280171
operations,data,0.9367808245909249
opposite,similarity,0.9493826026252199
opposite,similar,0.9488230063370842
opposite,cause,0.9446477085947105
opposite,between,0.93925100068493
opposite,well,0.9386534112871243
opposite,where,0.9383987524831919
opposite,complexity,0.9363061790401144
opposite,if,0.9360052327585104
opposite,hand,0.9355913322746883
opposite,often,0.9355786604664724
ories,ies,0.8832872369843636
ories,563,0.8769234049529346
ories,572,0.8766089242533647
ories,may,0.8729666738328707
ories,2004,0.8681061789622679
ories,proceedings,0.8595737839619854
ories,press,0.8593845280395731
ories,conference,0.8569693964008933
ories,engineering,0.8568366109159975
ories,on,0.856508868249619
ort,few,0.9521980720213438
ort,developers,0.9458806101450876
ort,through,0.9425219699707308
ort,project,0.9422455247609441
ort,problems,0.9419019697909194
ort,solutions,0.941651835328952
ort,projects,0.9402875302747533
ort,technology,0.9397050851120818
ort,lot,0.9384988758174087
ort,visualizing,0.937733758328243
outlines,predictors,0.9680415073237765
outlines,behaviour,0.9636788218726295
outlines,statistical,0.9545393724973612
outlines,certainly,0.95398054678435
outlines,wealth,0.9514980611033461
outlines,performance,0.9453506057755378
outlines,features,0.943125135620203
outlines,university,0.9419621932504254
outlines,follow,0.9406636202772154
outlines,various,0.939088289083063
overhead,place,0.9562317376601969
overhead,appropriate,0.9484452600094719
overhead,management,0.9460622370106753
overhead,component,0.9435116021596893
overhead,reduce,0.9423876457221096
overhead,strongly,0.9409642484597798
overhead,create,0.9397409833752977
overhead,artifacts,0.9393076120107742
overhead,introduction,0.9392477235068846
overhead,best,0.938663575490039
pe,tool,0.9384426749241357
pe,tions,0.9347426560128391
pe,implemented,0.9300848654319545
pe,months,0.9293996927926049
pe,or,0.9290339036004993
pe,di,0.9254116077464659
pe,classes,0.9230637617766868
pe,two,0.9222429022479481
pe,together,0.921585983505521
pe,type,0.9213933309616178
pertinent,necessary,0.9607742107969842
pertinent,answer,0.9535075729354638
pertinent,market,0.9523510995778788
pertinent,underlying,0.9488447050394462
pertinent,derive,0.948713801647245
pertinent,basket,0.946373492587901
pertinent,focus,0.9450463242807392
pertinent,approaches,0.9417729852095071
pertinent,examples,0.9397996449819731
pertinent,question,0.9389185163869525
phenomenon,success,0.9550777713492132
phenomenon,free,0.9540464872007448
phenomenon,projects,0.9537522160727652
phenomenon,researchers,0.9537094522749443
phenomenon,rich,0.950607543118186
phenomenon,analyses,0.9492943073016608
phenomenon,research,0.949137786088859
phenomenon,world,0.9489472111068149
phenomenon,richer,0.9486138729494578
phenomenon,fully,0.948238513039126
physical,underlying,0.9450242358793672
physical,etc,0.9414060546246568
physical,extracting,0.9410504362364035
physical,granularity,0.9380621043191005
physical,description,0.9376123858365857
physical,extracted,0.9356058445916984
physical,entities,0.9353603862910782
physical,part,0.9348736605310379
physical,various,0.9336444841677762
physical,examples,0.9336345712813443
pointers,ladd,0.9465935256951845
pointers,formals,0.9415739894675327
pointers,locals,0.9415739894675327
pointers,jackson,0.9405029056088563
pointers,types,0.929500320130609
pointers,uses,0.929415891875536
pointers,semantics,0.9288390120501194
pointers,syntactic,0.9251225626382859
pointers,ast,0.9250102735136805
pointers,parse,0.9243106229179174
poor,extreme,0.9576049852836251
poor,smith,0.9505515447900263
poor,few,0.947876133617864
poor,relationship,0.9469600712952639
poor,problems,0.9424157299102501
poor,believe,0.9403790890315133
poor,certain,0.9390382121039649
poor,part,0.9386859346323615
poor,because,0.9386407856623158
poor,work,0.9383933722831999
populating,fischer,0.973359031025341
populating,september,0.9721974363146639
populating,gall,0.9712151440529664
populating,pinzger,0.9686034464071456
populating,hindle,0.9670582765734399
populating,icsm,0.963958682967204
populating,ieee,0.9613196963240411
populating,german,0.9605392615244979
populating,03,0.9578919523357246
populating,sept,0.9569695655654068
processed,keywords,0.9680702721637842
processed,term,0.9664219152100733
processed,udos,0.9657899004797534
processed,educational,0.9650798088873356
processed,concept,0.9645195785572652
processed,idf,0.9633541876115971
processed,keyword,0.962906943806659
processed,mine,0.9598942585363818
processed,concepts,0.9594026506885213
processed,tf,0.9591871102340896
ram,gcc,0.9563640439032582
ram,sions,0.9290707024233757
ram,average,0.9285415605031736
ram,respectively,0.9282344179582698
ram,ver,0.9265845014584728
ram,takes,0.9252678584475238
ram,long,0.924452089927658
ram,shows,0.9230616188228489
ram,section,0.9227651120314795
ram,running,0.9226096091279858
ratio,increasing,0.9330401968174714
ratio,three,0.932766663792924
ratio,means,0.9263232678508093
ratio,whether,0.9228992636200875
ratio,100,0.9213770046386003
ratio,different,0.9212958022512494
ratio,remaining,0.9212222790834925
ratio,listed,0.920787777586543
ratio,impact,0.9205777255822004
ratio,ones,0.9190911621805912
recommendations,users,0.9499234391959515
recommendations,managers,0.9485720059045084
recommendations,ment,0.94723754256577
recommendations,needs,0.946383639440028
recommendations,help,0.9449082180662443
recommendations,rationale,0.9406952120566958
recommendations,intent,0.9405253035777572
recommendations,tools,0.9403928873741968
recommendations,ask,0.9403443210683677
recommendations,recent,0.9391057589690994
regression,strong,0.9398197110780196
regression,estimate,0.9349456968452003
regression,bottom,0.9324352928110005
regression,features,0.9322032142617259
regression,third,0.9303146004641751
regression,was,0.9297869402683758
regression,class,0.9286949484432516
regression,were,0.927319224306363
regression,out,0.9267336202095292
regression,k,0.9261752498686013
relate,bugzilla,0.957792690267737
relate,reports,0.9523214016892847
relate,bug,0.9488963392448097
relate,cubrani,0.9475905418873418
relate,mozilla,0.9470460501831677
relate,link,0.944529964869733
relate,thus,0.9423442935755246
relate,murphy,0.9407656935996134
relate,x,0.9403588121301598
relate,log,0.9388010359953766
removal,taxonomy,0.9563275937571607
removal,kinds,0.9549125602618479
removal,addition,0.9542161476465876
removal,changed,0.9539135833122193
removal,function,0.9537591842405988
removal,definition,0.9522665852605451
removal,define,0.9508541395655769
removal,observed,0.9505936585851703
removal,deletion,0.9483775966652233
removal,return,0.948231121816395
repeated,best,0.9468964566365147
repeated,must,0.9456064970763534
repeated,way,0.9402843150551127
repeated,issue,0.9402175059872306
repeated,would,0.9398361776279882
repeated,decisions,0.9386950320695213
repeated,should,0.9381864481752775
repeated,also,0.9381130061415526
repeated,individual,0.9380321845875639
repeated,there,0.9379615040445677
rnational,nternational,0.9951420325162568
rnational,tional,0.9934065971591961
rnational,ational,0.9915144842289396
rnational,ternational,0.983233844684656
rnational,ernational,0.9803157099290389
rnational,ional,0.9728739057636284
rnational,onal,0.969771076474632
rnational,national,0.9606386355642582
rnational,oceedings,0.942818225325385
rnational,onference,0.9330227988775233
rsion,ersion,0.9692839144168763
rsion,changes,0.9345620731805291
rsion,26th,0.9288955562136965
rsion,guide,0.9271199875786686
rsion,sion,0.9229712290068938
rsion,engineering,0.9217838791762273
rsion,on,0.9158850139723578
rsion,icse,0.9153133523637287
rsion,software,0.9147525183082722
rsion,histories,0.9143055160421982
seeking,people,0.9586510419632122
seeking,researchers,0.9563438614715929
seeking,efforts,0.9522783700477335
seeking,analyses,0.9509690993329404
seeking,goals,0.9484262026741537
seeking,reducing,0.9468781912883684
seeking,designed,0.9463867349034356
seeking,collecting,0.945718017817957
seeking,theory,0.9450947594493204
seeking,processes,0.9445156700520994
sei,sigma,0.9824747470010442
sei,continuous,0.9707628722014269
sei,cmmi,0.9666985739500695
sei,dmaic,0.964186836543822
sei,gqm,0.963931875801874
sei,manufacturing,0.9620123054703427
sei,six,0.9558741850946799
sei,business,0.9531310482347617
sei,opportunities,0.9509115306001139
sei,customer,0.9419903828065916
serves,labelled,0.9493720764385081
serves,self,0.9489679852023902
serves,hack,0.9441549129936367
serves,places,0.9441345430342902
serves,ecr,0.9439654944207786
serves,something,0.9424068928453885
serves,wrote,0.9381403140554143
serves,pam,0.9366495278216668
serves,ments,0.9346691200817774
serves,comment,0.9346138034553275
sible,reason,0.9556844721626736
sible,several,0.9525527975846564
sible,distribution,0.9489949306100122
sible,structure,0.948046994945686
sible,within,0.9472869241997204
sible,di,0.9462749888334183
sible,been,0.9456901427933386
sible,further,0.9455958305196859
sible,introduced,0.9454693021065417
sible,has,0.9449823052810139
sign,frequent,0.9615476656380256
sign,dele,0.9590867422090221
sign,vary,0.9566123066214525
sign,additions,0.9550539439358058
sign,trees,0.95469802385815
sign,functions,0.9537081895663367
sign,function,0.9512624879895522
sign,programs,0.9507874901564692
sign,versions,0.9506042637566295
sign,nitions,0.9488052861875537
signed,instance,0.9363048231704267
signed,case,0.9346267843526976
signed,another,0.9339111769119363
signed,other,0.9296755173497664
signed,while,0.9294983328411033
signed,name,0.9282386569148413
signed,males,0.9092334051972808
signed,usually,0.9086186410177395
signed,which,0.9077826536701186
signed,country,0.9046137840458097
simply,script,0.9534494499989917
simply,designed,0.9523260155433982
simply,will,0.9505633711876773
simply,research,0.9478523579210225
simply,basic,0.9473033687043388
simply,also,0.947090051064595
simply,allow,0.9456373557465223
simply,should,0.9448395835503952
simply,so,0.94437479457199
simply,analyses,0.9442897088650775
sin,gle,1.0
sin,reason,0.9427713789637944
sin,track,0.942070350575448
sin,cation,0.9411323275003961
sin,same,0.9398653626158373
sin,example,0.9394565818517535
sin,problem,0.9392130241854126
sin,when,0.938764158224547
sin,introduced,0.9376865286972993
sin,even,0.9371294462898538
situation,couplings,0.9718065998656491
situation,smell,0.9580247207055694
situation,coupling,0.9554030931964246
situation,smells,0.9531468517038593
situation,enables,0.9505581046848459
situation,visualization,0.9466771580841553
situation,module,0.9458137269673683
situation,extract,0.9456537863893075
situation,months,0.9453517255313839
situation,internal,0.9449286031488617
sliding,window,0.9764785992654981
sliding,transaction,0.9444745464557684
sliding,worked,0.9439624127170647
sliding,grouped,0.9341116989354332
sliding,events,0.9295143849351093
sliding,windows,0.919480776993999
sliding,command,0.9193745120709751
sliding,recovery,0.9155512026885819
sliding,keep,0.9108676090534408
sliding,transactions,0.9086250778592739
solving,filtering,0.9604145802399343
solving,members,0.9520024791101342
solving,oss,0.9515978169004806
solving,social,0.9507261102766742
solving,naist,0.9497091999430625
solving,networks,0.9492393909686117
solving,participating,0.9407476883414481
solving,sharing,0.93858044777522
solving,collected,0.9378872019805773
solving,helping,0.9371139718638564
spend,you,0.9590196121558846
spend,complete,0.9521371320418626
spend,who,0.9509902939570042
spend,above,0.947758412966391
spend,relationship,0.9453853173175608
spend,low,0.9438295273733474
spend,your,0.9426116375700456
spend,much,0.9426109133649458
spend,thing,0.9413330687757654
spend,any,0.9398705223603967
start,lines,0.952427761630871
start,performance,0.947227953550736
start,features,0.946089271442756
start,written,0.9445530875018926
start,small,0.9438827126236018
start,much,0.9436106691334383
start,well,0.9427437230622422
start,gure,0.9412280809891768
start,above,0.9406431408206051
start,likely,0.9403633021758141
stops,mis,0.9604541285114995
stops,contrast,0.9289005048903108
stops,introduce,0.9250806234316638
stops,solution,0.9250069012910317
stops,match,0.9192781426732528
stops,elements,0.9189342165906189
stops,structurally,0.9188604198206629
stops,type,0.9184947182409982
stops,spurious,0.918291915693388
stops,trees,0.9176043464985307
stories,26th,0.9050012173591304
stories,changes,0.9040491078995048
stories,ersion,0.9035649554353538
stories,software,0.8958799125339545
stories,icse,0.8935241702361463
stories,engineering,0.8930697015371583
stories,press,0.8899604334470406
stories,on,0.8885545740820153
stories,proceedings,0.8881863311527736
stories,conference,0.8880576644062672
stu,dent,0.9777459376127489
stu,exceptions,0.958395263650325
stu,correlation,0.9578579069860912
stu,student,0.9555545067746922
stu,students,0.9530667736735221
stu,unit,0.9490870832122416
stu,warnings,0.9483486012620921
stu,space,0.938088578465395
stu,habits,0.9365617572324259
stu,test,0.935960873224229
successful,api,0.9459082969748769
successful,specific,0.9439179017899066
successful,patterns,0.940858865218731
successful,handling,0.9406308468397556
successful,violations,0.9403090550771585
successful,error,0.939887795874482
successful,called,0.9380685748165831
successful,rules,0.9372331074214731
successful,errors,0.9363853561794824
successful,find,0.9352320231182406
successfully,processing,0.9405553905531875
successfully,applied,0.9349121160217755
successfully,application,0.9345698256609338
successfully,representations,0.9342771309028072
successfully,starting,0.9329731445974375
successfully,measures,0.931543503272752
successfully,must,0.9314008319808105
successfully,complexity,0.9304196957211666
successfully,time,0.9300561908567834
successfully,measure,0.9299888666851727
suitable,quite,0.9489656773705382
suitable,concepts,0.9469046707503395
suitable,term,0.9429702391004275
suitable,mine,0.9401628953452401
suitable,algorithms,0.939775780151622
suitable,processed,0.93821372799809
suitable,inverse,0.9380216749748613
suitable,concept,0.935727178153037
suitable,keywords,0.9357141675393545
suitable,natural,0.9337495129308002
sults,with,0.8976724148674179
sults,ts,0.8862110809713606
sults,results,0.8786638798381894
sults,out,0.87851702627936
sults,us,0.8775972105746652
sults,did,0.8774018862371389
sults,see,0.877321620758067
sults,note,0.8771157289575218
sults,true,0.8764129928859739
sults,perform,0.8756765907069153
sure,matches,0.9263926804462257
sure,want,0.923014137135534
sure,persons,0.920535286259405
sure,linking,0.9138673834384132
sure,iden,0.9071061292474527
sure,unique,0.905317562437209
sure,veri,0.9043882352929179
sure,heuristics,0.9011173121616467
sure,directly,0.9006575502515275
sure,sets,0.8993129514205211
syntactically,initial,0.9562760581046124
syntactically,sequence,0.9492310295732342
syntactically,copied,0.949011292994308
syntactically,programmers,0.9479738714777656
syntactically,clone,0.9477772141805063
syntactically,cloning,0.9469230861780649
syntactically,snippets,0.9457780656463861
syntactically,consistently,0.9447134139202692
syntactically,changing,0.9441956046357862
syntactically,versions,0.943882530944584
tech,locate,0.9664805286431898
tech,automatically,0.9511833814841129
tech,bugzilla,0.9506571018662144
tech,later,0.9501436508088091
tech,link,0.9476627112968954
tech,murphy,0.9473399500217321
tech,bug,0.9463034014113587
tech,check,0.9449318366552327
tech,cubrani,0.9422969687029571
tech,archive,0.9415755847919123
ted,of,0.8860597029759418
ted,the,0.8857338485073342
ted,ing,0.8852960665295097
ted,y,0.8843999041387793
ted,in,0.8834729615861909
ted,e,0.8818470806608005
ted,test,0.8806619580869184
ted,and,0.8804759162613951
ted,n,0.8804509764474202
ted,an,0.8785013320040694
ternational,nternational,0.9863609245081523
ternational,tional,0.986307306819685
ternational,ernational,0.9838353754011094
ternational,rnational,0.983233844684656
ternational,ational,0.9814633098612175
ternational,ional,0.9621873725340866
ternational,onal,0.9611263894739189
ternational,national,0.9595433951175054
ternational,oceedings,0.934317806722314
ternational,onference,0.9253371519983462
thesis,2003,0.9804106464035346
thesis,cvs,0.9719934624177464
thesis,victoria,0.9710878484212901
thesis,university,0.9639550743019019
thesis,data,0.9599807116637276
thesis,zimmermann,0.9553101069815333
thesis,grained,0.9506135090088954
thesis,preprocessing,0.9480558481902258
thesis,weisgerber,0.9441032096627296
thesis,1st,0.9416015096046776
throughout,researcher,0.9596728344730237
throughout,researchers,0.9565388898669926
throughout,selection,0.9550988230000044
throughout,collection,0.9514190403590165
throughout,analyses,0.9491191883325221
throughout,efforts,0.9456210539772278
throughout,research,0.9455906369377078
throughout,unfortunately,0.9444420383421281
throughout,practical,0.9442789300856567
throughout,datasets,0.9419384555512766
tional,nternational,0.9942498331157886
tional,rnational,0.9934065971591961
tional,ational,0.9929619659825452
tional,ternational,0.986307306819685
tional,ernational,0.9814566937039491
tional,ional,0.9750595016867916
tional,onal,0.9716131427332044
tional,national,0.9622711111938396
tional,oceedings,0.9409817099967732
tional,onference,0.9341139434553158
today,messages,0.9508962576094943
today,reports,0.9483461646029531
today,bugzilla,0.9453330683106835
today,murphy,0.9450862722491988
today,email,0.944757252955913
today,web,0.9446812748519838
today,typically,0.9425222152155752
today,widely,0.940655538013456
today,large,0.940040616251416
today,bug,0.9392951271328842
topics,focused,0.9572311412495121
topics,questions,0.9553993137337855
topics,ndings,0.9550595743850798
topics,below,0.9545606333111185
topics,evidence,0.9534504633849903
topics,target,0.9515316706812593
topics,answers,0.9511279008946931
topics,solve,0.9508449522980706
topics,cover,0.947177549723718
topics,studies,0.9466125413854573
traverse,parallel,0.9809911530169859
traverse,mappings,0.9804404618138474
traverse,asts,0.9664566107948532
traverse,baz,0.9543001681950825
traverse,bodies,0.9465023635162256
traverse,sb,0.9388201180508391
traverse,bar,0.9354330613566129
traverse,trees,0.9351559026375087
traverse,struct,0.9341513383387428
traverse,ast,0.9321214872746714
validation,exactly,0.9547056394401278
validation,cases,0.9428673494022681
validation,those,0.9417477843448333
validation,any,0.9415392233449378
validation,always,0.9390923543968789
validation,considering,0.9381701590520588
validation,possible,0.9365039791788858
validation,will,0.9357405919651454
validation,purposes,0.934972471574385
validation,could,0.9344081970766388
van,august,0.961972442482007
van,ieee,0.9534255339164341
van,03,0.9514491680056198
van,icsm,0.9474601635250537
van,september,0.9468523329103216
van,gall,0.9439290018521185
van,populating,0.9438970636349094
van,fischer,0.9417330400365954
van,german,0.9407246578562549
van,l,0.9401523175916798
wealth,certainly,0.9534275953506959
wealth,statistical,0.9531938451609088
wealth,predictors,0.9530751288078594
wealth,outlines,0.9514980611033461
wealth,various,0.9514907473560277
wealth,performance,0.9495453799666203
wealth,features,0.9477843762062692
wealth,experiences,0.9461462860097333
wealth,large,0.9437693893735832
wealth,repository,0.9437252054505103
website,topic,0.9591752959684814
website,srs,0.9570333385689715
website,strings,0.9488306633972283
website,effectiveness,0.9485775470202847
website,topics,0.946531157265807
website,selection,0.9459531573757587
website,focused,0.9458291393445891
website,practitioners,0.9434490659342658
website,cover,0.9411380904125951
website,stackexchange,0.9410427974593405
locally,unfactorable,1.0000000000000004
locally,genealogies,0.9827818069829326
locally,lineages,0.9815141563165793
locally,carol,0.970308108270339
locally,dnsjava,0.970308108270339
locally,lineage,0.9678032946031
locally,genealogy,0.9577192696249492
locally,clone,0.9460805959196936
locally,clones,0.9408107319002262
locally,consistent,0.93792678274361
153,z,0.8864616814772258
153,1,0.8855287678588044
153,46,0.88545430868276
153,2,0.8833341808869257
153,34,0.8830798748078543
153,52,0.8821050721888086
153,3,0.8812077542958117
153,33,0.8801461113021172
153,141,0.8790504976899534
153,8,0.8714490428209107
159,modified,0.9226470432099735
159,eight,0.9170651742966132
159,add,0.9138901695574859
159,times,0.9137544949784782
159,see,0.9130263164971717
159,syntactic,0.9115091128895181
159,common,0.9113737129721546
159,here,0.9109917757773021
159,larger,0.9107174140918979
159,if,0.9106520940106871
157,increasing,0.9010632980425191
157,computed,0.9000275276105371
157,decreasing,0.8997584802843198
157,figure,0.8956140280043772
157,frequencies,0.8951304054822318
157,100,0.8940219939123366
157,160,0.893535724940594
157,similarity,0.8933260867698507
157,threshold,0.8918724684338554
157,average,0.8909267804274541
213,221,0.9230010604677659
213,notes,0.9181380911534522
213,codebase,0.9019870771185567
213,analyzing,0.8982109473781321
213,separate,0.8972979204148774
213,textual,0.896537190629906
213,contain,0.895855917769091
213,view,0.8956076460212256
213,describing,0.8954864920120846
213,ects,0.894649350931332
heap,paired,0.9851415948871017
heap,heapalloc,0.9751827786122355
heap,functionality,0.925427798439283
heap,endpaint,0.924621120732217
heap,beginpaint,0.924621120732217
heap,proximity,0.9222971436851717
heap,instances,0.9199553289828255
heap,handling,0.9167443946751002
heap,memory,0.9100495000473522
heap,called,0.8989330027336848
unfactorable,locally,1.0000000000000004
unfactorable,genealogies,0.9827818069829326
unfactorable,lineages,0.9815141563165793
unfactorable,carol,0.970308108270339
unfactorable,dnsjava,0.970308108270339
unfactorable,lineage,0.9678032946031
unfactorable,genealogy,0.9577192696249492
unfactorable,clone,0.9460805959196936
unfactorable,clones,0.9408107319002262
unfactorable,consistent,0.93792678274361
221,213,0.9230010604677659
221,33,0.8856248702147373
221,88,0.8813569580344291
221,34,0.8810217696045602
221,45,0.8796526013944818
221,66,0.8757553712931248
221,46,0.8754499593404657
221,11,0.8737029130677336
221,1,0.8721571553686046
221,codebase,0.8719311718518392
creole,cognitive,0.9396825299945373
creole,hipikat,0.9367248082461737
creole,infrastructure,0.9335729575393001
creole,rationale,0.9301148654193796
creole,viewed,0.9276763643440585
creole,commits,0.9272087324843941
creole,packages,0.9272044136531812
creole,sql,0.9234114534763714
creole,front,0.9198571738076827
creole,storage,0.9182721710635564
og,consistent,0.9365027514472679
og,least,0.9351906793348022
og,programmers,0.9339760548143599
og,group,0.9327011442016491
og,programmer,0.9288198839731091
og,snippet,0.9284720469556578
og,token,0.9260200757872876
og,extractor,0.9259286169253279
og,consistently,0.9257313343905054
og,describes,0.9252197691667687
primitive,array,0.9730659875790224
primitive,parameter,0.9560825588499344
primitive,modifier,0.9552228216827419
primitive,pointer,0.9531000065106157
primitive,definition,0.9475902716805722
primitive,splitting,0.9464878099282599
primitive,deletion,0.9385074748887843
primitive,parameters,0.9381277134062589
primitive,argument,0.9366924811763693
primitive,define,0.930490910146883
ecr,labelled,0.9722261838545503
ecr,hack,0.9680907109104397
ecr,pam,0.9659484300513168
ecr,todo,0.9653326789212993
ecr,places,0.9641588297613872
ecr,sue,0.9568941665768085
ecr,please,0.9545923865070338
ecr,joan,0.9464194679459266
ecr,serves,0.9439654944207786
ecr,tag,0.9437785868559934
centrality,peripheral,0.9528858834449422
centrality,network,0.9470390868196226
centrality,social,0.9415960775078779
centrality,center,0.9350409010651377
centrality,ye,0.9333143253906625
centrality,kishida,0.9333143253906625
centrality,networks,0.9312159870773822
centrality,devel,0.9310682342215654
centrality,opers,0.9283347246573141
centrality,directories,0.9275772511873226
dumps,academics,0.9438860236961153
dumps,direct,0.9372329393807557
dumps,license,0.9356087592175935
dumps,dump,0.9347352395191592
dumps,raw,0.9291879216490315
dumps,publicly,0.923271702797245
dumps,download,0.9199647530233523
dumps,subjects,0.918152689058729
dumps,forges,0.9174900507726705
dumps,anyone,0.9148113468278083
ief,viewer,0.9499405379365925
ief,cktf,0.9419194130226507
ief,word,0.9375158241252655
ief,occurrence,0.9366247007538577
ief,fat12,0.9362414239897658
ief,tf,0.932793770957434
ief,ruby,0.9279522040192191
ief,idf,0.9277200207268792
ief,root,0.9269198483717997
ief,occurrences,0.926339354680499
152,141,0.9567347572100293
152,133,0.9450134679887188
152,211,0.9014520114169546
152,159,0.8979916820978944
152,32,0.895976385085562
152,1,0.8938264668165736
152,52,0.892933789781629
152,2,0.8924771503030249
152,55,0.8912571504101078
152,3,0.8898157012196497
aa,bb,0.9999999999999998
aa,ab,0.9999999999999998
aa,cc,0.9677586052915457
aa,ee,0.9659809414525171
aa,89,0.9502780471664076
aa,cd,0.931907036934551
aa,78,0.8839057637868396
aa,12,0.8808349049171278
aa,9,0.8788889601757961
aa,ll,0.8779209771430267
column,below,0.925593524136895
column,search,0.9232760031680408
column,ve,0.9226130440898762
column,table,0.9224466980415207
column,occurred,0.9203076134126642
column,characteristics,0.9178845509061736
column,questions,0.9163203736721042
column,total,0.9161681282794223
column,question,0.9158168620961714
column,three,0.9158127313571371
ct,and,0.8664998546634242
ct,of,0.8660445824098042
ct,ing,0.864670143495543
ct,n,0.8621973196265476
ct,the,0.8617482877733722
ct,t,0.8602441185429903
ct,c,0.8591327622437743
ct,ch,0.8590957336702209
ct,5,0.8589382780765025
ct,for,0.8570872301241972
f2,count,0.9178301339747389
f2,else,0.9137179371858982
f2,sf,0.9096199224607979
f2,ample,0.906646126595698
f2,sb,0.9064603545000394
f2,parallel,0.9036062988804359
f2,traversal,0.8990720886638564
f2,t1,0.8948533833474499
f2,counter,0.8933397851950461
f2,baz,0.8930484137940539
130,000,0.9306637809634593
130,small,0.9242413417625828
130,works,0.9198268320479839
130,st,0.9190074687149397
130,i,0.9180776797811638
130,f,0.9176617142494148
130,k,0.9173106190864285
130,o,0.9162112700559001
130,g,0.9153208030737314
130,jp,0.9147074629166276
140,141,0.9172258668299212
140,79,0.9072100815311414
140,66,0.9036133864361935
140,160,0.8946756109086293
140,133,0.8938730328637605
140,211,0.8934406918034712
140,8,0.8922362550603913
140,1,0.8910320940998782
140,52,0.8903341139016556
140,46,0.8886511398776118
2015,2014,0.974540509138244
2015,tertiary,0.962914814445091
2015,2011,0.9559328532748819
2015,soares,0.9517762592077122
2015,10th,0.9505503104016311
2015,silva,0.9352223585833843
2015,da,0.9352223585833843
2015,effectiveness,0.9344683264057987
2015,review,0.9258297582231094
2015,acceptance,0.9241527524825879
bb,aa,0.9999999999999998
bb,ab,0.9999999999999998
bb,cc,0.9677586052915457
bb,ee,0.9659809414525171
bb,89,0.9502780471664076
bb,cd,0.931907036934551
bb,78,0.8839057637868396
bb,12,0.8808349049171278
bb,9,0.8788889601757961
bb,ll,0.8779209771430267
cc,ee,0.981373253816106
cc,aa,0.9677586052915457
cc,bb,0.9677586052915457
cc,ab,0.9677586052915457
cc,cd,0.9541373337194119
cc,89,0.9278362354119434
cc,nn,0.912852834212587
cc,ll,0.9123728629680665
cc,11,0.8921913274251623
cc,18,0.8916674452826996
nov,10th,0.9724218317590505
nov,ieee,0.9563797791508855
nov,canada,0.9544563957658247
nov,murphy,0.944573820945585
nov,03,0.9432025171799178
nov,technical,0.9422901540497511
nov,july,0.9399864042847059
nov,supported,0.939756420165001
nov,sept,0.9395302655142862
nov,studies,0.9382813830066031
traces,analysts,0.9814765451588674
traces,pilot,0.9798535207428887
traces,recall,0.9673789318671208
traces,candidate,0.9629116880034881
traces,precision,0.9628860377861409
traces,analyst,0.9577168644139213
traces,trace,0.9564613024900503
traces,senior,0.9479291781762236
traces,ir,0.9413085714145444
traces,modis,0.9377630147728377
800,700,0.9999999999999998
800,200,0.9774495243522068
800,300,0.9707595431431273
800,600,0.959233545082095
800,400,0.9574844313737002
800,maximum,0.9424916844545947
800,500,0.9393288317225144
800,focuses,0.9329076472058294
800,variables,0.9294300119837859
800,equal,0.9263899419320527
d1,path,0.9312986215872151
d1,directory,0.9311998551298348
d1,graph,0.9267028106265665
d1,condition,0.9247978236423895
d1,types,0.9239754230306461
d1,nodes,0.9234325947232327
d1,represented,0.9223135806572478
d1,values,0.9215697980527271
d1,relationships,0.9211354339195184
d1,represents,0.918861458250048
ee,cc,0.981373253816106
ee,bb,0.9659809414525171
ee,aa,0.9659809414525171
ee,ab,0.9659809414525171
ee,cd,0.9511856861687707
ee,89,0.9249973698706155
ee,ll,0.910478357948232
ee,nn,0.9006552305805984
ee,8,0.8890831847230452
ee,11,0.8869061603019901
gonzalez,barahona,0.9941151701002515
gonzalez,robles,0.9892527892959242
gonzalez,gnome,0.9617643118539572
gonzalez,portland,0.946572070523809
gonzalez,methodology,0.9445622421385353
gonzalez,mockus,0.934601479397499
gonzalez,libre,0.932902615823585
gonzalez,free,0.9223185013981436
gonzalez,changelog,0.9213092850251656
gonzalez,applying,0.9197677075316718
grading,tests,0.9571285398779148
grading,submission,0.9547352613800317
grading,pmd,0.9469174459770886
grading,snapshot,0.9448924721052401
grading,findbugs,0.9440882448467256
grading,student,0.9433235702641354
grading,students,0.9415781824569285
grading,marmoset,0.9405512239776108
grading,visible,0.9398108392306528
grading,run,0.932203964722808
ll,cc,0.9123728629680665
ll,ee,0.910478357948232
ll,cd,0.9027785408576774
ll,nn,0.8791911247210861
ll,aa,0.8779209771430267
ll,ab,0.8779209771430267
ll,bb,0.8779209771430267
ll,88,0.865033652703312
ll,89,0.8585963072013933
ll,op,0.8577022713713359
say,ra,0.9477047276910404
say,xed,0.9466313664187072
say,later,0.9353460733572039
say,x,0.9350809681163093
say,investigate,0.9328591027514572
say,transactions,0.9321538416060215
say,inducing,0.9318821521272092
say,annotate,0.9290444604084092
say,locate,0.927570111656716
say,mozilla,0.9264829782129596
umd,maryland,0.9731008983648755
umd,department,0.9672246646328793
umd,abstract,0.9550402264217548
umd,michael,0.9500128765150989
umd,science,0.9460748815876941
umd,inform,0.9459377822283515
umd,answering,0.9454672315458257
umd,introduction,0.9407306701347407
umd,various,0.9385239995184924
umd,computer,0.93453322442466
viewed,cognitive,0.9350791281170998
viewed,architecture,0.9330213131797435
viewed,infrastructure,0.9287157975831165
viewed,creole,0.9276763643440585
viewed,rationale,0.9264839441217423
viewed,past,0.9246338474304658
viewed,correlate,0.9241999447284247
viewed,artifacts,0.9239288506650224
viewed,build,0.9234394621384753
viewed,history,0.9188902781959984
academics,conduct,0.9643989378962681
academics,academic,0.9509863057553326
academics,collecting,0.9463553135949883
academics,floss,0.9457212343890411
academics,dumps,0.9438860236961153
academics,analyses,0.9380903616499203
academics,collection,0.9375258518755366
academics,researcher,0.9372542308372644
academics,datasets,0.9347074842009383
academics,direct,0.9330047528964409
bottlenecks,increased,0.9560607685175415
bottlenecks,management,0.9366706849302646
bottlenecks,effort,0.9352459550807077
bottlenecks,place,0.9337210698928609
bottlenecks,production,0.9325175747235506
bottlenecks,processes,0.930365173106828
bottlenecks,potential,0.9302697880796609
bottlenecks,defects,0.9302222668840598
bottlenecks,metrics,0.929398078515052
bottlenecks,recent,0.9286426198434546
cast,wrote,0.9301727181821323
cast,public,0.9279401942707162
cast,library,0.9219648974854209
cast,serves,0.9148743796685577
cast,self,0.9100943422577027
cast,xed,0.9081112242073142
cast,error,0.907050020775486
cast,something,0.9069619966361568
cast,until,0.9063766588384832
cast,detectors,0.9051323318888673
diversity,floss,0.9771896438809627
diversity,academic,0.9533437725288414
diversity,traceable,0.9506715527040128
diversity,collecting,0.9487824918304343
diversity,conduct,0.9486335850899117
diversity,datasets,0.948259107674839
diversity,collection,0.9464991519308525
diversity,compatibility,0.9456465652325976
diversity,analyses,0.9449918213688158
diversity,comparable,0.9434321140930161
evolens,spot,0.9666115349888871
evolens,smells,0.9599060234979185
evolens,couplings,0.9558435348419314
evolens,reengineering,0.9511215025261868
evolens,industrial,0.9483534904356374
evolens,smell,0.9464773019954374
evolens,viewing,0.9451796606506898
evolens,visualization,0.9430219547834013
evolens,situation,0.9426084255580274
evolens,middle,0.9409776815223201
forges,raw,0.9619237570155371
forges,publicly,0.9615797495958658
forges,license,0.9474683016905031
forges,comparable,0.9439734850764216
forges,forge,0.941894262934577
forges,script,0.941041588515201
forges,scripts,0.9383713707512322
forges,collection,0.9369152829432404
forges,ossmole,0.9357282651105665
forges,analyses,0.9341660355523153
ir,analysts,0.9626772276867983
ir,pilot,0.9614261533080479
ir,precision,0.956885977673894
ir,recall,0.9565560841242636
ir,trace,0.9559690883176413
ir,candidate,0.9510433808083758
ir,modis,0.9484277620651637
ir,analyst,0.942811412408204
ir,senior,0.9416812082135155
ir,traces,0.9413085714145444
mark,denotes,0.9640129537339592
mark,comment,0.9580069381024566
mark,places,0.9515097625350344
mark,request,0.9503444180259881
mark,labelled,0.9495019032495383
mark,task,0.9474289348784557
mark,tags,0.9460986247513056
mark,point,0.9405779590013166
mark,eclipse,0.9383679763340427
mark,contain,0.9379924351272406
perry,1997,0.9507269310066122
perry,papers,0.949859132143541
perry,november,0.9481731575721186
perry,ieee,0.9427074171718388
perry,march,0.9416029489866347
perry,pdf,0.9412642315940534
perry,institute,0.9359233291899216
perry,september,0.9354072139382753
perry,european,0.9326740671805176
perry,populating,0.9322471203779765
predicate,element,0.9377666057929934
predicate,subsets,0.9282129909744828
predicate,subset,0.9280318734327544
predicate,characteristic,0.9223125635641402
predicate,queries,0.9112898169346813
predicate,mrs,0.9090384132960458
predicate,ter,0.9069919615904254
predicate,operators,0.9042094142633872
predicate,query,0.9034379403993268
predicate,mr,0.8992422477956057
prevalence,differencing,0.9671238133321411
prevalence,granularity,0.9533197454313198
prevalence,modified,0.9456977658711576
prevalence,entity,0.9449860544745186
prevalence,120,0.940454354822877
prevalence,basket,0.9389093941589186
prevalence,collard,0.9384485820629851
prevalence,difference,0.9349274454642078
prevalence,modification,0.9330206565430853
prevalence,raghavan,0.9302612621498985
rhdb,import,0.9589523603015881
rhdb,variants,0.9510376912694708
rhdb,bsd,0.9444033897073494
rhdb,variant,0.94309407021071
rhdb,arti,0.9331777433483044
rhdb,respect,0.9329358165151533
rhdb,cial,0.9291567467605485
rhdb,logs,0.9287158519262066
rhdb,release,0.9258840043859518
rhdb,dependency,0.9256360022147785
she,request,0.934783385432939
she,public,0.9328951572952482
she,eclipse,0.93282978393155
she,suggested,0.9324941600149043
she,self,0.9322553867319927
she,details,0.9302042020242155
she,task,0.9300457033091701
she,communication,0.9298881146095686
she,made,0.9293149152353795
she,hard,0.9289482750894347
subsets,subset,0.9421080638322821
subsets,mr,0.9394399789435779
subsets,element,0.9393636641318636
subsets,mrs,0.9343626015067934
subsets,predicate,0.9282129909744828
subsets,scs,0.9222272940899745
subsets,scql,0.9200907610520459
subsets,operators,0.9159842048101654
subsets,author,0.9090285523545425
subsets,query,0.9049807319013579
700,800,0.9999999999999998
700,200,0.9774495243522068
700,300,0.9707595431431273
700,600,0.959233545082095
700,400,0.9574844313737002
700,maximum,0.9424916844545947
700,500,0.9393288317225144
700,focuses,0.9329076472058294
700,variables,0.9294300119837859
700,equal,0.9263899419320527
categorization,awb,0.9683644230084325
categorization,joan,0.9515597831523537
categorization,todo,0.9493844842257262
categorization,please,0.9466673649703867
categorization,comment,0.9434952190737342
categorization,sue,0.9422700868497782
categorization,places,0.9408770485510841
categorization,pam,0.9405665592104143
categorization,codebase,0.9388796617056345
categorization,tags,0.9371466809602351
characters,drawn,0.9561233777750502
characters,assignment,0.9456375731427988
characters,student,0.9443293064530704
characters,students,0.943650343024874
characters,assignments,0.9433018706793939
characters,habits,0.9369504545006122
characters,bottom,0.9347988980020101
characters,third,0.9310831490589124
characters,exam,0.9300624576907588
characters,features,0.9284453864995674
client,into,0.9527574737570876
client,provides,0.9523746804176991
client,such,0.9506346721678627
client,each,0.949864806538784
client,order,0.948909363421648
client,these,0.9487882981664165
client,user,0.9481414031407134
client,being,0.9477580590988092
client,repository,0.9476583613229033
client,it,0.9472274575781021
condition,syntactic,0.949033191319879
condition,statement,0.9436606867479171
condition,entity,0.9430110118303323
condition,differencing,0.9426310359838399
condition,semantic,0.9392854805495129
condition,types,0.9296663948603884
condition,change,0.9279686582891639
condition,entities,0.9276386693376201
condition,identifying,0.9272551227183257
condition,granularity,0.9269413008737293
convention,meta,0.9374297635579762
convention,task,0.9339005964331202
convention,request,0.9318433064506091
convention,team,0.9311375635754788
convention,challenges,0.9266578764072486
convention,range,0.9265645028012213
convention,comment,0.92598656079194
convention,eclipse,0.925975663207214
convention,tag,0.9249462617365312
convention,communication,0.9245717666951374
december,k,0.9431782017722761
december,32,0.9372759216731887
december,2001,0.9317872393601903
december,l,0.931515192491801
december,recorded,0.9307165286881418
december,ieee,0.9283198146945164
december,g,0.9280943709414129
december,a,0.9264416349213725
december,o,0.9261554460851351
december,german,0.9258665114713152
dept,maryland,0.951603056315599
dept,university,0.9471311338600188
dept,science,0.947091498798746
dept,introduction,0.942567877613686
dept,computer,0.940678325356135
dept,ca,0.9370192588116716
dept,management,0.9363503226397685
dept,abstract,0.9339777401191962
dept,repository,0.9320528995557085
dept,various,0.9316662710983281
editor,computer,0.9548659951162815
editor,science,0.9541938487977795
editor,to,0.9524079035117021
editor,volume,0.9507364875966416
editor,page,0.9501242574385595
editor,part,0.9500162401404306
editor,made,0.9492862321117592
editor,make,0.949215462101801
editor,03,0.9487986523766999
editor,history,0.9487599336092774
encounter,maps,0.9637524577491399
encounter,localnamemap,0.9595469489919165
encounter,globalnamemap,0.9595469489919165
encounter,bodies,0.9555466782427955
encounter,counter,0.9536731236588257
encounter,break,0.9505535053048233
encounter,sb,0.9498248443562898
encounter,asts,0.9476230270725616
encounter,late,0.9423425965510218
encounter,baz,0.9408381576007807
failed,tests,0.9621485674083308
failed,unit,0.9563436779802799
failed,visible,0.9554312604462534
failed,warnings,0.9534719208449731
failed,run,0.9533805261202988
failed,submission,0.9514910619488046
failed,findbugs,0.9480793629082589
failed,test,0.94462774535234
failed,snapshot,0.9390019318577434
failed,snapshots,0.9296840629029188
gathered,project,0.9569910945025413
gathered,effort,0.9561958848624716
gathered,projects,0.956007765773162
gathered,research,0.9527233403476754
gathered,main,0.9516564168406497
gathered,teams,0.9513152500075761
gathered,through,0.9503067238928787
gathered,focus,0.9496807475567525
gathered,part,0.9494937770119833
gathered,however,0.9494325517344677
horwitz,jackson,0.9775300126065003
horwitz,ladd,0.9775263146155584
horwitz,shed,0.9474707582774297
horwitz,cohesion,0.9424012693033073
horwitz,usefully,0.9417601670027432
horwitz,erences,0.9330751644371508
horwitz,194,0.9264192869947577
horwitz,programs,0.926015072849359
horwitz,implementation,0.9218925807104505
horwitz,pointers,0.9204821223472954
lean,agile,0.9193388118903214
lean,opportunity,0.9165127221023694
lean,opportunities,0.9156307715921279
lean,strategies,0.9141101180703901
lean,six,0.912952395506083
lean,customer,0.906927418496006
lean,scrum,0.9028257951684544
lean,theory,0.9027029834297609
lean,missed,0.9016011731061151
lean,productivity,0.8999515079465515
miss,renam,0.9812981562976322
miss,stop,0.9743297969949964
miss,renamed,0.9690751086924897
miss,mismatch,0.9585587487743285
miss,renamings,0.9507085548076956
miss,maps,0.933573980590916
miss,ast,0.9216696041504091
miss,bijection,0.9213073452855995
miss,portion,0.9205206816849775
miss,break,0.9168742976470299
navigation,interaction,0.9488208191289069
navigation,schneider,0.9423130498729307
navigation,awareness,0.9363488123816585
navigation,interactions,0.9345344550155008
navigation,activities,0.9313338732746647
navigation,visualization,0.929299202478373
navigation,volume,0.9268467064110102
navigation,activity,0.9258580595633199
navigation,analyzing,0.9234155112704814
navigation,through,0.9224700330406721
passed,go,0.928460098199152
passed,failed,0.926451100092482
passed,discover,0.9204462096432436
passed,examining,0.9201104738773171
passed,test,0.9182662535233703
passed,unit,0.915331002384565
passed,run,0.9145880673822591
passed,visible,0.9128247352178736
passed,submit,0.9107343410757218
passed,correlation,0.9099940123567476
recovery,recover,0.9448574034097956
recovery,keep,0.943685668493454
recovery,file,0.9421188636026059
recovery,revision,0.9381144826259877
recovery,after,0.9377580006684203
recovery,windows,0.9374376311846595
recovery,relationships,0.9329288666896031
recovery,modi,0.9322873690811772
recovery,identified,0.9320467020936591
recovery,transaction,0.9306202859679
refac,evolvability,0.9760381380029428
refac,imagefetcher,0.9648974082623146
refac,spot,0.957810471308095
refac,smell,0.9549469586300505
refac,workers,0.9505321403223566
refac,couplings,0.9471889692731695
refac,smells,0.946419368331398
refac,refactored,0.9430724908864223
refac,viewing,0.9411533314278748
refac,refactorings,0.9369416049519808
remains,kind,0.9570865654132128
remains,kinds,0.9507142962705659
remains,addition,0.9499107725102984
remains,complex,0.9444326757035513
remains,change,0.9433849118541155
remains,observed,0.9424433614685628
remains,common,0.9424130761391629
remains,signatures,0.9417777900224246
remains,changed,0.9409149063644013
remains,types,0.9402009004634898
requirement,help,0.9399003756893135
requirement,potential,0.9394037537938986
requirement,tools,0.9377300081901991
requirement,artifacts,0.9368197653683642
requirement,activities,0.9366050983198826
requirement,main,0.9356852836916125
requirement,processes,0.9350126952140696
requirement,under,0.9345837915968287
requirement,users,0.934372170312239
requirement,focus,0.9342715227160907
sampling,difficult,0.9572092914740182
sampling,distributions,0.9468855799679006
sampling,practical,0.9449887587579481
sampling,interest,0.9342371702085484
sampling,taking,0.9310888770830226
sampling,prefer,0.9273210999957306
sampling,datasets,0.9270194295407703
sampling,difficulties,0.9259846831708031
sampling,diversity,0.9244616904562462
sampling,collecting,0.9242814478256733
secondary,mail,0.9390406983160247
secondary,address,0.9383855169240755
secondary,person,0.9351312349015952
secondary,actor,0.9347343495516083
secondary,linking,0.9345787367859566
secondary,username,0.9339064832966864
secondary,cases,0.9336724133354646
secondary,matches,0.9272189332368304
secondary,identity,0.9266812451355144
secondary,identities,0.9252934352866135
sr4,sr2,0.987985565432014
sr4,sr3,0.9868673869049869
sr4,sr1,0.969989802476894
sr4,srs,0.9508549133103339
sr4,sr,0.9508007050357714
sr4,293,0.9477892233639653
sr4,covered,0.9470959936669188
sr4,cover,0.9194096254985211
sr4,ndings,0.9181780445007834
sr4,acceptance,0.9097092764783167
strategy,current,0.9403026669646419
strategy,roughly,0.925910108950261
strategy,brie,0.9250698947802973
strategy,num,0.9241973515603734
strategy,times,0.921599077296936
strategy,future,0.9209039541734975
strategy,uses,0.9206671714061321
strategy,presents,0.9194630880315838
strategy,x,0.919030741041289
strategy,mechanism,0.9188591914346055
typedef,struct,0.9676048763075454
typedef,union,0.9523198135099256
typedef,declarations,0.9443753741649203
typedef,trees,0.9377034077546792
typedef,char,0.937360163272956
typedef,enums,0.9364730960270369
typedef,prototypes,0.9244910833897146
typedef,rapidly,0.9206598582849601
typedef,prototype,0.9153037457585187
typedef,traverse,0.9142556259051505
ww,ss,0.893969916316598
ww,23,0.8859685728798128
ww,op,0.8847303136663882
ww,rs,0.8804800219243337
ww,10,0.8787438859248633
ww,www,0.8779678031764597
ww,7,0.8709258804559282
ww,8,0.870238528000101
ww,1,0.8700677531244612
ww,4,0.870060843864748
2011,2014,0.97242582934719
2011,2015,0.9559328532748819
2011,tertiary,0.9544120916337295
2011,soares,0.9415897517538894
2011,10th,0.9387676512784395
2011,silva,0.9386680366093136
2011,da,0.9386680366093136
2011,practitioners,0.9241645082743339
2011,effectiveness,0.9219481063044053
2011,agile,0.9211233978520819
ana,requirements,0.9458428069076638
ana,introduction,0.9454854258673625
ana,goal,0.9445033538512987
ana,large,0.9427888579687762
ana,certain,0.9410261387476104
ana,relevant,0.940012756960819
ana,computer,0.9394814089729707
ana,activities,0.9393919979638417
ana,methods,0.9392880053999808
ana,measures,0.9391007818164092
annotate,command,0.9348240563139001
annotate,say,0.9290444604084092
annotate,xed,0.9246574858070077
annotate,inducing,0.9202578203791698
annotate,locate,0.9193006120205527
annotate,archive,0.9192511846099491
annotate,neither,0.9185878267867941
annotate,later,0.9172904778861496
annotate,additionally,0.9145474530780489
annotate,link,0.9137903412113568
applies,challenging,0.9356620887810855
applies,inferring,0.9353578863349716
applies,denotes,0.9257877784884844
applies,something,0.9246561181187289
applies,places,0.9222143851821367
applies,oper,0.9216211714079092
applies,point,0.9193661062176324
applies,followed,0.9134886841323933
applies,multi,0.9133921837958541
applies,comment,0.9127575795691456
argument,modifier,0.9747317081294955
argument,array,0.9606755767398153
argument,parameter,0.9596976265951969
argument,pointer,0.9513637091034195
argument,primitive,0.9366924811763693
argument,parameters,0.9361898933195383
argument,definition,0.9325100190553666
argument,splitting,0.9320595352073522
argument,deletion,0.9291805670748174
argument,return,0.9243268949444441
briand,dependencies,0.9554281489997783
briand,history,0.952028437489459
briand,coupling,0.947285923639496
briand,et,0.9468132473273357
briand,origin,0.9464197886181149
briand,module,0.9451897131758173
briand,release,0.944286603165921
briand,detection,0.9438431641007039
briand,structure,0.9435987359745304
briand,detecting,0.9433689967373347
closely,differences,0.9552807166565627
closely,approaches,0.9539589945808818
closely,underlying,0.9477479121896284
closely,required,0.9473850257251806
closely,within,0.9449464892947526
closely,techniques,0.944740704538306
closely,research,0.9445323505216029
closely,et,0.9443914878580413
closely,focus,0.942743754587542
closely,these,0.9424986623463634
collard,differencing,0.9663533586125438
collard,semantic,0.9554477257388845
collard,difference,0.9546627591313935
collard,raghavan,0.9520133883712992
collard,propagation,0.9471655151004365
collard,logical,0.946494673771872
collard,via,0.9437054808975103
collard,textual,0.9436939342150132
collard,gall,0.9431489613858464
collard,here,0.9429418556395983
command,annotate,0.9348240563139001
command,additionally,0.9332676163059329
command,transaction,0.9330938345950277
command,locate,0.9302130615645386
command,record,0.9293899029714745
command,le,0.9288304130715749
command,includes,0.9281326331822024
command,worked,0.9265235249983639
command,window,0.9252034169525996
command,annotations,0.9248798063390715
conditions,link,0.9625380332501985
conditions,dence,0.9520318157416342
conditions,links,0.9488982969820147
conditions,assign,0.9474118193772711
conditions,fix,0.9465780913620119
conditions,later,0.9419196145411725
conditions,resolved,0.9409321902065644
conditions,closed,0.9403242750285725
conditions,xed,0.9399948598838157
conditions,following,0.939217973180092
cruz,providing,0.9608652375511992
cruz,kenyon,0.9591907123640456
cruz,references,0.9346694358909307
cruz,cs,0.9247793320420811
cruz,washington,0.8945950187238989
cruz,miryung,0.8826505366434204
cruz,homes,0.8825651251256393
cruz,cge,0.8769046030112975
cruz,lightweight,0.8754835087321315
cruz,micromodels,0.8736433319386842
culty,around,0.9464159716132415
culty,helpful,0.9458772667957172
culty,human,0.9445878927174378
culty,mine,0.9443712857662949
culty,min,0.94360148597024
culty,ers,0.9427119450181038
culty,keywords,0.9419365391897202
culty,term,0.9418367454822979
culty,key,0.9410335269909123
culty,dif,0.9401256497418172
da,silva,1.0
da,tertiary,0.9836211226338344
da,soares,0.9826710722453817
da,2014,0.9632400342196129
da,2011,0.9386680366093136
da,stackexchange,0.9380410408340749
da,2015,0.9352223585833843
da,se,0.9344462554408552
da,posted,0.9301721772352507
da,practitioners,0.9257605875839853
deemed,cepstra,0.9622108872772785
deemed,series,0.952159121456337
deemed,threshold,0.9511709441374212
deemed,euclidean,0.9429217820074833
deemed,lpc,0.9411944827213583
deemed,similarity,0.9408296003858857
deemed,sensible,0.940632121010079
deemed,computed,0.9399591460701353
deemed,distance,0.935840690117701
deemed,cepstrum,0.9348108303921909
deletes,delete,0.9664041834984077
deletes,dsu,0.952037477102373
deletes,dynamically,0.943657875278244
deletes,implementing,0.9382128753272929
deletes,openssh,0.9363138930446173
deletes,vsftpd,0.9355135997291665
deletes,lifetime,0.9331988377970221
deletes,frequent,0.9288689235711391
deletes,equal,0.9260099777535692
deletes,prototypes,0.925363119460147
difficulty,api,0.9392724636358236
difficulty,practical,0.9334862197136953
difficulty,interest,0.9302202445274095
difficulty,known,0.9297143039180777
difficulty,introduction,0.9277247905585592
difficulty,research,0.9276830508353076
difficulty,general,0.9263634308323403
difficulty,large,0.9262048675917662
difficulty,located,0.9253950987810575
difficulty,know,0.9253194729381673
directories,network,0.9572717682561249
directories,nodes,0.9451157218423719
directories,devel,0.9383147375586668
directories,few,0.9380978289130923
directories,social,0.9379542501606856
directories,developers,0.937859996956316
directories,graphs,0.937358349050778
directories,modifying,0.9323985852228045
directories,group,0.9322021387132048
directories,among,0.9319943625850711
drawn,characters,0.9561233777750502
drawn,assignments,0.9484087507689376
drawn,habits,0.94732831777431
drawn,students,0.9449245525026975
drawn,student,0.9448751272030183
drawn,assignment,0.9376425912210453
drawn,third,0.935765999260114
drawn,features,0.9347114584093457
drawn,bottom,0.9345512517085945
drawn,exam,0.9302339048577244
dump,getting,0.941215844637326
dump,dumps,0.9347352395191592
dump,direct,0.9330994898914519
dump,asking,0.9322451865845442
dump,researchers,0.928462123466814
dump,academics,0.927998300366536
dump,access,0.9270188816729548
dump,research,0.9258954794048755
dump,unfortunately,0.9256531200207923
dump,contribute,0.9242554689019581
fat12,cktf,0.9749105489429836
fat12,dirent,0.9734083995051863
fat12,idf,0.9700374678874637
fat12,udos,0.9695331139951469
fat12,tf,0.9692052953529373
fat12,viewer,0.9604259458552509
fat12,grouping,0.9540689516287499
fat12,root,0.9514702947419349
fat12,keyword,0.9458297125076978
fat12,concept,0.9439009222781746
filter,instances,0.9467606373212512
filter,casts,0.9367628359714382
filter,usage,0.9321371549193878
filter,close,0.9245802838732708
filter,pattern,0.9244106720422807
filter,proximity,0.9241287022536971
filter,called,0.9203279982771002
filter,conditional,0.9188556078081412
filter,conditionally,0.916379289658406
filter,invoked,0.9101798527106723
forms,become,0.9372024813397241
forms,effectively,0.9352452504898935
forms,email,0.9310238073923192
forms,organized,0.929880828334207
forms,typically,0.9236325413602664
forms,messages,0.9235651501486233
forms,dif,0.9216351669975993
forms,improved,0.9178550789859399
forms,list,0.9177523229085706
forms,web,0.9150352527974825
go,ensure,0.9358675629967805
go,matter,0.9332913446259298
go,any,0.9298924702104121
go,true,0.9288664356694193
go,passed,0.928460098199152
go,enough,0.9271039154747409
go,always,0.9242293806290623
go,produced,0.922276150750595
go,cases,0.9222508080445522
go,note,0.9220813790145359
grain,fine,0.9834627036419039
grain,signatures,0.9764072515513569
grain,signature,0.9687626466909989
grain,kinds,0.9504115078114403
grain,taxonomy,0.9500861097514723
grain,ordering,0.9440339392271112
grain,observed,0.9388932431428882
grain,kind,0.938408845973713
grain,sequence,0.9383548401827821
grain,eight,0.9360859351071296
heapalloc,paired,0.9805440574554283
heapalloc,heap,0.9751827786122355
heapalloc,endpaint,0.9470196421927275
heapalloc,beginpaint,0.9470196421927275
heapalloc,conditionally,0.9401355536816756
heapalloc,instances,0.9362185530352715
heapalloc,proximity,0.9354668704242125
heapalloc,functionality,0.9247581053743497
heapalloc,handling,0.9238867518926284
heapalloc,pattern,0.9113235247459351
highest,35,0.9246072960143354
highest,39,0.9185281103133079
highest,week,0.9142154876425256
highest,presents,0.9136489353209074
highest,day,0.9124059145561508
highest,trend,0.9101953064432466
highest,ve,0.9100902194010889
highest,49,0.9091486702295091
highest,38,0.9090201931491677
highest,xes,0.9048359943303463
ideas,reducing,0.9431309169666051
ideas,works,0.9423471571144216
ideas,highly,0.937930812818016
ideas,ask,0.9360635691566728
ideas,people,0.9358696143639924
ideas,goals,0.9334396151562572
ideas,role,0.9315893686340336
ideas,users,0.9315275103963472
ideas,processes,0.9310843006551925
ideas,projects,0.9296926289466845
inverse,cktf,0.9566170934475584
inverse,idf,0.9536005955748514
inverse,tf,0.9535056638100659
inverse,udos,0.9443521474764067
inverse,term,0.9436247358440668
inverse,suitable,0.9380216749748613
inverse,document,0.9357049248039226
inverse,lan,0.9350649403420268
inverse,processed,0.9344747262037276
inverse,occurrence,0.9337208763581977
legitimate,participation,0.9816398683454242
legitimate,peripheral,0.9757684595181926
legitimate,lpp,0.9665383940727368
legitimate,conventional,0.957159903510226
legitimate,ye,0.9552891578812999
legitimate,kishida,0.9552891578812999
legitimate,learning,0.9541599341660543
legitimate,proprietary,0.9534497267696177
legitimate,develop,0.9379639804137315
legitimate,verify,0.936759710216275
license,raw,0.9639807198446987
license,publicly,0.9561459410779998
license,forges,0.9474683016905031
license,forge,0.9451437474197333
license,comparable,0.9373741503026228
license,analyses,0.936107137340217
license,dumps,0.9356087592175935
license,download,0.9345261872497841
license,ossmole,0.9342124807169367
license,collected,0.9337185387455162
linked,combined,0.9391663475101586
linked,network,0.9313682422439271
linked,access,0.9304326716761435
linked,associated,0.9287993824674432
linked,erent,0.9281866694303145
linked,developer,0.9281583939119872
linked,requests,0.9280871522878897
linked,developers,0.9279363435924675
linked,calculated,0.9279091985359951
linked,few,0.92650849009375
mea,effects,0.9609713585704882
mea,affect,0.9480165202952688
mea,factors,0.9464945423987653
mea,features,0.9422815075033537
mea,nal,0.941020039151871
mea,right,0.9397748595574026
mea,establish,0.9395055634023705
mea,measured,0.9390610717360258
mea,examining,0.9361163408324242
mea,space,0.9350116261728194
naist,filtering,0.9852078900726196
naist,networks,0.9553318077689053
naist,oss,0.9534124090850699
naist,graphmania,0.952648332743893
naist,solving,0.9497091999430625
naist,social,0.9488419980943593
naist,jp,0.9428824648629118
naist,collaborative,0.9352527993711213
naist,members,0.9319425820333278
naist,ltering,0.9276681856304647
occurrences,root,0.9406320954509317
occurrences,gives,0.9394144005975211
occurrences,df,0.9388596202567508
occurrences,word,0.9324054756577038
occurrences,occurrence,0.9321626929916411
occurrences,cktf,0.9295235773280245
occurrences,grouping,0.9293928486754556
occurrences,fat12,0.9290279316040198
occurrences,pre,0.9264037357383657
occurrences,ief,0.926339354680499
predictors,behaviour,0.9717829976986752
predictors,outlines,0.9680415073237765
predictors,wealth,0.9530751288078594
predictors,habits,0.951492093868454
predictors,statistical,0.946560703140038
predictors,features,0.9435451209677931
predictors,certainly,0.9415614513996706
predictors,student,0.9409881020966553
predictors,submit,0.9395943865233627
predictors,students,0.9380155988020976
reproducible,comparable,0.9821437808730565
reproducible,floss,0.9772152119139663
reproducible,ossmole,0.9734819753101744
reproducible,collection,0.9731415047774339
reproducible,scripts,0.9684327669620987
reproducible,compatibility,0.9683044234185066
reproducible,analyses,0.9676905976563106
reproducible,academic,0.9661985639157844
reproducible,traceable,0.9651569695809519
reproducible,publication,0.958132537973867
restructuring,sec,0.944212392888926
restructuring,homepage,0.942161535266098
restructuring,apply,0.939845102873879
restructuring,improving,0.9335602170581423
restructuring,improve,0.9325520902606588
restructuring,wcre,0.9324886025990493
restructuring,operating,0.9318449121410215
restructuring,detecting,0.931673524963513
restructuring,tion,0.9314592474225406
restructuring,icsm,0.9305343460961091
school,free,0.9602772783559194
school,collaborative,0.9599443347078075
school,projects,0.9454026347461689
school,develop,0.9426174385195646
school,collected,0.9419688003193717
school,resources,0.9408202202530865
school,project,0.9404679850437435
school,collection,0.9402621639662506
school,analyses,0.9399843248168067
school,communities,0.9396956400330546
scss,scs,0.970117749712506
scss,temporal,0.9656632995567389
scss,scql,0.9476683764469793
scss,query,0.945727207617849
scss,mr,0.9243990271763431
scss,queries,0.9235360816446858
scss,mature,0.9206918478787403
scss,operate,0.9193150740470155
scss,operators,0.9147967236800634
scss,authors,0.9135588518085525
self,labelled,0.9551468611460381
self,hack,0.9507130115822826
self,wrote,0.9501061758980137
self,serves,0.9489679852023902
self,comment,0.9466608232953673
self,eclipse,0.943959079213716
self,public,0.9426963219499582
self,communication,0.942635123059065
self,denotes,0.9401891396814258
self,request,0.9399222136601142
silva,da,1.0
silva,tertiary,0.9836211226338344
silva,soares,0.9826710722453817
silva,2014,0.9632400342196129
silva,2011,0.9386680366093136
silva,stackexchange,0.9380410408340749
silva,2015,0.9352223585833843
silva,se,0.9344462554408552
silva,posted,0.9301721772352507
silva,practitioners,0.9257605875839853
soares,da,0.9826710722453817
soares,silva,0.9826710722453817
soares,tertiary,0.9745038269727673
soares,2014,0.9693542883478106
soares,2015,0.9517762592077122
soares,2011,0.9415897517538894
soares,10th,0.933506892647037
soares,papers,0.9242283474629908
soares,review,0.9097120473787453
soares,ceedings,0.9094216815187417
sr2,sr3,0.991026280382841
sr2,sr4,0.987985565432014
sr2,sr1,0.9857182767106221
sr2,sr,0.9668007425909524
sr2,covered,0.963186300521302
sr2,srs,0.9614940030235819
sr2,293,0.9559769004411369
sr2,ndings,0.9273503554832311
sr2,agile,0.9262133679550416
sr2,acceptance,0.9255937477311669
storey,25th,0.9514396145781103
storey,awareness,0.9494890173909079
storey,03,0.9458560879891726
storey,schneider,0.9412390478826484
storey,journal,0.9403510936271615
storey,gutwin,0.9395519951116861
storey,ieee,0.9391524590035558
storey,science,0.9373255810327614
storey,computer,0.9371948818541717
storey,german,0.9350909306186803
strategies,scrum,0.9552776671884657
strategies,agile,0.9540048491568507
strategies,covered,0.9475761898594475
strategies,ndings,0.9428324279028752
strategies,review,0.940615066129777
strategies,293,0.9395671250832416
strategies,recurrent,0.9383418331738739
strategies,sr1,0.9380757577012275
strategies,practitioners,0.936386484527749
strategies,acceptance,0.9345198879956913
ter,mr,0.9443537644398847
ter,author,0.9431876955156108
ter,mrs,0.9412492575370359
ter,subset,0.9368623654467698
ter,authors,0.9324854068647226
ter,want,0.9290640884099284
ter,unique,0.9276026483687764
ter,element,0.9258891141481598
ter,scs,0.9244765696075161
ter,query,0.9230422339474771
theories,people,0.9358435104316734
theories,major,0.9303144677919606
theories,communities,0.9299975571808486
theories,users,0.9255080300543821
theories,processes,0.9243833633376582
theories,recently,0.9240692270032795
theories,effort,0.9222465315434459
theories,developers,0.9221731253492844
theories,projects,0.9212015304549412
theories,large,0.9201448705418043
tics,check,0.9346602882610395
tics,include,0.9304977123756135
tics,types,0.9252072394292548
tics,report,0.9250595455504063
tics,elds,0.9242608472136751
tics,matching,0.9230655829512855
tics,inspection,0.9226993539142585
tics,rmed,0.9223738409016153
tics,whenever,0.9208414871613304
tics,require,0.9197820668405152
variance,normalized,0.9267898904145058
variance,features,0.9232764189179772
variance,third,0.9221316273281916
variance,performance,0.9219125899828875
variance,achieved,0.9209686997013468
variance,166,0.9209126176887736
variance,bottom,0.9188311703418575
variance,statistical,0.9171613181504632
variance,mean,0.9155473994762344
variance,estimate,0.9122937156047911
003,2003,0.9554053776254661
003,data,0.9508014125001922
003,cvs,0.9461157940728595
003,university,0.9421124062333364
003,03,0.9371017117154133
003,mining,0.9343561905299895
003,zimmermann,0.934047853649205
003,t,0.9331936235285923
003,and,0.9329591850838518
003,g,0.9328000180402519
194,183,0.9650489959907205
194,erences,0.9593405146842835
194,implementation,0.9501959066303894
194,principles,0.9457879997231937
194,programs,0.9438371368541489
194,1994,0.9385424407780625
194,shed,0.9371716053114665
194,cohesion,0.9369088431932796
194,identifying,0.9364380260600723
194,usefully,0.933674136585815
197,293,0.9657069156123326
197,conducted,0.9401807532140091
197,questions,0.938258827582745
197,v,0.9361907060576435
197,284,0.9355738993091091
197,characteristics,0.9352709890928981
197,b,0.9351825781079777
197,cover,0.9338258262057482
197,automated,0.9337571819766777
197,pair,0.9337326166445569
284,september,0.9764677187317432
284,ieee,0.9746201121529647
284,holt,0.9629031949441604
284,german,0.9596999975406106
284,03,0.9596187435701061
284,sept,0.9582898576370747
284,predicting,0.9556890631192886
284,icsm,0.9551983248527698
284,mockus,0.9533602797005136
284,hassan,0.953105944374676
317,ecr,0.9284027341064345
317,labelled,0.9129667735023289
317,eclipse,0.9068843980617652
317,places,0.9034894236375857
317,empty,0.8990069760577881
317,todo,0.8988007092374439
317,something,0.8975067430757138
317,hack,0.896995847069965
317,pam,0.8968733664619462
317,mechanism,0.8959889886460761
49,38,0.9406147664733474
49,39,0.9387023794899652
49,week,0.936452701416657
49,induce,0.9333457627304813
49,37,0.9317829747910416
49,presents,0.9300835409754036
49,mozilla,0.9276046984500023
49,xes,0.923459359616742
49,table,0.9227712997641551
49,x,0.9225219514174499
8th,papers,0.9515065017215224
8th,november,0.9428445773293063
8th,ieee,0.9409964542753153
8th,l,0.9333963809708774
8th,pdf,0.9321295372458117
8th,1997,0.9314045940454897
8th,on,0.9287032952576307
8th,k,0.9283281983694698
8th,03,0.9261793314546334
8th,journal,0.9258395787575606
91,ta,0.9537717741473106
91,mozilla,0.9519681977397239
91,x,0.9403308616073169
91,transactions,0.9387120094283702
91,murphy,0.9383126111361337
91,later,0.9378751999601025
91,semantic,0.9368354687374022
91,links,0.9341680709703221
91,link,0.9339418917360711
91,dence,0.9330840353051792
94,x,0.9505228665350305
94,transactions,0.9450847521187853
94,later,0.9446483682528362
94,mozilla,0.9444904391033359
94,applied,0.942821967468042
94,xes,0.9398565738662743
94,bug,0.9380569460267927
94,size,0.9378766222763659
94,murphy,0.9375251866525571
94,pinzger,0.9368495873108675
ab,bb,0.9999999999999998
ab,aa,0.9999999999999998
ab,cc,0.9677586052915457
ab,ee,0.9659809414525171
ab,89,0.9502780471664076
ab,cd,0.931907036934551
ab,78,0.8839057637868396
ab,12,0.8808349049171278
ab,9,0.8788889601757961
ab,ll,0.8779209771430267
acceptance,agile,0.9684926939772747
acceptance,scrum,0.9554690022403939
acceptance,effectiveness,0.9541636976159114
acceptance,sr1,0.9519896241530386
acceptance,covered,0.9507209857981915
acceptance,review,0.9474178888130769
acceptance,293,0.9449943221814819
acceptance,srs,0.9419473759650911
acceptance,sr3,0.9414551714648572
acceptance,strategies,0.9345198879956913
adopt,history,0.9580334680454282
adopt,during,0.9561672559740123
adopt,several,0.9557686830740577
adopt,applied,0.9549067771000814
adopt,time,0.9539581034889806
adopt,artifacts,0.9534715172664272
adopt,activities,0.9527780662332024
adopt,proposed,0.9524972500821962
adopt,introduction,0.9516934538585817
adopt,historical,0.9511828694117535
advanced,compare,0.933078684772922
advanced,formation,0.9294234716450555
advanced,scale,0.9281283314275932
advanced,requirements,0.9229321310038121
advanced,application,0.9199827257191096
advanced,41,0.9189910026841865
advanced,43,0.9187814231290835
advanced,familiar,0.9171162473048874
advanced,result,0.9166072184864813
advanced,sets,0.9161711001965299
affecting,opportunities,0.9673672315971303
affecting,sigma,0.9571918876003418
affecting,customer,0.9567647073578043
affecting,continuous,0.9553731175951146
affecting,six,0.9513373354000811
affecting,manufacturing,0.9510405108289993
affecting,dmaic,0.9454481452143422
affecting,defects,0.944729446026519
affecting,doing,0.934340787573072
affecting,place,0.9331315909110791
aid,describing,0.9469449776518111
aid,understanding,0.9468222987251804
aid,brie,0.9459562424263788
aid,contain,0.9437225581485615
aid,communication,0.9429372078378749
aid,view,0.9424638441858533
aid,team,0.939474261147352
aid,suggested,0.9385047055756748
aid,often,0.9383253811762953
aid,point,0.9375670801683682
ally,the,0.9094977950909635
ally,level,0.9056259171922367
ally,information,0.9044275675170232
ally,is,0.902208042643388
ally,feature,0.8998190137417448
ally,our,0.8984481252589991
ally,was,0.897848010930844
ally,of,0.8970331118701089
ally,p,0.895741884039293
ally,he,0.8942573925589774
alternative,representation,0.9370720002783459
alternative,similarity,0.9366776237935146
alternative,series,0.9365732431803147
alternative,similar,0.9306796848253907
alternative,decide,0.926641571325883
alternative,considered,0.9261481752553773
alternative,representations,0.9252282877355014
alternative,computed,0.924006084285468
alternative,distance,0.9232977204608377
alternative,original,0.9224744615805949
alternatives,clone,0.9625227042392732
alternatives,ccfinder,0.960652490565295
alternatives,abstraction,0.9543454891308505
alternatives,consistently,0.9535702974261833
alternatives,maintaining,0.9509688952023002
alternatives,clones,0.9498338089062844
alternatives,programmers,0.9494912127424022
alternatives,token,0.9488496810957703
alternatives,cloning,0.9488175910829139
alternatives,snippets,0.9483991612183279
alysis,lysis,0.9645827963869211
alysis,nalysis,0.9403513689902119
alysis,sis,0.925149628812403
alysis,5,0.9143227310066144
alysis,at,0.910757016306823
alysis,ysis,0.9069848873735986
alysis,of,0.9060286807931883
alysis,2004,0.9004669677035564
alysis,analysis,0.8973537991823126
alysis,05,0.8919762913139131
annotation,annotations,0.9549613822214265
annotation,modification,0.9504896195355861
annotation,hidden,0.9397045352240807
annotation,entity,0.9353408808365116
annotation,differencing,0.933492223644816
annotation,derive,0.9300814218878365
annotation,association,0.9299508993548518
annotation,modified,0.9283429243746322
annotation,file,0.9279499879884303
annotation,granularity,0.9274213659612768
anonymized,gnome,0.9528636881166035
anonymized,libre,0.950432243873867
anonymized,reposito,0.941395650591766
anonymized,identities,0.9255293528479868
anonymized,mailing,0.9162725591981857
anonymized,sources,0.9159870232992882
anonymized,privacy,0.9146506764483968
anonymized,veri,0.9089897516085651
anonymized,getting,0.9030547577656538
anonymized,actors,0.9020830032974195
anyone,raw,0.9244733897686148
anyone,license,0.9227475770196434
anyone,publicly,0.9212079684659876
anyone,schema,0.9196144650088882
anyone,access,0.9185157736468424
anyone,mailing,0.9182421318797619
anyone,script,0.917892427371971
anyone,download,0.9174482507354657
anyone,dumps,0.9148113468278083
anyone,forges,0.913359435194685
ar,com,0.9334984756943181
ar,developers,0.9322741474233993
ar,discuss,0.9318861325577279
ar,through,0.928836366866665
ar,although,0.9287861005578881
ar,project,0.9286927035539699
ar,projects,0.928607889027711
ar,developer,0.9285524058555401
ar,however,0.9273475040444603
ar,still,0.9267848848837736
argue,answers,0.9378913896679179
argue,solve,0.9341238029465311
argue,believe,0.9323726920746831
argue,best,0.928861561097448
argue,smith,0.9282705992316469
argue,beyond,0.9272984062364673
argue,built,0.9260868348451118
argue,help,0.9252472563870868
argue,questions,0.9234961493220549
argue,question,0.9229766550968436
arti,bsd,0.9570453868131781
arti,variants,0.9541845689058077
arti,logs,0.947654713551944
arti,variant,0.9375550284171575
arti,onto,0.9353670078521518
arti,rhdb,0.9331777433483044
arti,netbsd,0.9324923328304688
arti,freebsd,0.9278445392043027
arti,cial,0.9252690247917168
arti,sub,0.9236235165171589
assign,fixed,0.961343660972197
assign,dence,0.9606324244088761
assign,resolved,0.9562925681394558
assign,link,0.9509639246103163
assign,conditions,0.9474118193772711
assign,met,0.9464821791596372
assign,closed,0.9292203235497565
assign,later,0.928887080927296
assign,message,0.9274035568189873
assign,xed,0.9269381352075565
assurance,quality,0.9474668756726032
assurance,97,0.9427434609120928
assurance,testing,0.940546804659734
assurance,technical,0.9391043685663181
assurance,ieee,0.9390068771111131
assurance,38,0.9386886375975203
assurance,computer,0.9380927888287519
assurance,database,0.937430990028473
assurance,about,0.9368961013676933
assurance,march,0.9352877263312768
august,van,0.961972442482007
august,ieee,0.9533076487145177
august,september,0.9530288839924106
august,march,0.9517264600630814
august,03,0.9507483025424104
august,inoue,0.9462419538161994
august,gall,0.9443288949386565
august,populating,0.9442089061862282
august,kamiya,0.9435848015509243
august,1997,0.9421889972220022
begins,baz,0.9517481053565509
begins,asts,0.939141897129804
begins,matching,0.9334603069624654
begins,parallel,0.9334449363329305
begins,bodies,0.9333657483760349
begins,counter,0.9330200321881907
begins,global,0.9322800389424744
begins,old,0.9284647567091446
begins,adding,0.928012638657177
begins,bijection,0.9277831724951524
behaviour,predictors,0.9717829976986752
behaviour,outlines,0.9636788218726295
behaviour,effects,0.9538829545922154
behaviour,features,0.9471571858328464
behaviour,habits,0.9467314218526214
behaviour,student,0.9417117890626784
behaviour,students,0.9378622102263691
behaviour,statistical,0.9366233295970643
behaviour,wealth,0.9366171146053233
behaviour,submit,0.9340992643729632
bit,listed,0.9539916621201061
bit,called,0.9499446467873578
bit,sites,0.9363279308342763
bit,involved,0.9357298315976822
bit,provide,0.9344804095766797
bit,each,0.9322919804081418
bit,functionality,0.9309588347230648
bit,needs,0.9309109367275531
bit,debug,0.9300894804398658
bit,more,0.9300348312913437
branches,sity,0.9779010537472437
branches,gated,0.9741907513958825
branches,den,0.9740206000885736
branches,header,0.9660914317737055
branches,aggregate,0.9335466919433987
branches,ide,0.9206787164244616
branches,visualize,0.9197295808799691
branches,linux,0.91795169869425
branches,directory,0.9178029684286817
branches,item,0.9141352556635263
business,gqm,0.9670537066994045
business,cmmi,0.9607123104751294
business,dmaic,0.9571511161928259
business,six,0.9569104691146384
business,continuous,0.9566596364261555
business,sigma,0.9561460336968699
business,sei,0.9531310482347617
business,theory,0.948814859913613
business,opportunities,0.9466624958865391
business,organizational,0.9408171672695789
capture,project,0.9490199848344023
capture,projects,0.9479084213746466
capture,web,0.947766151618125
capture,should,0.9476992733415678
capture,research,0.9474271054001924
capture,develop,0.9460437610708996
capture,about,0.9459634520973813
capture,researchers,0.9445265846254265
capture,importance,0.9441203722042435
capture,part,0.9432265094878912
casts,instances,0.9422611382100754
casts,filter,0.9367628359714382
casts,error,0.9344754889866018
casts,called,0.9312786650858795
casts,pattern,0.9289772899224944
casts,usage,0.9271359042848266
casts,conditionally,0.9234667175963842
casts,proximity,0.9192528120409611
casts,conditional,0.9175912689046424
casts,handling,0.9166134300966634
categorize,deletion,0.9474291847738783
categorize,signature,0.9425056183398525
categorize,body,0.9418773357641765
categorize,signatures,0.9396661501009922
categorize,semantics,0.9344819247453351
categorize,observed,0.9308260265801546
categorize,taxonomy,0.9307843779911883
categorize,changed,0.929963437655754
categorize,addition,0.9291830733127215
categorize,function,0.9290797511285482
causes,has,0.9426981613008966
causes,these,0.9422109690738601
causes,patterns,0.9421450024306521
causes,been,0.9418713489737771
causes,analyzed,0.9414331611283985
causes,were,0.940118562202003
causes,need,0.9394085195941375
causes,being,0.9393096721557634
causes,early,0.93924846064306
causes,such,0.9391409442068912
certainly,outlines,0.95398054678435
certainly,wealth,0.9534275953506959
certainly,statistical,0.9504803589727537
certainly,predictors,0.9415614513996706
certainly,quantitative,0.9408092009535405
certainly,repository,0.934777467653437
certainly,course,0.934271809952702
certainly,hope,0.9328861261319132
certainly,challenge,0.9308544178342006
certainly,known,0.9290717988590554
changelog,tracking,0.9407195567355504
changelog,libre,0.9402479669465449
changelog,mailing,0.9376375584443016
changelog,applying,0.9369528557444391
changelog,cases,0.935707708501879
changelog,veri,0.9353961428082384
changelog,der,0.9345784116050562
changelog,list,0.9345116792598469
changelog,heuristics,0.9344423743722716
changelog,gnome,0.9344338096793892
characterized,researchers,0.9481635826483571
characterized,model,0.947630350935794
characterized,analyses,0.9464027996088202
characterized,designed,0.943930257260376
characterized,research,0.9416644728374091
characterized,documented,0.9416396205839728
characterized,efforts,0.9396564446253588
characterized,goals,0.9396509284151238
characterized,collection,0.9395771678557018
characterized,project,0.9391527997529125
checking,error,0.9416908682277301
checking,successful,0.9283768216021845
checking,errors,0.9231459213141454
checking,pattern,0.9208956696877806
checking,after,0.9194058699359173
checking,handling,0.9190700086003951
checking,patterns,0.9160870609177741
checking,assume,0.9150883571836514
checking,functionality,0.9147863263407886
checking,did,0.914378217591878
choices,updating,0.9519518744929778
choices,programs,0.9491522013913269
choices,evolves,0.9463531359601427
choices,dynamic,0.9440736992199339
choices,dsu,0.942689067718874
choices,quickly,0.9424100027499794
choices,syntax,0.9405824850047173
choices,interested,0.9383729134434675
choices,implementation,0.9367515705424718
choices,popular,0.9367420943689969
chose,however,0.9497628903950222
chose,team,0.9482447259436281
chose,because,0.9472485412359297
chose,many,0.9452273272813962
chose,about,0.9449294646268447
chose,but,0.9448115269808186
chose,issues,0.9445745610034872
chose,related,0.9443859686415158
chose,below,0.9442848225395934
chose,not,0.9438782711558897
clearly,way,0.9281421512870591
clearly,access,0.9241043489388305
clearly,located,0.9238586691223563
clearly,important,0.9237705031585162
clearly,must,0.9223602307991888
clearly,looking,0.9220259508016162
clearly,will,0.9201267606801533
clearly,always,0.9194195653346767
clearly,others,0.9189570994440958
clearly,useful,0.9181175234618344
closer,src,0.9527634290087356
closer,netbsd,0.9464496984433037
closer,onto,0.9452309159675818
closer,openbsd,0.9429260747888422
closer,depicted,0.9424280343139568
closer,os,0.9414567234660112
closer,freebsd,0.9405426478209555
closer,modules,0.934499754480894
closer,module,0.9285421881849216
closer,variants,0.9256641943974757
clustering,processing,0.9410618076017672
clustering,applying,0.9388603819795752
clustering,vol,0.9311840375497751
clustering,v,0.9307140858421927
clustering,under,0.9285580800300982
clustering,study,0.9274147523084133
clustering,effective,0.9272243435997021
clustering,measurement,0.9270720252667863
clustering,measures,0.9266658799250629
clustering,ieee,0.9261573742938631
collects,infrastructure,0.94406136762168
collects,snapshots,0.9406142630616556
collects,repository,0.9394726862182029
collects,reports,0.9391403841254546
collects,made,0.9387736197009702
collects,database,0.9366987132821345
collects,about,0.9359522547884508
collects,various,0.9355049746372772
collects,science,0.9353008491864352
collects,computer,0.9348681846567528
conclude,implemented,0.9474992353512296
conclude,releases,0.9472057477982603
conclude,change,0.9445621868908571
conclude,future,0.9439327183028248
conclude,current,0.9418294313693926
conclude,such,0.9416486775868482
conclude,discuss,0.940836972736396
conclude,analyze,0.9406778718423205
conclude,further,0.9405606747200423
conclude,describe,0.9401348616619222
conservative,motion,0.9682161450219127
conservative,agged,0.9682161450219127
conservative,indication,0.9637169620170514
conservative,preserving,0.9508097314431703
conservative,bijection,0.9462042076453102
conservative,deletions,0.9453429040914733
conservative,assumption,0.9435795730833102
conservative,body,0.9392031649765931
conservative,renamings,0.938258485698363
conservative,additions,0.9363526474045171
consist,co,0.9505933509762793
consist,important,0.9446355546398292
consist,tools,0.9437093327463073
consist,document,0.9432891666522977
consist,so,0.9429147149958701
consist,around,0.9427729330427657
consist,technique,0.9421932561983006
consist,gnu,0.9421051583897496
consist,need,0.9412314028527969
consist,large,0.9411812966289532
consisting,operating,0.9427500369801002
consisting,projects,0.941387902488056
consisting,000,0.9406806481338336
consisting,follows,0.9401255083959386
consisting,com,0.939986519007737
consisting,works,0.9395976804309843
consisting,among,0.9393431639083852
consisting,few,0.9390984022510039
consisting,jp,0.9378889704202666
consisting,project,0.9375374025072807
constant,ad,0.945761770234434
constant,recurrent,0.9428840702051025
constant,pair,0.9408513345381917
constant,layout,0.9350384410180297
constant,impacts,0.9323530050944078
constant,practitioners,0.92991340577206
constant,seem,0.9293721965219983
constant,focused,0.9258118612498589
constant,scrum,0.9257567961632269
constant,iv,0.9245516098608322
content,captured,0.9386082696180382
content,task,0.9310778336948383
content,intended,0.93052776467899
content,however,0.9267389791248932
content,developer,0.9247096460313975
content,consists,0.924335224951514
content,communication,0.923878485350569
content,list,0.9232598273436499
content,perform,0.9213299249757693
content,discussion,0.921158119761075
continually,kind,0.949801041342906
continually,basic,0.9437209231812173
continually,so,0.9425673234230572
continually,categories,0.9407210792918679
continually,general,0.9407119516593703
continually,will,0.9406557238629262
continually,including,0.9405999728171828
continually,these,0.9396680315456136
continually,kinds,0.9393409308654879
continually,research,0.9390731671562326
correlates,hipikat,0.9304199364585299
correlates,reports,0.9240704842896466
correlates,bug,0.9182990211015305
correlates,con,0.9179537103116011
correlates,commits,0.9176148457062678
correlates,transactions,0.9170263956899528
correlates,bugzilla,0.9170257427283106
correlates,both,0.91550272131216
correlates,across,0.9152532473743333
correlates,link,0.9152416410435873
creation,tracking,0.9479122599626191
creation,com,0.9435508318508399
creation,issues,0.9434078169525775
creation,supported,0.9399377040471912
creation,some,0.9397832104038807
creation,main,0.9391396147054207
creation,developers,0.9390779940815119
creation,performing,0.9385216510153491
creation,use,0.9379314663222228
creation,projects,0.9378877277117923
den,sity,0.9769281461455336
den,branches,0.9740206000885736
den,gated,0.9716257727670614
den,header,0.9663122095991861
den,aggregate,0.9248325995788638
den,linux,0.9208823344949728
den,dec,0.9204551865169273
den,oct,0.9192243737608601
den,ide,0.9179164191640176
den,visualize,0.9177287609503832
depending,values,0.9179199259743753
depending,last,0.9141799539913819
depending,helps,0.9121421506654663
depending,if,0.9119018911267478
depending,figure,0.9101614518637646
depending,two,0.9097175291109643
depending,us,0.9094113611212333
depending,variables,0.9093023675890013
depending,global,0.9088795163242416
depending,types,0.90769701220484
depends,com,0.9531870666173089
depends,infer,0.952181271369493
depends,contain,0.947899142760596
depends,described,0.9443112505954525
depends,developer,0.9440513389629113
depends,performing,0.9439560018247095
depends,task,0.9436362257022526
depends,discuss,0.9429754335930067
depends,some,0.9428150271931065
depends,perform,0.9405560973731882
derive,modification,0.9565421737162323
derive,underlying,0.9516086764375347
derive,pertinent,0.948713801647245
derive,granularity,0.9483459991632119
derive,market,0.9462726837518995
derive,approaches,0.9457521785061789
derive,addressed,0.9433874752978666
derive,basis,0.9433174019207211
derive,necessary,0.9432744730320446
derive,expressed,0.9416251780640557
desired,true,0.9321325276850265
desired,want,0.9232096964084098
desired,sets,0.9227058727794937
desired,ensure,0.9167583970353173
desired,trace,0.9151901731909484
desired,any,0.9124307118275554
desired,summarize,0.9124234119372339
desired,unique,0.9120525189562207
desired,space,0.9103137730379254
desired,counts,0.9092656003121451
despite,course,0.9399438436845764
despite,address,0.936432248574107
despite,cases,0.9351674386443698
despite,means,0.9324261528158881
despite,his,0.9306403893709482
despite,heuristics,0.9282686549013542
despite,second,0.9281577458154685
despite,those,0.9270381731034267
despite,any,0.9255822795855275
despite,cation,0.9250343642195455
determined,log,0.957648193560406
determined,presence,0.9518431182161498
determined,applied,0.9465023464589906
determined,several,0.9436456841768892
determined,x,0.9435492268528769
determined,taken,0.943377990724391
determined,show,0.942656034758748
determined,where,0.9419911604016855
determined,via,0.9419338141287814
determined,later,0.941860606410126
displays,root,0.9446602491790927
displays,shows,0.9329100041367373
displays,grouping,0.9312670081917334
displays,start,0.9264917422419077
displays,selected,0.9246607869093679
displays,figure,0.9234342255934289
displays,represents,0.9230352509296764
displays,lines,0.9215291415530251
displays,gives,0.9214598303730874
displays,total,0.9212769002059851
don,exception,0.9510880324411461
don,had,0.9320871310235781
don,continue,0.9319369160611681
don,reported,0.9297997512605334
don,previously,0.9277496615181218
don,adding,0.9276425561160788
don,last,0.9273122208481046
don,cantly,0.9268061288750482
don,until,0.9262531822354414
don,early,0.9261664652229842
download,raw,0.9497938236132817
download,scripts,0.9450584804207298
download,analyses,0.9412138442144019
download,publicly,0.9379075587429524
download,script,0.9351115142577753
download,license,0.9345261872497841
download,designed,0.932889305077863
download,collection,0.9318451857953738
download,store,0.9297600380092804
download,front,0.9296860134093006
ds,50,0.876211981359249
ds,with,0.8684527467189562
ds,2,0.8611214228250671
ds,added,0.8608509333754755
ds,6,0.8577017268940942
ds,30,0.8547446508384362
ds,0,0.8531211022457433
ds,1,0.8507720617763888
ds,3,0.850604843836123
ds,20,0.8484112225594787
dynamically,implementing,0.9666434916060829
dynamically,delete,0.9587258355149082
dynamically,running,0.9495846396308522
dynamically,safe,0.9487967487741613
dynamically,deletes,0.943657875278244
dynamically,updated,0.9346799328860451
dynamically,negative,0.928775028411214
dynamically,vsftpd,0.9287614083967712
dynamically,rent,0.9258696396216403
dynamically,dsu,0.9255486076571988
ects,analyzing,0.9489303378701567
ects,1994,0.9478834459293795
ects,interested,0.9457311073932586
ects,several,0.941069806741303
ects,light,0.9398763411312459
ects,variety,0.9395359178901843
ects,principles,0.9392769975817867
ects,notes,0.9392339797864397
ects,further,0.9388941943543143
ects,can,0.9387812860075195
edings,oceedings,0.9779778408524764
edings,eedings,0.9773418579865698
edings,roceedings,0.9594170272828688
edings,ceedings,0.9553709690405002
edings,dings,0.9540487432343859
edings,ngs,0.9528206730218233
edings,ational,0.9312974167088661
edings,gs,0.927294093372368
edings,ernational,0.9256823711272351
edings,tional,0.9253299884022597
education,schneider,0.9335820231296519
education,develop,0.931020545867959
education,science,0.9301674588696146
education,infrastructure,0.9295580189556332
education,liu,0.9265359997114633
education,computer,0.9233216832451054
education,technology,0.9231796235090912
education,testing,0.9218717340508468
education,opment,0.9209444702152241
education,learning,0.9203994872126986
educational,udos,0.9792323101822751
educational,idf,0.9703393042964799
educational,tf,0.9652365211164828
educational,cktf,0.9651173430602996
educational,processed,0.9650798088873356
educational,lan,0.9561600612071897
educational,concept,0.952801564072808
educational,keyword,0.9495398744891899
educational,dirent,0.9485390564800564
educational,term,0.9437450683037325
eedings,edings,0.9773418579865698
eedings,oceedings,0.9709646399078282
eedings,ceedings,0.9486824071148542
eedings,roceedings,0.9477491094008512
eedings,dings,0.9461891381042626
eedings,ngs,0.9442435537216491
eedings,ernational,0.9328907375920867
eedings,ational,0.9318567314730617
eedings,rnational,0.9253054226538848
eedings,tional,0.9248316435652888
effect,processing,0.9430852986546769
effect,application,0.9410447471462238
effect,effects,0.9396831907104837
effect,factors,0.9371739961058299
effect,time,0.936659874167804
effect,results,0.935675113224596
effect,scale,0.9342757138067512
effect,must,0.9333358078641172
effect,compare,0.933320564036203
effect,measures,0.9328366332299627
effectively,forms,0.9352452504898935
effectively,structured,0.9344717730343131
effectively,potential,0.9344013923366263
effectively,organized,0.9325996059635692
effectively,important,0.9308523849640707
effectively,web,0.930467969870511
effectively,discussion,0.9297818141273193
effectively,email,0.9291870441926797
effectively,become,0.9279843003418977
effectively,dif,0.9271261235396359
emails,perceived,0.9870647032934237
emails,reside,0.9828202813485374
emails,informal,0.9463414023886239
emails,awb,0.9433370982195302
emails,request,0.939268982364002
emails,task,0.9390910842135567
emails,communication,0.9389253828632903
emails,codebase,0.9374898986867563
emails,joan,0.9345277438724466
emails,suggested,0.9323306098950821
employ,because,0.9454644237131227
employ,informa,0.9450612366498042
employ,programmers,0.9422857166718874
employ,often,0.9398935228579954
employ,built,0.9396403553189239
employ,especially,0.9393294175759664
employ,still,0.9391651712372674
employ,programmer,0.9382238238971643
employ,many,0.9378675477767543
employ,uses,0.9377205998269316
engineer,smells,0.9822793173805344
engineer,smell,0.9653383776743829
engineer,evolvability,0.9648916222645667
engineer,spot,0.9626717264183328
engineer,viewing,0.955209754041612
engineer,couplings,0.95383876781913
engineer,fowler,0.9530487610462207
engineer,spots,0.9528206321449942
engineer,vague,0.9515990756859118
engineer,refactorings,0.9511763909351143
ensures,late,0.9162664966453908
ensures,count,0.9154528705194005
ensures,ap,0.9138674758066903
ensures,old,0.9075980808082846
ensures,sf,0.9062657880669762
ensures,algorithm,0.9059770535883189
ensures,form,0.90391436969207
ensures,detect,0.901851032387025
ensures,names,0.9017866656679012
ensures,generation,0.9017360820178091
establish,factors,0.9596808819826931
establish,recall,0.9576157477151452
establish,precision,0.9563206367892363
establish,affect,0.9512097021869663
establish,analyst,0.9506084896394722
establish,factor,0.9458533123218801
establish,analysts,0.9438670353186274
establish,senior,0.9429743472296073
establish,mea,0.9395055634023705
establish,expertise,0.9363406529681066
events,grouped,0.9444095385901383
events,worked,0.9395400761610155
events,window,0.9374834794432299
events,transactions,0.9344274641140982
events,sliding,0.9295143849351093
events,operations,0.9289803247542726
events,client,0.9270132602187798
events,into,0.9265557171725163
events,were,0.9251596008663405
events,record,0.9244044076862833
evo,lution,0.9817009851535232
evo,enables,0.9656857298865782
evo,refactoring,0.9568720409375702
evo,clone,0.9552502997253798
evo,maintaining,0.9513919230848127
evo,clones,0.9497403689159165
evo,tory,0.9493463577010248
evo,impose,0.947852540311751
evo,cloning,0.9466392183957233
evo,extracts,0.9459211908991749
evolutions,distortion,0.9777673516877521
evolutions,signals,0.9547729618134877
evolutions,evolving,0.950760886680818
evolutions,phenomena,0.9452717874021632
evolutions,representations,0.9434909763908004
evolutions,artifact,0.9420362453176581
evolutions,recognition,0.9349838941513877
evolutions,cepstrum,0.9318067836166362
evolutions,starting,0.930353077916322
evolutions,discovering,0.9264996033552847
existence,highly,0.9622319628493565
existence,social,0.9516621470048394
existence,networks,0.9504836134897692
existence,collected,0.9427139658463868
existence,members,0.9421280869070909
existence,network,0.9398486185863937
existence,graphmania,0.9387826656715534
existence,taking,0.9385935827405424
existence,oss,0.9367320011044589
existence,ltering,0.9367237852552568
extended,et,0.946322745762586
extended,identify,0.9442302021509533
extended,history,0.9434782095115299
extended,developed,0.9429705531264463
extended,provides,0.9421316259586067
extended,within,0.940771001576933
extended,visualization,0.9406081073950012
extended,applied,0.9405732467725471
extended,techniques,0.9405308281299709
extended,analyzing,0.9404788343039234
fall,debug,0.9407035759221032
fall,error,0.9367762864205167
fall,followed,0.9308406390804225
fall,binary,0.9288936664032831
fall,string,0.9264922215810464
fall,assume,0.9255432879999298
fall,called,0.9247288000260157
fall,handling,0.9243450344498456
fall,class,0.9236889488575115
fall,after,0.92233512425948
familiar,senior,0.963465214004612
familiar,precision,0.9581056904763301
familiar,recall,0.9577853291070144
familiar,trace,0.9575820643095931
familiar,modis,0.9566832073743985
familiar,experiment,0.9511636266409818
familiar,tracing,0.9482026506408298
familiar,analyst,0.9458930564683397
familiar,analysts,0.9448356692518438
familiar,candidate,0.943226551965411
feel,description,0.9354109975492986
feel,perform,0.9339348557973235
feel,key,0.9336616355544916
feel,requirements,0.9326971610002646
feel,etc,0.9320691198951749
feel,section,0.9316862696543402
feel,word,0.9315606633746654
feel,experiment,0.931129105377556
feel,terms,0.9311257365927479
feel,extracted,0.9307407678063468
ful,aspects,0.95093305844059
ful,science,0.9473110377561447
ful,dif,0.9435508175481793
ful,abstract,0.9429207450289954
ful,introduction,0.9420212919971496
ful,believe,0.9409139951810532
ful,maryland,0.940815896976509
ful,computer,0.9402105983748361
ful,about,0.9401321894195527
ful,higher,0.9399640768241277
gain,measure,0.9475049578025774
gain,improve,0.9472450746439174
gain,during,0.9403910845292883
gain,metrics,0.9401494260279115
gain,applied,0.9398372530188879
gain,measures,0.9393281580264026
gain,appropriate,0.9388885424272517
gain,long,0.9387246664505393
gain,time,0.9387138341933738
gain,doing,0.9385926847904152
gated,sity,0.9826768243041597
gated,branches,0.9741907513958825
gated,den,0.9716257727670614
gated,header,0.9653568533907609
gated,statistics,0.9246196236256587
gated,aggregate,0.922973587534161
gated,visualize,0.9212283019343096
gated,making,0.9207234767207455
gated,linux,0.9205174862240744
gated,elds,0.9181900051431033
grammers,impose,0.9697221540743659
grammers,clones,0.9682793358135937
grammers,maintaining,0.9652691474388773
grammers,snippets,0.9645416602833576
grammers,consistently,0.9634051191299184
grammers,clone,0.9597627032355016
grammers,cloning,0.9583293017651302
grammers,genealogy,0.956987572704427
grammers,programmers,0.9565045238855918
grammers,copied,0.9559546003059192
graves,mockus,0.9625220422380281
graves,pdf,0.9503853891736478
graves,german,0.9497966398571731
graves,management,0.9491227807822611
graves,measurement,0.9486264869826895
graves,effort,0.9481479439807826
graves,metrics,0.9470327805852492
graves,processes,0.9466629767548422
graves,six,0.9464980292422573
graves,theory,0.9446391789379065
guages,lan,0.957497280430956
guages,idf,0.9558061866966836
guages,cktf,0.9557655770176543
guages,tf,0.9551020504935299
guages,udos,0.9516407928714452
guages,natural,0.9402894455393384
guages,fat12,0.937658858371986
guages,df,0.9366343617044806
guages,term,0.9332626900435821
guages,concept,0.931975873585638
guration,management,0.9495922179308083
guration,historical,0.9487240817183706
guration,descriptors,0.9443495418921624
guration,reengineering,0.9414548544436987
guration,visualization,0.9404537075279709
guration,subject,0.9397831713933035
guration,history,0.9390152511877506
guration,artifacts,0.9388625057228744
guration,industrial,0.9380356618025718
guration,introduction,0.9378468983840034
happen,market,0.951131129710117
happen,regular,0.9359733976795559
happen,raghavan,0.9319867937059283
happen,most,0.9319413753976061
happen,examples,0.9317554726683837
happen,modified,0.9317335320967117
happen,x,0.9315940445887492
happen,further,0.9315649689272776
happen,change,0.931250886662886
happen,addressed,0.931250816661063
hat,groups,0.939581367614345
hat,set,0.9372357773306665
hat,into,0.9370871077949914
hat,each,0.9365539336039286
hat,all,0.9354732587946797
hat,does,0.9354567776938358
hat,both,0.9348505823341764
hat,then,0.9345381221556124
hat,model,0.9340180400382865
hat,are,0.9340121857422862
heavily,provide,0.9290189688641208
heavily,located,0.9262203227178499
heavily,typical,0.926124024757272
heavily,interesting,0.9250494951626911
heavily,interest,0.9249133370361535
heavily,debug,0.9243853516926104
heavily,means,0.924186295968427
heavily,practical,0.9232353921637391
heavily,build,0.9230135430645834
heavily,identified,0.9230131146449119
helping,filtering,0.9462393896332895
helping,oss,0.9417292825307739
helping,collaborative,0.9404436521255479
helping,solving,0.9371139718638564
helping,ltering,0.9313860158838991
helping,networks,0.9303173847438233
helping,cross,0.9302298115535489
helping,social,0.9247216820871627
helping,collected,0.923983041347124
helping,graphmania,0.9202580252634207
hindle,populating,0.9670582765734399
hindle,sept,0.9634448923703023
hindle,german,0.9617745670188171
hindle,softchange,0.9579774881217211
hindle,september,0.9567280711197494
hindle,ieee,0.955606685025479
hindle,03,0.9495365585189983
hindle,fischer,0.9466246673161522
hindle,284,0.9430888529196215
hindle,gall,0.9414402504125561
holt,mockus,0.9746892158330303
holt,hassan,0.9704138206186232
holt,german,0.9654708531687364
holt,284,0.9629031949441604
holt,september,0.9628036338941904
holt,ieee,0.9583210031040812
holt,visualizing,0.9539449261510274
holt,03,0.9517593770541796
holt,july,0.9515905789056887
holt,institute,0.9496020364346103
ical,cal,0.9224581456964822
ical,of,0.9141919554718363
ical,l,0.9124155619836636
ical,ty,0.9079190754180625
ical,in,0.9061856780639974
ical,n,0.9033391465190918
ical,and,0.9014977762666188
ical,study,0.9002677781545305
ical,the,0.9000287753549571
ical,ing,0.8990840456925625
identifiable,signature,0.9536720908799856
identifiable,observed,0.9501343432200302
identifiable,signatures,0.9496604619028208
identifiable,kinds,0.9489215472923554
identifiable,merging,0.9433923308440937
identifiable,ordering,0.9419411326021405
identifiable,kind,0.9409366925733
identifiable,taxonomy,0.9406009837735111
identifiable,splitting,0.9388779560199609
identifiable,subversion,0.9379130832246528
impacts,ideal,0.9438749202154784
impacts,scrum,0.9424098472513478
impacts,pair,0.9418792697744978
impacts,ad,0.9409284985129219
impacts,iv,0.9397685178860558
impacts,agile,0.93583009588923
impacts,constant,0.9323530050944078
impacts,recurrent,0.9319075142420212
impacts,layout,0.9236986987880541
impacts,seem,0.9224730883369174
import,rhdb,0.9589523603015881
import,release,0.9441611355935557
import,history,0.9435024886257201
import,cial,0.9432019204341551
import,detection,0.9397923360074247
import,historical,0.938216196389379
import,releases,0.9355856216779326
import,dependency,0.9355498778153
import,respect,0.9352370702420822
import,gall,0.9345666538507416
impose,maintaining,0.9768687754449443
impose,clone,0.974702131882057
impose,clones,0.9740347766705731
impose,genealogy,0.9717005715047773
impose,consistently,0.9701294608883938
impose,grammers,0.9697221540743659
impose,cloning,0.9674318543894769
impose,snippets,0.9647961458582621
impose,consistent,0.9629401587369643
impose,ccfinder,0.9595840506701894
improvements,smells,0.9480717083654842
improvements,couplings,0.942925594632888
improvements,spots,0.9419211717878637
improvements,enables,0.9391188177001769
improvements,spot,0.9385668544474903
improvements,parts,0.9373255946362948
improvements,viewing,0.9364669612560894
improvements,observed,0.936288236672048
improvements,industrial,0.9352247413693209
improvements,introduced,0.9338215895602442
improves,hypothesis,0.9567303225015849
improves,smith,0.9491993308323973
improves,programmers,0.9484525476328498
improves,result,0.947540840980467
improves,improving,0.944490774507452
improves,refactoring,0.943608709543784
improves,decisions,0.9421992128049246
improves,design,0.9417237325195565
improves,improve,0.941657973707744
improves,suggest,0.9415144432856153
inaccurate,natural,0.9489602693756887
inaccurate,machine,0.9446387901884705
inaccurate,experiment,0.934105389160791
inaccurate,term,0.9319808862097256
inaccurate,document,0.9308045665793656
inaccurate,algorithms,0.9303994509824272
inaccurate,extractors,0.926541720787836
inaccurate,preliminary,0.9247296078039857
inaccurate,key,0.9246119168740934
inaccurate,human,0.9217915044840188
incremental,six,0.9412007147661442
incremental,increase,0.9353888175654971
incremental,strongly,0.9341466148854387
incremental,reducing,0.9333115792927944
incremental,measurements,0.9323582708275217
incremental,continuous,0.9307252904352752
incremental,gqm,0.9278520009354589
incremental,dmaic,0.9269273250980381
incremental,execution,0.9252439675796755
incremental,defects,0.9242289470787817
indexing,kamiya,0.9626001277758494
indexing,lexical,0.9361851121030109
indexing,bsd,0.9332892647349396
indexing,variants,0.9328520061489975
indexing,platform,0.932838343832235
indexing,cial,0.9321903215893439
indexing,august,0.9272582673569585
indexing,van,0.9257195662535224
indexing,release,0.9254856554004801
indexing,detection,0.9252474722417137
inferring,comment,0.9477800674690684
inferring,contain,0.9463564256684258
inferring,task,0.9445579661479303
inferring,challenges,0.9419406146099796
inferring,point,0.9418955703934698
inferring,con,0.9397133071873918
inferring,com,0.9394407845680599
inferring,eclipse,0.9393320188285543
inferring,describe,0.9388043187798369
inferring,challenging,0.93862952174787
investigating,features,0.9587392769582483
investigating,performance,0.947371637301355
investigating,along,0.945648272455486
investigating,was,0.9442703678382347
investigating,effects,0.9415721878425413
investigating,contain,0.9395214312734914
investigating,mation,0.9385804198483312
investigating,captured,0.9385232360381954
investigating,however,0.9381041950067996
investigating,information,0.9380954376671473
ith,90,0.8450627582432719
ith,30,0.8420077729549564
ith,with,0.8406654365314737
ith,50,0.8406168989500276
ith,0,0.8389358200346996
ith,6,0.8388392501309181
ith,60,0.8377609192914238
ith,added,0.8369057073809648
ith,70,0.8363798688636221
ith,80,0.8357769813289679
largest,minute,0.9396195256269877
largest,oct,0.9384988843248652
largest,size,0.9348533976005113
largest,sions,0.9335080018668193
largest,dec,0.9324146871978118
largest,almost,0.9289319769314667
largest,ver,0.9255259352743497
largest,over,0.9254745568947691
largest,kernel,0.924508602594706
largest,100,0.9238654640695725
lifecycle,analyst,0.9493556448883844
lifecycle,affect,0.9473789604942313
lifecycle,factors,0.9451710373750511
lifecycle,right,0.9308896952796304
lifecycle,tasks,0.9289671939310831
lifecycle,expertise,0.9281511308040364
lifecycle,precision,0.9275002639521286
lifecycle,yields,0.9250521502639655
lifecycle,recall,0.9243778795660437
lifecycle,produced,0.9234302814454385
linking,matches,0.9666002663870892
linking,schema,0.9601918663005042
linking,iden,0.9569941812622458
linking,cases,0.9494728123749103
linking,persons,0.9455850349522597
linking,identities,0.9448317683151355
linking,heuristics,0.9423316220305882
linking,real,0.9411110582643842
linking,address,0.9397216630646019
linking,access,0.939214885631551
lo,group,0.9381566098045677
lo,created,0.9366202748593544
lo,many,0.9363312405808368
lo,found,0.9360938256904291
lo,create,0.93580624499781
lo,all,0.9350264825823951
lo,not,0.933216940584459
lo,manually,0.9331989125846527
lo,because,0.9329796148499243
lo,least,0.9325570627490141
lowing,potential,0.9456551633204546
lowing,understanding,0.9453556559957669
lowing,terms,0.9451099439122781
lowing,tools,0.9427559649613584
lowing,areas,0.9414736829206491
lowing,key,0.9409548452973036
lowing,help,0.9407883119744906
lowing,mined,0.9406983158742084
lowing,human,0.9392427827270626
lowing,objective,0.9392267674246042
ly,5,0.8425688175952027
ly,is,0.8419700065204131
ly,y,0.8361687386292744
ly,at,0.8333035095667782
ly,the,0.8279384601858752
ly,for,0.8272796647350174
ly,and,0.8251156556657335
ly,4,0.8210229731942331
ly,other,0.82045823042147
ly,05,0.8198713072717845
lysis,alysis,0.9645827963869211
lysis,nalysis,0.9181433958659918
lysis,sis,0.8933030700304991
lysis,5,0.8869366717748586
lysis,ysis,0.8821741616259657
lysis,of,0.8802021539843503
lysis,at,0.877488929243349
lysis,2004,0.8730299140811884
lysis,analysis,0.8725967321423995
lysis,software,0.8663090179693544
mber,java,0.9745258610663554
mber,tokens,0.9726959891331804
mber,umber,0.9694704623855919
mber,plus,0.9655278943927399
mber,number,0.9472179806666194
mber,non,0.9465238061933801
mber,javadoc,0.9388177478478887
mber,3we,0.9386448829805641
mber,code,0.9203050746572881
mber,de,0.9102031123573227
met,link,0.9504812756951316
met,later,0.9485502490263349
met,assign,0.9464821791596372
met,inducing,0.9449665938863077
met,xed,0.9406461088121154
met,conditions,0.9390729942711553
met,fix,0.9376875969399603
met,x,0.9353377695670693
met,resolved,0.9343102017704348
met,mozilla,0.9303318122110418
minute,sions,0.9435010162425355
minute,largest,0.9396195256269877
minute,spent,0.9320453691420922
minute,ver,0.9306791511566563
minute,running,0.929364107477904
minute,long,0.9287344985836264
minute,versus,0.9285688050115295
minute,over,0.9282744869890607
minute,roughly,0.9260172624755305
minute,compared,0.9254985682621504
minutes,seconds,0.9418259088202174
minutes,respectively,0.9408961479101974
minutes,developed,0.9404765170651239
minutes,gcc,0.940003236092793
minutes,thus,0.9398061682421412
minutes,technique,0.9384438614090341
minutes,via,0.9379642928767074
minutes,ac,0.9377464743970708
minutes,log,0.9374964994552656
minutes,ap,0.9366155407599616
mis,stops,0.9604541285114995
mis,structurally,0.9332042351629135
mis,match,0.9304668993246538
mis,spurious,0.9290957362352256
mis,trees,0.9286235939689469
mis,type,0.927899830444111
mis,introduce,0.9186824203084992
mis,contrast,0.913946453773772
mis,tool,0.9120116954055557
mis,parse,0.9070828328581733
mo,introduction,0.9389209970398327
mo,lack,0.9370190065947639
mo,pro,0.9362097547565187
mo,hard,0.9328371689577548
mo,make,0.9322812256624182
mo,interested,0.9321975197243001
mo,computer,0.9319202842729644
mo,requires,0.9316890776769693
mo,little,0.9315510148377508
mo,advantage,0.9312990902120006
modifying,network,0.9477807476678881
modifying,few,0.9474285851802411
modifying,developers,0.9473953802667718
modifying,project,0.9444422193222842
modifying,group,0.9441360508910033
modifying,projects,0.942927072252185
modifying,social,0.9412709448057333
modifying,developer,0.9399846389167117
modifying,groups,0.9388030303259939
modifying,devel,0.9382521990570529
modis,senior,0.9707930251450534
modis,analysts,0.9619781727110519
modis,trace,0.9601692332454759
modis,familiar,0.9566832073743985
modis,recall,0.9501848163230892
modis,precision,0.949886725943608
modis,ir,0.9484277620651637
modis,candidate,0.9451292578476216
modis,tracing,0.943983595752779
modis,pilot,0.9430908825663009
moreover,method,0.9600305111514915
moreover,speci,0.9590373901574556
moreover,terms,0.9530448357860031
moreover,however,0.9526636095099053
moreover,experience,0.9521565486376677
moreover,supports,0.9519411379178444
moreover,understanding,0.9509473934686823
moreover,unfortunately,0.9509402870691949
moreover,help,0.9505121178081956
moreover,although,0.9498278456162006
motivation,index,0.9467261123292531
motivation,correct,0.937909870393805
motivation,will,0.9375475629985419
motivation,graph,0.9369814892112753
motivation,from,0.9367198864013042
motivation,can,0.9364319893807951
motivation,using,0.9362839433622822
motivation,i,0.936040042864194
motivation,are,0.9356854876809844
motivation,it,0.9356835492073509
myers,2000,0.9447740468297674
myers,detecting,0.9428258141808004
myers,predicting,0.9417890559742336
myers,design,0.9398196046728702
myers,ieee,0.9377716581425686
myers,icsm,0.9367678050772984
myers,detection,0.9352870892011128
myers,programmers,0.9351980694637196
myers,improving,0.9351578539118839
myers,history,0.9334826502869877
nalysis,alysis,0.9403513689902119
nalysis,lysis,0.9181433958659918
nalysis,analysis,0.9139690426782596
nalysis,of,0.9108910893156701
nalysis,sis,0.9065436703651211
nalysis,5,0.9057354238498556
nalysis,in,0.903931370368127
nalysis,on,0.9032461277582244
nalysis,n,0.9016668330942982
nalysis,and,0.9005076103726672
nevertheless,help,0.9517211213306622
nevertheless,related,0.9511499283484357
nevertheless,should,0.9499326725777493
nevertheless,often,0.9494881648945849
nevertheless,aspects,0.9489235665136047
nevertheless,investigate,0.9486190505563434
nevertheless,improve,0.9484317769213888
nevertheless,relevant,0.9482727731678029
nevertheless,use,0.947570530647944
nevertheless,suggest,0.9469236629856719
nges,ngs,0.9072191473294453
nges,conference,0.9042605693684254
nges,press,0.904171200683066
nges,engineering,0.9031106636293673
nges,icse,0.9026566895396533
nges,563,0.9014940872361549
nges,572,0.9000100296469628
nges,icse'04,0.8995133131094473
nges,proceedings,0.8976495449224651
nges,international,0.8972491905652951
observations,reports,0.9628357862385887
observations,across,0.9625774495076942
observations,these,0.9618395301204994
observations,state,0.9601964589888392
observations,be,0.9597928613548031
observations,project,0.9596857877217062
observations,such,0.9595991280267478
observations,about,0.9590013082837728
observations,has,0.9588261668204826
observations,their,0.9584405530891418
obvious,must,0.9489813086048436
obvious,very,0.9461035452661934
obvious,what,0.9444413416208264
obvious,preliminary,0.944027927213734
obvious,think,0.9435684964168156
obvious,find,0.9427191035574538
obvious,during,0.9413258627427199
obvious,results,0.9409790763870738
obvious,produced,0.9400998379857547
obvious,patterns,0.939615167050535
oceedings,edings,0.9779778408524764
oceedings,roceedings,0.9711383513645446
oceedings,eedings,0.9709646399078282
oceedings,ceedings,0.9633200098728836
oceedings,ngs,0.9584486552849611
oceedings,dings,0.9560477285331961
oceedings,ational,0.9466106119334827
oceedings,rnational,0.942818225325385
oceedings,nternational,0.9416348588119239
oceedings,tional,0.9409817099967732
operate,relationships,0.950729313251751
operate,authors,0.9440696554174361
operate,entities,0.9423332424882147
operate,query,0.94111615390989
operate,scs,0.9410074482056773
operate,stored,0.9389326102785112
operate,author,0.9387962479189156
operate,formally,0.9386618337958612
operate,modi,0.9378393576232247
operate,revision,0.9376319357262584
operation,table,0.942167252486235
operation,set,0.9400972702437754
operation,represented,0.9398157569920178
operation,authors,0.938957122053673
operation,client,0.9380104996868337
operation,only,0.9378693181187621
operation,entities,0.9378065238347353
operation,order,0.937771998626735
operation,modi,0.9372968625235771
operation,user,0.9367802405925711
operators,queries,0.9242149664629009
operators,scql,0.9230861260954406
operators,element,0.9230251964444507
operators,query,0.9174825156596123
operators,subsets,0.9159842048101654
operators,scss,0.9147967236800634
operators,subset,0.9127790484492948
operators,temporal,0.9092165132331445
operators,predicate,0.9042094142633872
operators,scs,0.9020955276300178
opers,devel,0.9716642730980599
opers,developer,0.9487740802352893
opers,edges,0.9480843858717058
opers,networks,0.9472785685477642
opers,role,0.9470869157176172
opers,social,0.9467670751140005
opers,developers,0.9460908876398597
opers,network,0.9444795714917685
opers,co,0.9441011450475363
opers,members,0.9405256697060247
orts,design,0.9612852537820591
orts,programmers,0.958635935464615
orts,best,0.9538278563649156
orts,detecting,0.9534261348892029
orts,history,0.953421199270037
orts,decisions,0.9532344877324637
orts,propose,0.9515624857464697
orts,refactoring,0.9513741727985976
orts,smith,0.9494805211592823
orts,soft,0.9491049852968814
ous,tool,0.9358177202433161
ous,type,0.9279066304659092
ous,cannot,0.9258517002331212
ous,variable,0.9219434683283421
ous,tions,0.9078965414826268
ous,deal,0.9050877318513895
ous,yang,0.9050344740674605
ous,delete,0.9022279445612151
ous,dele,0.9009195109965846
ous,40,0.8982357921449244
outline,underlying,0.9465243532712357
outline,answer,0.9420722845505646
outline,conclusions,0.9414714049793056
outline,approaches,0.9397577881291772
outline,techniques,0.9385193683921296
outline,finally,0.9385096075010896
outline,direction,0.9371729859685235
outline,textual,0.9369261004633114
outline,etc,0.9363765394427246
outline,discuss,0.9357386184811332
outlining,task,0.9495908280675032
outlining,tasks,0.9482806668788416
outlining,preliminary,0.9439659778601641
outlining,concern,0.9425864464341216
outlining,done,0.9398067904792258
outlining,brie,0.937596055074929
outlining,read,0.9374733728241633
outlining,point,0.9363938138759067
outlining,perform,0.9342806494840807
outlining,experimental,0.9331719512284733
packages,actual,0.9401582168761198
packages,classes,0.93955148918712
packages,uses,0.9395414201440477
packages,implemented,0.9393375785475511
packages,been,0.9376161772918593
packages,such,0.9372295610009915
packages,categories,0.937077416399114
packages,need,0.9355626595063802
packages,etc,0.9355451715768384
packages,provides,0.9354212410977768
paired,heap,0.9851415948871017
paired,heapalloc,0.9805440574554283
paired,proximity,0.9451759522240512
paired,beginpaint,0.9440001892884387
paired,endpaint,0.9440001892884387
paired,functionality,0.9347844154842645
paired,conditionally,0.9275704002389236
paired,instances,0.926763108404709
paired,handling,0.9245862390299072
paired,pattern,0.9073888818903288
parse,trees,0.9545403447640333
parse,structurally,0.9334600522366474
parse,programs,0.9332284720432811
parse,struct,0.929404763988996
parse,ladd,0.9259869509753833
parse,semantics,0.9257161483191343
parse,union,0.924419082627159
parse,pointers,0.9243106229179174
parse,erences,0.9239084180342643
parse,diff,0.923573440563414
partially,questions,0.9544000137560104
partially,answer,0.9483433246805435
partially,what,0.9440299675220214
partially,analyze,0.9436864651378756
partially,four,0.9433692576897684
partially,abstract,0.9430594007534552
partially,pro,0.9416212245159352
partially,general,0.9409656129644386
partially,question,0.940516095443338
partially,interested,0.940319410846175
perceived,emails,0.9870647032934237
perceived,reside,0.9842068226438236
perceived,informal,0.9402828342970128
perceived,task,0.9384816229993667
perceived,awb,0.9357929678760207
perceived,request,0.9347374608245288
perceived,aid,0.9339418222966187
perceived,codebase,0.9337897285020129
perceived,suggested,0.9337801539964197
perceived,communication,0.93100458371338
please,todo,0.9843918127247873
please,joan,0.9840201573634322
please,places,0.971670943570402
please,tag,0.9679149265508734
please,sue,0.9672572480264181
please,pam,0.9637573923476893
please,labelled,0.9618856403666562
please,hack,0.960966755502483
please,tags,0.9567068298988665
please,ecr,0.9545923865070338
plied,concept,0.9610454264723649
plied,pre,0.9557775574050166
plied,keywords,0.9550804180376311
plied,keyword,0.954575980028997
plied,idea,0.9541664438789305
plied,mine,0.950932835291004
plied,processed,0.9497021456664718
plied,term,0.9490210768700207
plied,concepts,0.947961952117472
plied,around,0.9478493608948606
portland,robles,0.9663361714778275
portland,free,0.9621526805827896
portland,mockus,0.9467188858975533
portland,gonzalez,0.946572070523809
portland,open,0.9464871247617648
portland,barahona,0.9455445703876314
portland,methodology,0.9423746460491693
portland,phenomenon,0.9407800631347192
portland,july,0.9362374101980424
portland,projects,0.9343014713535549
proprietary,roles,0.9569849652156561
proprietary,lpp,0.9549017003523143
proprietary,legitimate,0.9534497267696177
proprietary,participation,0.9526596443709404
proprietary,peripheral,0.9489122208172015
proprietary,kishida,0.9452338123761233
proprietary,ye,0.9452338123761233
proprietary,conventional,0.9440051624604067
proprietary,learning,0.9401820868223283
proprietary,role,0.9346890472293266
publication,analyses,0.9724732654206736
publication,collection,0.9697331692614016
publication,ossmole,0.9658041550599437
publication,comparable,0.9632431950784606
publication,academic,0.9628895959022037
publication,floss,0.9627082525840019
publication,reproducible,0.958132537973867
publication,efforts,0.9579952780891423
publication,datasets,0.9571393321006785
publication,scripts,0.9553953182540795
raghavan,differencing,0.9626752024724676
raghavan,semantic,0.956073011363179
raghavan,hassan,0.9556098918743743
raghavan,hidden,0.9552544762167261
raghavan,collard,0.9520133883712992
raghavan,via,0.9519786702633088
raghavan,addressed,0.9507857790222833
raghavan,modification,0.9504734912581029
raghavan,market,0.9496940465457583
raghavan,textual,0.9496170674122473
rapidly,prototypes,0.9620435475012767
rapidly,prototype,0.9563527040746534
rapidly,openssh,0.9490989667178593
rapidly,roughly,0.9474921959235671
rapidly,programs,0.9441250655570286
rapidly,dsu,0.939203349567012
rapidly,years,0.9387574675813977
rapidly,resulting,0.9378623746368502
rapidly,whose,0.9369696416841569
rapidly,nitions,0.936790589089606
reasonable,exactly,0.9527629036664451
reasonable,reason,0.9463375622011696
reasonable,there,0.9448070158168183
reasonable,any,0.9431227783780577
reasonable,will,0.9426569495755454
reasonable,always,0.9411401382544549
reasonable,way,0.9407446803016111
reasonable,but,0.9388034518794887
reasonable,it,0.9384827499524777
reasonable,across,0.9382091720723024
regarding,furthermore,0.9457751308271517
regarding,these,0.9453837774918425
regarding,numbers,0.9450341282720468
regarding,extracted,0.9446092740117344
regarding,time,0.9429656372712389
regarding,particular,0.9424588757736408
regarding,are,0.9412379484334106
regarding,into,0.9410135061934056
regarding,from,0.9404476936912368
regarding,can,0.9403897767108955
reliable,gather,0.9424226452125881
reliable,project,0.9420647889093834
reliable,analyses,0.9414667872951457
reliable,designed,0.9410050907475815
reliable,measures,0.9404457599875615
reliable,recent,0.940094358255424
reliable,projects,0.9392514478782121
reliable,reports,0.9391720985720629
reliable,efforts,0.9382452820217371
reliable,research,0.9381881544689025
remainder,respect,0.9410042664070937
remainder,change,0.9409768993068355
remainder,proposed,0.9407271556104573
remainder,history,0.9406439357156587
remainder,release,0.9379270018636088
remainder,dependencies,0.9368890764305282
remainder,define,0.9337945764593567
remainder,releases,0.9333369158608502
remainder,within,0.9310388218228332
remainder,common,0.9307808108091558
renam,miss,0.9812981562976322
renam,stop,0.9722960082082637
renam,renamed,0.9718666606309456
renam,mismatch,0.9599693769455637
renam,renamings,0.9552673291487447
renam,maps,0.9360521205251083
renam,bijection,0.9263033069378149
renam,ast,0.9215679402765584
renam,portion,0.9186937499219672
renam,bodies,0.9148803814304745
rep,group,0.9349546484554208
rep,erent,0.9348255089807216
rep,node,0.9343567564444606
rep,same,0.9323893241489106
rep,graph,0.9278761522618713
rep,directly,0.9263089790994958
rep,only,0.9261838416933635
rep,represented,0.926072515392663
rep,then,0.925649308917029
rep,combined,0.9251898399410323
reposito,libre,0.959484539464658
reposito,gnome,0.9458152029196052
reposito,anonymized,0.941395650591766
reposito,mailing,0.9329720197767244
reposito,identities,0.9321360725295014
reposito,actors,0.9310693226466575
reposito,der,0.9280409204440734
reposito,versioning,0.9278095245728566
reposito,identity,0.923923156074159
reposito,person,0.9229023486414665
representative,variants,0.9626586010765186
representative,dependency,0.9554718798115396
representative,dependencies,0.9528294932028689
representative,release,0.9515266797985025
representative,evolutionary,0.9514478443645655
representative,history,0.9511453588229267
representative,products,0.9505780592557148
representative,platform,0.9500218048406643
representative,bsd,0.9492457121658269
representative,logs,0.9489939332832928
reside,perceived,0.9842068226438236
reside,emails,0.9828202813485374
reside,awb,0.9441995981593259
reside,informal,0.9428902362978491
reside,codebase,0.9411515683576417
reside,task,0.9411147189940203
reside,request,0.9370497195658825
reside,joan,0.9350435689290801
reside,please,0.9330188142241784
reside,comment,0.9328771881955902
resolved,fixed,0.9835430788629848
resolved,dence,0.9640324935044928
resolved,assign,0.9562925681394558
resolved,link,0.9529529523800531
resolved,closed,0.9503795192419586
resolved,conditions,0.9409321902065644
resolved,met,0.9343102017704348
resolved,message,0.9333114818838293
resolved,xed,0.9283465248282804
resolved,later,0.9253662669722923
resource,analyses,0.9654226809871197
resource,collection,0.961527961926159
resource,publicly,0.9545800834401506
resource,researchers,0.9544742673319607
resource,designed,0.9477787405444986
resource,efforts,0.9468181687785369
resource,research,0.9460339240634879
resource,ossmole,0.944651666046176
resource,gather,0.9443109431713471
resource,floss,0.9425967079314159
retrieve,identified,0.9436335672543007
retrieve,found,0.9385068589255865
retrieve,involved,0.9379227782502346
retrieve,called,0.9378271705756576
retrieve,every,0.9373820175671219
retrieve,after,0.9357907178635851
retrieve,particular,0.935363138579548
retrieve,has,0.935141202418181
retrieve,into,0.9346608205053029
retrieve,di,0.9344987515212217
rey,approach,0.9111736084679873
rey,m,0.8934172959630101
rey,support,0.8914114755592444
rey,an,0.8891128760994607
rey,to,0.8889874587132532
rey,soft,0.8882185667165334
rey,proc,0.887638588501233
rey,through,0.886730460975949
rey,sources,0.8866687357715893
rey,com,0.886626461633735
rmed,trans,0.9383817296817629
rmed,elds,0.9304451958969238
rmed,values,0.9301025344248405
rmed,was,0.929057649712709
rmed,figure,0.927874648925266
rmed,whenever,0.9275798547291778
rmed,class,0.9263576451168702
rmed,were,0.9239203934367362
rmed,inspection,0.923910099469818
rmed,our,0.9225045605854294
roceedings,oceedings,0.9711383513645446
roceedings,edings,0.9594170272828688
roceedings,dings,0.9495814813428485
roceedings,eedings,0.9477491094008512
roceedings,ceedings,0.9421451251947202
roceedings,ngs,0.9375304602817189
roceedings,ational,0.9247348011587826
roceedings,rnational,0.9230721774156534
roceedings,nternational,0.92221836805673
roceedings,tional,0.921619799360365
runs,programs,0.9376058488641743
runs,focuses,0.9359576135885832
runs,versions,0.9294622504401526
runs,frequent,0.9265745508991785
runs,functions,0.9254889719473234
runs,implementation,0.9250385819505413
runs,semantics,0.9242380062462683
runs,variables,0.9239917450551383
runs,safe,0.9232526323815153
runs,dsu,0.9231647933314248
sample,means,0.9253665711826949
sample,search,0.9252498102775052
sample,cover,0.9239684629379976
sample,selection,0.9232748242296526
sample,evidence,0.9229535615208129
sample,selected,0.9226760500285769
sample,below,0.9213641504954839
sample,293,0.9204999554176606
sample,despite,0.9194848256169987
sample,although,0.9192543490932058
shed,usefully,0.9837926210815078
shed,cohesion,0.9796675303857995
shed,jackson,0.9727754959756443
shed,ladd,0.9705089699008176
shed,light,0.9563012166172925
shed,erences,0.9553650170100596
shed,horwitz,0.9474707582774297
shed,programs,0.9451660180164674
shed,variety,0.944159533387637
shed,implementation,0.9420730455475087
sity,gated,0.9826768243041597
sity,branches,0.9779010537472437
sity,den,0.9769281461455336
sity,header,0.9693114960238192
sity,aggregate,0.9318549600233907
sity,ide,0.9276284118702853
sity,visualize,0.9247440697780555
sity,linux,0.923104101627792
sity,making,0.9208579209600488
sity,dec,0.9207597184000299
smaller,pairs,0.9199792165664101
smaller,sets,0.9189462295544559
smaller,computed,0.9165293709361071
smaller,300,0.9125297265576662
smaller,subset,0.9119431435666118
smaller,threshold,0.9116563873929133
smaller,element,0.911587118175827
smaller,files,0.9099358032368157
smaller,similarity,0.9076097194198691
smaller,application,0.9051407278646716
spectral,cepstrum,0.989762354366095
spectral,lpc,0.9887977074785226
spectral,coefficients,0.9728702000163119
spectral,recognition,0.9715466203504382
spectral,signals,0.9695357658838581
spectral,signal,0.9643479613862175
spectral,series,0.9632103609897675
spectral,representations,0.9587161653328788
spectral,distortion,0.9535209212372869
spectral,cepstra,0.9533168061586308
spot,smells,0.9811424286094921
spot,evolvability,0.9733846659549936
spot,viewing,0.9702770700365133
spot,couplings,0.9673226940562483
spot,evolens,0.9666115349888871
spot,engineer,0.9626717264183328
spot,smell,0.959769138388423
spot,enables,0.9580718265750882
spot,refac,0.957810471308095
spot,industrial,0.950051896896724
sr3,sr2,0.991026280382841
sr3,sr1,0.9902106645604569
sr3,sr4,0.9868673869049869
sr3,covered,0.9663920222327386
sr3,sr,0.9601072579449876
sr3,srs,0.9594299211046826
sr3,293,0.9578722693449484
sr3,acceptance,0.9414551714648572
sr3,ndings,0.9348183557448735
sr3,agile,0.9290009139030004
storing,introduction,0.9517037851923716
storing,research,0.9499768748479196
storing,known,0.9491680512039237
storing,required,0.9485680925402522
storing,techniques,0.948481535091592
storing,approaches,0.9481090048794403
storing,repository,0.9465442718018671
storing,about,0.9454880251216409
storing,interest,0.9434679217506228
storing,provide,0.9434664412067384
succeed,surprising,0.9263705673621265
succeed,students,0.9090834060574058
succeed,dent,0.908572384113161
succeed,stu,0.9076721643640153
succeed,space,0.9057295709472182
succeed,correlation,0.9047849454715023
succeed,student,0.9045568415822175
succeed,third,0.9017014442154683
succeed,unit,0.9000670246350567
succeed,features,0.8997296825139468
sur,class,0.9391031073894662
sur,strong,0.9389310446043138
sur,implemented,0.9377635359623189
sur,unit,0.9360484724001277
sur,written,0.9352209873429698
sur,classes,0.9343429722714558
sur,test,0.9334292601156046
sur,lines,0.9333795286197184
sur,snapshot,0.9330131715733287
sur,were,0.9327299258164823
tems,contrast,0.9354197273979261
tems,erences,0.9321934686398536
tems,sys,0.9283130602458659
tems,programs,0.9216532157555464
tems,y,0.9210991769468663
tems,an,0.9209277893074294
tems,between,0.9207151695326273
tems,developed,0.9196542276485331
tems,elements,0.9193134328206634
tems,elds,0.9186656110502442
topic,website,0.9591752959684814
topic,focused,0.9468358437998796
topic,topics,0.945431520432444
topic,agile,0.9453255144392161
topic,effectiveness,0.9420370179944562
topic,ones,0.9357378146510857
topic,team,0.9344206452178017
topic,below,0.933950839854276
topic,srs,0.932189990334082
topic,practitioners,0.9314588091434206
tory,extracts,0.9692407890322656
tory,programmers,0.9671265416756738
tory,assist,0.9643829433860762
tory,design,0.9634155403779492
tory,refactoring,0.9612926110937869
tory,automatically,0.9591187223898945
tory,apply,0.9589593341604747
tory,decisions,0.957980747025243
tory,consider,0.9579477541904591
tory,lution,0.9568325367318663
traceable,academic,0.976274873809361
traceable,compatibility,0.9740580889885009
traceable,floss,0.9738684647424618
traceable,reproducible,0.9651569695809519
traceable,comparable,0.964196031852713
traceable,datasets,0.9598296068380417
traceable,collection,0.9581117897862372
traceable,ossmole,0.9570477980155807
traceable,analyses,0.9567881496735136
traceable,scripts,0.9530137603073647
traversal,counter,0.9604648176887827
traversal,sf,0.9596420616736997
traversal,localnamemap,0.9582353642511134
traversal,globalnamemap,0.9582353642511134
traversal,baz,0.9411973019647197
traversal,sb,0.9372886974800123
traversal,parallel,0.9285961722804548
traversal,y1,0.9271362451018965
traversal,y2,0.9271362451018965
traversal,else,0.9251531704730467
ttp,tp,0.9087253101143528
ttp,http,0.8610807968625183
ttp,www,0.8302163985443453
ttp,r,0.8204821583305306
ttp,t,0.8164769162841671
ttp,5,0.8148349846799274
ttp,and,0.8131516386491893
ttp,2004,0.8113901552168239
ttp,c,0.8113810794803351
ttp,net,0.8102365997957013
umber,java,0.9759952429524186
umber,tokens,0.9731173507741124
umber,mber,0.9694704623855919
umber,plus,0.9670918635909618
umber,non,0.9485822672287727
umber,number,0.944440415990763
umber,3we,0.9438641937873034
umber,javadoc,0.9437330986771731
umber,code,0.9142807076108977
umber,de,0.9071698800550676
unix,variants,0.9408739907397005
unix,bsd,0.9390245001898967
unix,freebsd,0.9328963471613549
unix,netbsd,0.9320897672119951
unix,logs,0.9317885362079337
unix,src,0.9307655634772288
unix,variant,0.9270102039186106
unix,openbsd,0.9239762859391472
unix,arti,0.9174399523749697
unix,linux,0.91740830324051
usefully,shed,0.9837926210815078
usefully,cohesion,0.9804181293087383
usefully,jackson,0.9696251055570901
usefully,ladd,0.9638213546385654
usefully,light,0.9539066471173692
usefully,erences,0.9524772327370423
usefully,horwitz,0.9417601670027432
usefully,variety,0.9389836214739895
usefully,notes,0.9377202568300955
usefully,interested,0.9367334396810697
vague,engineer,0.9515990756859118
vague,smells,0.9501130417055756
vague,viewing,0.9444761418184625
vague,bad,0.9394794978619924
vague,fowler,0.9363063215562731
vague,industrial,0.934713882614943
vague,spots,0.9317089694529164
vague,apply,0.9314472074217766
vague,reengineering,0.928846531932515
vague,enables,0.9279475979181857
valid,represent,0.9250443523650997
valid,those,0.9246590124310128
valid,addresses,0.9200587605362216
valid,cases,0.9190921815570898
valid,attributes,0.9190682462167672
valid,correct,0.9186912208056021
valid,extracting,0.9161964153942366
valid,serve,0.9161652687096857
valid,associated,0.9160795039827105
valid,domain,0.9158852330612786
validity,design,0.9439449497764826
validity,reuse,0.9411417755965694
validity,programmers,0.9393720514628972
validity,smith,0.9388147723867929
validity,refactoring,0.9373768947537795
validity,principle,0.9373081032264938
validity,limitations,0.9346617095992203
validity,remove,0.9340783530370587
validity,decisions,0.9335793012729872
validity,programmer,0.9333747609087834
verify,lpp,0.9680281388260457
verify,mod,0.9437185777765666
verify,peripheral,0.9415971454012161
verify,conventional,0.9403392477968884
verify,legitimate,0.936759710216275
verify,core,0.9340985497120318
verify,kishida,0.9325059195099292
verify,ye,0.9325059195099292
verify,learning,0.9322327547445253
verify,success,0.9281802057817291
versioning,mail,0.9615174328637682
versioning,username,0.9591150322888153
versioning,person,0.9502889505775168
versioning,identity,0.9501189057944381
versioning,identities,0.9482473894622595
versioning,actor,0.9446118462388522
versioning,address,0.9428179860930161
versioning,mailing,0.9401955851198025
versioning,actors,0.9376182816807308
versioning,addresses,0.9297468555432322
windows,analyzed,0.9463955916974462
windows,history,0.9438026472821703
windows,release,0.9411169076406802
windows,releases,0.9410961189453045
windows,commit,0.9403110747492932
windows,logs,0.9389227589944877
windows,requiring,0.9386404538849493
windows,distribution,0.9385390034113021
windows,different,0.9377825845402847
windows,recovery,0.9374376311846595
words30,words166,0.9941776085932945
words30,wodsdtotal,0.9905106406781599
words30,279coverage,0.9820473945863151
words30,words,0.9699729719905705
words30,57,0.9539828931326203
words30,coverage,0.9539085826582594
words30,accuracy,0.9476105067511332
words30,129,0.9386272705374116
words30,cccccgggggaaaaavvvvvresults,0.9343894592700532
words30,without,0.922403920530797
worked,window,0.9464170673463018
worked,sliding,0.9439624127170647
worked,transactions,0.9434081865611921
worked,events,0.9395400761610155
worked,database,0.9394559075783534
worked,transaction,0.9379097060754527
worked,record,0.9351041840304182
worked,multiple,0.934383041173452
worked,grouped,0.9336681138894365
worked,records,0.9325861725908
yields,affect,0.9429817109979429
yields,factors,0.9373333514330295
yields,place,0.9359756921941611
yields,right,0.9327037221447227
yields,lifecycle,0.9250521502639655
yields,gqm,0.9229905450885147
yields,goal,0.9227128460812877
yields,produced,0.9226320230707287
yields,overhead,0.9213857667608756
yields,expertise,0.9168368782445893
ying,programmers,0.956580486508706
ying,programmer,0.9489201035464465
ying,editing,0.9454284826268426
ying,snippets,0.9448472223322575
ying,paste,0.9448074960422681
ying,copied,0.940848061040696
ying,consistently,0.9391299221427775
ying,clone,0.9383352663352378
ying,automatically,0.9375941897073987
ying,cloning,0.937444344189927
